name,market_capitalization_usd,stock,country,sector,industry
apple inc,2825000000000,aapl,united states,technology,consumer electronics
microsoft corporation,2328000000000,msft,united states,technology,softwareinfrastructure
saudi arabian oil company,2297000000000,2222,saudi arabia,energy,oil & gas integrated
alphabet inc,1825000000000,goog,united states,communication services,internet content & information
amazoncom inc,1642000000000,amzn,united states,consumer discretionary,internet retail
tesla inc,1016000000000,tsla,united states,consumer discretionary,auto manufacturers
berkshire hathaway inc,798470000000,brk.a,united states,financials,financial conglomerates
nvidia corporation,660380000000,nvda,united states,technology,semiconductors
meta platforinc,617500000000,meta,united states,communication services,internet content & information
taiwan semiconductor manufacturing company limited,527890000000,2330,taiwan,technology,semiconductors
unitedhealth group incorporated,488520000000,unh,united states,healthcare,healthcare plans
visa inc,486770000000,v,united states,financials,credit services
johnson & johnson,475930000000,jnj,united states,healthcare,drug manufacturersgeneral
tencent holdings ltd,441170000000,0700,china,communication services,internet content & information
walmart inc,429050000000,wmt,united states,consumer staples,discount stores
jpmorgan chase & co,410840000000,jpm,united states,financials,banks
the procter & gamble company,384600000000,pg,united states,consumer staples,household & personal products
samsung electronics co ltd,378350000000,005930,south korea,technology,consumer electronics
lvmh moet hennessy - louis vuitton se,359260000000,mc,france,consumer discretionary,luxury goods
mastercard incorporated,358600000000,ma,united states,financials,credit services
bank of america corporation,350840000000,bac,united states,financials,banks
roche holding ag,349500000000,rog,switzerland,healthcare,drug manufacturersgeneral
exxon mobil corporation,348720000000,xom,united states,energy,oil & gas integrated
kweichow moutai co ltd,348220000000,600519,china,consumer staples,beverageswineries & distilleries
the home depot inc,321470000000,hd,united states,consumer discretionary,home improvement retail
chevron corporation,315130000000,cvx,united states,energy,oil & gas integrated
pfizer inc,300790000000,pfe,united states,healthcare,drug manufacturersgeneral
abbvie inc,294270000000,abbv,united states,healthcare,drug manufacturersgeneral
alibaba group holding limited,290400000000,9988,china,consumer discretionary,internet retail
asml holding nv,274350000000,asml,netherlands,technology,semiconductor equipment & materials
the coca-cola company,273200000000,ko,united states,consumer staples,beveragesnon-alcoholic
eli lilly and company,273010000000,lly,united states,healthcare,drug manufacturersgeneral
broadcom inc,265270000000,avgo,united states,technology,semiconductors
costco wholesale corporation,258150000000,cost,united states,consumer staples,discount stores
novo nordisk a/s,257240000000,novo.b,denmark,healthcare,biotechnology
industrial & commercial bank of china ltd,250370000000,601398,china,financials,banks
the walt disney company,247880000000,dis,united states,communication services,entertainment
pepsico inc,241050000000,pep,united states,consumer staples,beveragesnon-alcoholic
cisco systeinc,238450000000,csco,united states,technology,communication equipment
thermo fisher scientific inc,236150000000,tmo,united states,healthcare,diagnostics & research
oracle corporation,228180000000,orcl,united states,technology,softwareinfrastructure
l'oreal sa,225240000000,or,france,consumer staples,household & personal products
accenture plc,219030000000,acn,ireland,technology,information technology services
comcast corporation,218900000000,cmcsa,united states,communication services,entertainment
verizon communications inc,216680000000,vz,united states,communication services,telecom services
abbott laboratories,215020000000,abt,united states,healthcare,medical devices
nike inc,213600000000,nke,united states,consumer discretionary,footwear & accessories
bhp group,211250000000,bhp,australia,basic materials,other industrial metals & mining
merck & co inc,210380000000,mrk,united states,healthcare,drug manufacturersgeneral
danaher corporation,208030000000,dhr,united states,healthcare,diagnostics & research
shell plc,207680000000,shel,united kingdom,energy,oil & gas integrated
novartis ag,204130000000,novn,switzerland,healthcare,drug manufacturersgeneral
astrazeneca plc,201750000000,azn,united kingdom,healthcare,drug manufacturersgeneral
intel corporation,201720000000,intc,united states,technology,semiconductors
wells fargo & company,200010000000,wfc,united states,financials,banks
adobe inc,199570000000,adbe,united states,technology,softwareinfrastructure
salesforcecom inc,193800000000,crm,united states,technology,softwareapplication
united parcel service inc,190500000000,ups,united states,industrials,integrated freight & logistics
china construction bank corp,189370000000,601939,china,financials,banks
mcdonald's corporation,186570000000,mcd,united states,consumer discretionary,restaurants
china merchants bank co ltd,185980000000,600036,china,financials,banks
contemporary amperex technology co ltd,185670000000,300750,china,industrials,electrical equipment & parts
union pacific corporation,184190000000,unp,united states,industrials,railroads
at&t inc,175880000000,t,united states,communication services,telecom services
qualcomm incorporated,172250000000,qcom,united states,technology,semiconductors
texas instruments incorporated,171280000000,txn,united states,technology,semiconductors
bristol-myers squibb company,170560000000,bmy,united states,healthcare,drug manufacturersgeneral
prosus nv,170000000000,prx,netherlands,communication services,internet content & information
linde plc,166070000000,lin,united kingdom,basic materials,specialty chemicals
nextera energy inc,165530000000,nee,united states,utilities,utilitiesregulated electric
agricultural bank of china ltd,165000000000,601288,china,financials,banks
t-mobile us inc,164310000000,tmus,united states,communication services,telecom services
morgan stanley,164050000000,ms,united states,financials,capital markets
netflix inc,163190000000,nflx,united states,communication services,entertainment
royal bank of canada,159740000000,ry,canada,financials,banks
the charles schwab corporation,158060000000,schw,united states,financials,capital markets
philip morris international inc,154710000000,pm,united states,consumer staples,tobacco
medtronic plc,151060000000,mdt,ireland,healthcare,medical devices
raytheon technologies corporation,150960000000,rtx,united states,industrials,aerospace & defense
american express company,150760000000,axp,united states,financials,credit services
hermes international sca,148980000000,rms,france,consumer discretionary,luxury goods
toronto-dominion bank,145410000000,td,canada,financials,banks
petrochina company limited,144500000000,601857,china,energy,oil & gas integrated
commonwealth bank of australia,144320000000,cba,australia,financials,banks
lowe's companies inc,143770000000,low,united states,consumer discretionary,home improvement retail
amgen inc,141720000000,amgn,united states,healthcare,drug manufacturersgeneral
bank of china ltd,141220000000,601988,china,financials,banks
hsbc holdings plc,140150000000,hsba,united kingdom,financials,banks
china mobile ltd,139300000000,0941,hong kong,communication services,telecom services
totalenergies se,137500000000,tte,france,energy,oil & gas integrated
honeywell international inc,136480000000,hon,united states,industrials,specialty industrial machinery
conocophillips,136320000000,cop,united states,energy,oil & gas e&p
cvs health corporation,135270000000,cvs,united states,healthcare,healthcare plans
ping an insurance group company of china ltd,134250000000,601318,china,financials,insurancelife
sap se,134190000000,sap,germany,technology,softwareapplication
paypal holdings inc,133920000000,pypl,united states,financials,credit services
sanofi,132290000000,san,france,healthcare,drug manufacturersgeneral
deere & company,130310000000,de,united states,industrials,farm & heavy construction machinery
advanced micro devices inc,128290000000,amd,united states,technology,semiconductors
intuit inc,126770000000,intu,united states,technology,softwareapplication
sony group corporation,126640000000,6758,japan,technology,consumer electronics
rio tinto group,125840000000,rio,united kingdom,basic materials,other industrial metals & mining
aia group ltd,125160000000,1299,hong kong,financials,insurancelife
lockheed martin corporation,124980000000,lmt,united states,industrials,aerospace & defense
caterpillar inc,124130000000,cat,united states,industrials,farm & heavy construction machinery
anheuser-busch inbev sa/nv,123590000000,abi,belgium,consumer staples,beveragesbrewers
equinor asa,122740000000,eqnr,norway,energy,oil & gas integrated
christian dior se,122110000000,cdi,france,consumer discretionary,luxury goods
prologis inc,121200000000,pld,united states,real estate,reitindustrial
applied materials inc,121120000000,amat,united states,technology,semiconductor equipment & materials
anthem inc,119800000000,antm,united states,healthcare,healthcare plans
international business machines corporation,119200000000,ibm,united states,technology,information technology services
unilever plc,117840000000,ulvr,united kingdom,consumer staples,household & personal products
blackrock inc,115980000000,blk,united states,financials,asset management
hdfc bank limited,115680000000,hdb,india,financials,banks
diageo plc,115580000000,dge,united kingdom,consumer staples,beverageswineries & distilleries
american tower corporation reit,115110000000,amt,united states,real estate,reitspecialty
siemens ag,114660000000,sie,germany,industrials,specialty industrial machinery
meituan,114280000000,3690,china,consumer discretionary,internet retail
keyence corp,113200000000,6861,japan,technology,scientific & technical instruments
the goldman sachs group inc,112710000000,gs,united states,financials,capital markets
transurban group,110790000000,tcl,australia,industrials,infrastructure operations
industria de diseno textil sa,110650000000,itx,spain,consumer discretionary,apparel retail
the boeing company,110460000000,ba,united states,industrials,aerospace & defense
glaxosmithkline plc,109980000000,gsk,united kingdom,healthcare,drug manufacturersgeneral
citigroup inc,109560000000,c,united states,financials,banks
volkswagen ag,108630000000,vow3,germany,consumer discretionary,auto manufacturers
starbucks corporation,108190000000,sbux,united states,consumer discretionary,restaurants
vale sa,107990000000,vale3,brazil,basic materials,other industrial metals & mining
servicenow inc,107990000000,now,united states,technology,softwareapplication
target corporation,106890000000,tgt,united states,consumer staples,discount stores
infosys limited,106770000000,infy,india,technology,information technology services
al rajhi banking and investment corp,106370000000,1120,saudi arabia,financials,banks
airbnb inc,105070000000,abnb,united states,communication services,internet content & information
charter communications inc,104970000000,chtr,united states,communication services,entertainment
byd co ltd,104420000000,002594,china,consumer discretionary,auto manufacturers
saudi basic industries corp,104000000000,2010,saudi arabia,basic materials,chemicals
nippon telegraph & telephone corp,103750000000,9432,japan,communication services,telecom services
altria group inc,102980000000,mo,united states,consumer staples,tobacco
british american tobacco plc,101440000000,bats,united kingdom,consumer staples,tobacco
stryker corporation,101410000000,syk,united states,healthcare,medical devices
s&p global inc,100840000000,spgi,united states,financials,financial data & stock exchanges
the estee lauder companies inc,100160000000,el,united states,consumer staples,household & personal products
general electric company,99220000000,ge,united states,industrials,specialty industrial machinery
daimler ag,98790000000,dai,germany,consumer discretionary,auto manufacturers
chubb limited,98570000000,cb,switzerland,financials,insuranceproperty & casualty
allianz se,98470000000,alv,germany,financials,insurancediversified
petroleo brasileiro sa - petrobras,98370000000,pbr,brazil,energy,oil & gas integrated
airbus se,97410000000,air,netherlands,industrials,aerospace & defense
china life insurance company limited,97310000000,lfc,china,financials,insurancelife
automatic data processing inc,96980000000,adp,united states,industrials,staffing & employment services
bp plc,96240000000,bp.,united kingdom,energy,oil & gas integrated
china shenhua energy company ltd,95340000000,601088,china,energy,thermal coal
booking holdings inc,95020000000,bkng,united states,consumer discretionary,travel services
canadian national railway company,94960000000,cnr,canada,industrials,railroads
enbridge inc,94940000000,enb,canada,energy,oil & gas midstream
schneider electric se,94340000000,su,france,industrials,specialty industrial machinery
deutsche telekom ag,93010000000,dte,germany,communication services,telecom services
merck kommanditgesellschaft auf aktien,90740000000,mrk,germany,healthcare,drug manufacturersspecialty & generic
mondelez international inc,90670000000,mdlz,united states,consumer staples,confectioners
jdcom inc,90460000000,9618,china,consumer discretionary,internet retail
vulcan international corp,90340000000,vulc,united states,basic materials,chemicals
zoetis inc,89820000000,zts,united states,healthcare,drug manufacturersspecialty & generic
csl limited,89690000000,csl,australia,healthcare,biotechnology
3m company,88770000000,mmm,united states,industrials,specialty industrial machinery
duke energy corporation,88760000000,duk,united states,utilities,utilitiesregulated electric
bank of nova scotia,87760000000,bns,canada,financials,banks
the blackstone group inc,87640000000,bx,united states,financials,asset management
brookfield asset management inc,87460000000,bam.a,canada,financials,asset management
glencore plc,87310000000,glen,switzerland,basic materials,other industrial metals & mining
cme group inc,87170000000,cme,united states,financials,financial data & stock exchanges
marsh & mclennan companies inc,87160000000,mmc,united states,financials,insurance brokers
micron technology inc,86490000000,mu,united states,technology,semiconductors
mitsubishi ufj financial group inc,85030000000,8306,japan,financials,banks
cigna corporation,84670000000,ci,united states,healthcare,healthcare plans
shopify inc,83800000000,shop,canada,technology,softwareapplication
air liquide sa,83240000000,ai,france,basic materials,chemicals
hca healthcare inc,82600000000,hca,united states,healthcare,medical care facilities
national australia bank limited,81030000000,nab,australia,financials,banks
crown castle international corp reit,80920000000,cci,united states,real estate,reitspecialty
essilorluxottica sa,80490000000,el,france,healthcare,medical instruments & supplies
us bancorp,80160000000,usb,united states,financials,banks
tokyo electron ltd,79620000000,8035,japan,technology,semiconductor equipment & materials
bank of montreal,79220000000,bmo,canada,financials,banks
kering sa,78660000000,ker,france,consumer discretionary,luxury goods
china yangtze power co ltd,78420000000,600900,china,utilities,utilitiesindependent power producers
china petroleum & chemical corporation,78390000000,600028,china,energy,oil & gas integrated
the southern company,78380000000,so,united states,utilities,utilitiesregulated electric
lam research corporation,77600000000,lrcx,united states,technology,semiconductor equipment & materials
the pnc financial services group inc,77100000000,pnc,united states,financials,banks
becton dickinson and company,76980000000,bdx,united states,healthcare,medical instruments & supplies
gilead sciences inc,76150000000,gild,united states,healthcare,drug manufacturersgeneral
regeneron pharmaceuticals inc,74910000000,regn,united states,healthcare,biotechnology
truist financial corporation,74790000000,tfc,united states,financials,banks
canadian natural resources limited,74780000000,cnq,canada,energy,oil & gas e&p
intercontinental exchange inc,74170000000,ice,united states,financials,financial data & stock exchanges
the tjx companies inc,73990000000,tjx,united states,consumer discretionary,apparel retail
atlassian corporation plc,73720000000,team,australia,technology,softwareapplication
zurich insurance group ag,73580000000,zurn,switzerland,financials,insurancediversified
edwards lifesciences corporation,73380000000,ew,united states,healthcare,medical devices
aon plc,73330000000,aon,united kingdom,financials,insurance brokers
northrop grumman corporation,73250000000,noc,united states,industrials,aerospace & defense
kddi corp,73120000000,9433,japan,communication services,telecom services
norfolk southern corporation,72310000000,nsc,united states,industrials,railroads
freeport-mcmoran inc,72160000000,fcx,united states,basic materials,copper
wal-mart de mexico sab de cv,71960000000,walmex,mexico,consumer staples,discount stores
pt bank central asia tbk,71910000000,bbca,indonesia,financials,banks
eog resources inc,71900000000,eog,united states,energy,oil & gas e&p
siemens healthineers ag,71500000000,shl,germany,healthcare,diagnostics & research
anglo american plc,71480000000,aal,united kingdom,basic materials,other industrial metals & mining
moderna inc,70810000000,mrna,united states,healthcare,biotechnology
general dynamics corporation,70550000000,gd,united states,industrials,aerospace & defense
axa sa,70200000000,cs,france,financials,insurancediversified
dominion energy inc,70200000000,d,united states,utilities,utilitiesdiversified
enel spa,70150000000,enel,italy,utilities,utilitiesdiversified
bnp paribas sa,69900000000,bnp,france,financials,banks
america movil sab de cv,69450000000,amxa,mexico,communication services,telecom services
public storage,69310000000,psa,united states,real estate,reitindustrial
ubs group ag,68930000000,ubsg,switzerland,financials,banks
sberbank of russia pjsc,68690000000,sber,russia,financials,banks
fiserv inc,68680000000,fisv,united states,technology,information technology services
iberdrola sa,68230000000,ibe,spain,utilities,utilitiesdiversified
recruit holdings co ltd,68110000000,6098,japan,industrials,staffing & employment services
bayer ag,68090000000,bayn,germany,healthcare,drug manufacturersgeneral
the sherwin-williacompany,67540000000,shw,united states,basic materials,specialty chemicals
vertex pharmaceuticals incorporated,67490000000,vrtx,united states,healthcare,biotechnology
illinois tool works inc,67490000000,itw,united states,industrials,specialty industrial machinery
the progressive corporation,67310000000,pgr,united states,financials,insuranceproperty & casualty
westpac banking corporation,67200000000,wbc,australia,financials,banks
abb ltd,67190000000,abbn,switzerland,industrials,electrical equipment & parts
waste management inc,66950000000,wm,united states,industrials,waste management
industrial bank co ltd,66870000000,601166,china,financials,banks
dbs group holdings ltd,66740000000,d05,singapore,financials,banks
icici bank limited,66620000000,ibn,india,financials,banks
equinix inc reit,66350000000,eqix,united states,real estate,reitspecialty
newmont corporation,65890000000,nem,united states,basic materials,gold
ford motor company,65740000000,f,united states,consumer discretionary,auto manufacturers
colgate-palmolive company,65640000000,cl,united states,consumer staples,household & personal products
exelon corporation,65530000000,exc,united states,utilities,utilitiesdiversified
snowflake inc,65040000000,snow,united states,technology,softwareapplication
oriental land co ltd,64660000000,4661,japan,consumer discretionary,leisure
sk hynix inc,64600000000,000660,south korea,technology,semiconductors
ap moller - maersk a-s,64400000000,maersk.b,denmark,industrials,marine shipping
shin-etsu chemical co ltd,63430000000,4063,japan,basic materials,chemicals
fedex corporation,63250000000,fdx,united states,industrials,integrated freight & logistics
boston scientific corporation,63080000000,bsx,united states,healthcare,medical devices
pacificorp,62870000000,ppwlm,united states,utilities,utilitiesdiversified
dassault systemes se,62750000000,dsy,france,technology,softwareapplication
metlife inc,62690000000,met,united states,financials,insurancelife
general motors company,62690000000,gm,united states,consumer discretionary,auto manufacturers
sea limited,62660000000,se,singapore,communication services,electronic gaming & multimedia
uber technologies inc,62660000000,uber,united states,technology,softwareapplication
moody's corporation,62580000000,mco,united states,financials,financial data & stock exchanges
nintendo co ltd,62200000000,7974,japan,communication services,electronic gaming & multimedia
pioneer natural resources company,62190000000,pxd,united states,energy,oil & gas e&p
eaton corporation plc,62170000000,etn,ireland,industrials,specialty industrial machinery
analog devices inc,62000000000,adi,united states,technology,semiconductors
fidelity national information services inc,61730000000,fis,united states,technology,information technology services
banco santander sa,61670000000,san,spain,financials,banks
hapag-lloyd ag,61460000000,hlag,germany,industrials,marine shipping
adyen nv,61110000000,adyen,netherlands,technology,softwareinfrastructure
atlas copco ab,60970000000,atco.a,sweden,industrials,specialty industrial machinery
cnooc limited,60190000000,0883,hong kong,energy,oil & gas e&p
nutrien ltd,60060000000,ntr,canada,basic materials,agricultural inputs
block inc,59950000000,sq,united states,technology,softwareinfrastructure
deutsche post ag,59800000000,dpwa,germany,industrials,integrated freight & logistics
netease inc,59760000000,9999,china,communication services,internet content & information
hong kong exchanges & clearing ltd,59750000000,0388,hong kong,financials,financial data & stock exchanges
capital one financial corporation,59670000000,cof,united states,financials,credit services
emerson electric co,59660000000,emr,united states,industrials,specialty industrial machinery
palo alto networks inc,59650000000,panw,united states,technology,softwareinfrastructure
australia and new zealand banking group limited,59550000000,anz,australia,financials,banks
reckitt benckiser group plc,59530000000,rkt,united kingdom,consumer staples,household & personal products
nongfu spring co ltd,59500000000,9633,china,consumer staples,beveragesnon-alcoholic
saudi telecom company,59470000000,7010,saudi arabia,communication services,telecom services
southern copper corporation,59460000000,scco,united states,basic materials,copper
shenzhen mindray bio-medical electronics co ltd,59260000000,300760,china,healthcare,medical devices
vinci sa,59010000000,dg,france,industrials,engineering & construction
workday inc,58700000000,wday,united states,technology,softwareapplication
relx plc,58530000000,rel,united kingdom,communication services,publishing
marvell technology group ltd,58360000000,mrvl,bermuda,technology,semiconductors
air products and chemicals inc,57820000000,apd,united states,basic materials,chemicals
pernod ricard sa,57750000000,ri,france,consumer staples,beverageswineries & distilleries
schlumberger limited,57630000000,slb,united states,energy,oil & gas equipment & services
marvell technology inc,57620000000,9mw,united states,technology,semiconductors
itau unibanco holding sa,57450000000,itub,brazil,financials,banks
enterprise products partners lp,57430000000,epd,united states,energy,oil & gas midstream
foshan haitian flavouring and food company ltd,57400000000,603288,china,consumer staples,packaged foods
mitsubishi corp,57230000000,8058,japan,industrials,conglomerates
canadian imperial bank of commerce,57200000000,cm,canada,financials,banks
marriott international inc,57180000000,mar,united states,consumer discretionary,lodging
pinduoduo inc,57090000000,pdd,china,consumer discretionary,internet retail
ihs markit ltd,56940000000,info,united kingdom,industrials,consulting services
the saudi national bank,56890000000,1180,saudi arabia,financials,banks
tc energy corporation,56770000000,trp,canada,energy,oil & gas midstream
humana inc,56550000000,hum,united states,healthcare,healthcare plans
kla corporation,56480000000,klac,united states,technology,semiconductor equipment & materials
bank of communications co ltd,56380000000,601328,china,financials,banks
bayerische motoren werke ag,56170000000,bmwb,germany,consumer discretionary,auto manufacturers
macquarie group limited,55990000000,mqg,australia,financials,capital markets
national grid plc,55880000000,ng.,united kingdom,utilities,utilitiesdiversified
daikin industriesltd,55580000000,6367,japan,industrials,building products & equipment
chugai pharmaceutical co ltd,55310000000,4519,japan,healthcare,drug manufacturersgeneral
keurig pepper inc,55280000000,kdp,united states,consumer staples,beveragesnon-alcoholic
ergo science corp,55230000000,ergn,united states,industrials,staffing & employment services
softbank group corp,54930000000,9984,japan,communication services,telecom services
heineken nv,54870000000,heia,netherlands,consumer staples,beveragesbrewers
ambev sa,54690000000,abev3,brazil,consumer staples,beveragesbrewers
canadian pacific railway limited,54590000000,cp,canada,industrials,railroads
marathon petroleum corporation,54540000000,mpc,united states,energy,oil & gas refining & marketing
american international group inc,54310000000,aig,united states,financials,insurancediversified
dollar general corporation,54300000000,dg,united states,consumer staples,discount stores
fortinet inc,53860000000,ftnt,united states,technology,softwareinfrastructure
snap inc,53860000000,snap,united states,communication services,internet content & information
ferrari nv,53780000000,race,italy,consumer discretionary,auto manufacturers
lonza group ltd,53760000000,lonn,switzerland,healthcare,diagnostics & research
london stock exchange group plc,53330000000,lseg,united kingdom,financials,financial data & stock exchanges
thomson reuters corporation,53300000000,tri,canada,industrials,consulting services
basf se,52760000000,bas,germany,basic materials,chemicals
sempra energy,52470000000,sre,united states,utilities,utilitiesdiversified
occidental petroleum corporation,52300000000,oxy,united states,energy,oil & gas e&p
liberty bancshares inc oh,52300000000,lbsi,united states,financials,banks
fast retailing co ltd,52290000000,9983,japan,consumer discretionary,apparel retail
nxp semiconductors nv,52280000000,nxpi,netherlands,technology,semiconductors
xilinx inc,52190000000,xlnx,united states,technology,semiconductors
itochu corp,52190000000,8001,japan,industrials,conglomerates
eni spa,52000000000,eni,italy,energy,oil & gas integrated
stellantis nv,51800000000,stla,netherlands,consumer discretionary,auto manufacturers
bce inc,51710000000,bce,canada,communication services,telecom services
denso corp,51580000000,6902,japan,consumer discretionary,auto parts
toyota motor corporation,51550000000,7203,japan,consumer discretionary,auto manufacturers
l3harris technologies inc,51510000000,lhx,united states,industrials,aerospace & defense
agribank fcb,51490000000,agrip,united states,financials,credit services
general accident plc,51430000000,gaca,united kingdom,financials,insuranceproperty & casualty
archer-daniels-midland company,51030000000,adm,united states,consumer staples,farm products
american electric power company inc,50950000000,aep,united states,utilities,utilitiesregulated electric
fortescue metals group limited,50760000000,fmg,australia,basic materials,other industrial metals & mining
hon hai precision industry co ltd,50750000000,2317,taiwan,technology,electronic components
china tourism group duty free corp ltd,50460000000,601888,china,consumer discretionary,travel services
ecolab inc,50290000000,ecl,united states,basic materials,specialty chemicals
novatek pjsc,50190000000,nvtk,russia,energy,oil & gas e&p
synopsys inc,50180000000,snps,united states,technology,softwareinfrastructure
safran sa,50020000000,saf,france,industrials,aerospace & defense
illumina inc,49910000000,ilmn,united states,healthcare,diagnostics & research
mercadolibre inc,49830000000,meli,argentina,consumer discretionary,internet retail
roper technologies inc,49660000000,rop,united states,industrials,specialty industrial machinery
the kraft heinz company,49420000000,khc,united states,consumer staples,packaged foods
centene corporation,49320000000,cnc,united states,healthcare,healthcare plans
paychex inc,49230000000,payx,united states,industrials,staffing & employment services
honda motor co ltd,49110000000,7267,japan,consumer discretionary,auto manufacturers
hitachi ltd,48920000000,6501,japan,industrials,conglomerates
scentre group,48830000000,scg,australia,real estate,reitretail
mediatek inc,48740000000,2454,taiwan,technology,semiconductors
lululemon athletica inc,48520000000,lulu,canada,consumer discretionary,apparel retail
dow inc,48500000000,dow,united states,basic materials,chemicals
rosneft oil co pjsc,48500000000,rosn,russia,energy,oil & gas integrated
mckesson corporation,48460000000,mck,united states,healthcare,medical distribution
suncor energy inc,48270000000,su,canada,energy,oil & gas integrated
vmware inc,48170000000,vmw,united states,technology,softwareinfrastructure
johnson controls international plc,48150000000,jci,ireland,industrials,engineering & construction
o'reilly automotive inc,48140000000,orly,united states,consumer discretionary,specialty retail
grupo mexico sab de cv,48000000000,gmexicob,mexico,basic materials,other industrial metals & mining
crowdstrike holdings inc,47890000000,crwd,united states,technology,softwareinfrastructure
naspers ltd,47730000000,npn,south africa,communication services,internet content & information
autodesk inc,47690000000,adsk,united states,technology,softwareapplication
prudential financial inc,47170000000,pru,united states,financials,insurancelife
open joint stock company omz,47150000000,omzzp,russia,industrials,specialty industrial machinery
cognizant technology solutions corporation,47070000000,ctsh,united states,technology,information technology services
nucor corporation,46860000000,nue,united states,basic materials,steel
dexcom inc,46860000000,dxcm,united states,healthcare,diagnostics & research
banco bradesco sa,46710000000,bbdc3,brazil,financials,banks
nidec corp,46330000000,6594,japan,industrials,specialty industrial machinery
adidas ag,46130000000,ads1,germany,consumer discretionary,footwear & accessories
sika ag,46010000000,sika,switzerland,basic materials,specialty chemicals
baidu inc,45980000000,9888,china,communication services,internet content & information
takeda pharmaceutical company limited,45890000000,4502,japan,healthcare,drug manufacturersspecialty & generic
the hershey company,45830000000,hsy,united states,consumer staples,confectioners
amphenol corporation,45770000000,aph,united states,technology,electronic components
vanjia corp,45740000000,vnja,united states,consumer discretionary,residential construction
vodafone group plc,45740000000,vod,united kingdom,communication services,telecom services
idexx laboratories inc,45640000000,idxx,united states,healthcare,diagnostics & research
the travelers companies inc,45560000000,trv,united states,financials,insuranceproperty & casualty
infineon technologies ag,45350000000,ifxa,germany,technology,semiconductors
constellation brands inc,45210000000,stz,united states,consumer staples,beverageswineries & distilleries
datadog inc,45130000000,ddog,united states,technology,softwareapplication
mitsui & co ltd,45090000000,8031,japan,energy,oil & gas e&p
saudi arabian mining company,45000000000,1211,saudi arabia,basic materials,other industrial metals & mining
pjsc lukoil,44960000000,lkoh,russia,energy,oil & gas integrated
intesa sanpaolo spa,44950000000,isp,italy,financials,banks
te connectivity ltd,44780000000,tel,switzerland,technology,electronic components
autozone inc,44390000000,azo,united states,consumer discretionary,specialty retail
iqvia holdings inc,44320000000,iqv,united states,healthcare,diagnostics & research
cintas corporation,44320000000,ctas,united states,industrials,specialty business services
cadence design systeinc,44230000000,cdns,united states,technology,softwareapplication
chipotle mexican grill inc,44110000000,cmg,united states,consumer discretionary,restaurants
sumitomo mitsui financial group inc,44060000000,8316,japan,financials,banks
samsung biologics coltd,44010000000,207940,south korea,healthcare,biotechnology
wipro limited,43980000000,wipro,india,technology,information technology services
zijin mining group co ltd,43930000000,601899,china,basic materials,gold
hp inc,43900000000,hpq,united states,technology,computer hardware
lloyds banking group plc,43700000000,lloy,united kingdom,financials,banks
simon property group inc,43690000000,spg,united states,real estate,reitretail
aflac incorporated,43590000000,afl,united states,financials,insurancelife
barrick gold corporation,43500000000,abx,canada,basic materials,gold
murata manufacturing co ltd,43410000000,6981,japan,technology,electronic components
kinder morgan inc,43380000000,kmi,united states,energy,oil & gas midstream
kimberly-clark corporation,43210000000,kmb,united states,consumer staples,household & personal products
xiaomi corp,43100000000,1810,china,technology,consumer electronics
wesfarmers limited,43090000000,wes,australia,consumer discretionary,home improvement retail
republic services inc,42910000000,rsg,united states,industrials,waste management
hoya corp,42880000000,7741,japan,healthcare,medical instruments & supplies
yihai kerry arawana holdings co ltd,42840000000,300999,china,consumer staples,packaged foods
monster beverage corporation,42810000000,mnst,united states,consumer staples,beveragesnon-alcoholic
longi green energy technology co ltd,42680000000,601012,china,technology,semiconductor equipment & materials
corteva inc,42660000000,ctva,united states,basic materials,agricultural inputs
general mills inc,42650000000,gis,united states,consumer staples,packaged foods
seven & i holdings co ltd,42530000000,3382,japan,consumer staples,grocery stores
dsv panalpina a-s,42490000000,dsv,denmark,industrials,integrated freight & logistics
hilton worldwide holdings inc,42390000000,hlt,united states,consumer discretionary,lodging
wuxi apptec co ltd,42250000000,603259,china,healthcare,diagnostics & research
sysco corporation,42220000000,syy,united states,consumer staples,food distribution
the kroger co,42030000000,kr,united states,consumer staples,grocery stores
manulife financial corporation,41980000000,mfc,canada,financials,insurancelife
biontech se,41930000000,22ua,germany,healthcare,biotechnology
stmicroelectronics nv,41910000000,stm,switzerland,technology,semiconductors
devon energy corporation,41820000000,dvn,united states,energy,oil & gas e&p
the williacompanies inc,41600000000,wmb,united states,energy,oil & gas midstream
the allstate corporation,41540000000,all,united states,financials,insuranceproperty & casualty
hang seng bank limited,41470000000,0011,hong kong,financials,banks
valero energy corporation,41270000000,vlo,united states,energy,oil & gas refining & marketing
ing groep nv,41250000000,inga,netherlands,financials,banks
mmc norilsk nickel pjsc,41160000000,gmkn,russia,basic materials,other industrial metals & mining
motorola solutions inc,40870000000,msi,united states,technology,communication equipment
east money information coltd,40830000000,300059,china,communication services,internet content & information
the bank of new york mellon corporation,40830000000,bk,united states,financials,asset management
carrier global corporation,40790000000,carr,united states,industrials,building products & equipment
oversea-chinese banking corp ltd,40770000000,o39,singapore,financials,banks
digital realty trust inc,40640000000,dlr,united states,real estate,reitoffice
walgreens boots alliance inc,40550000000,wba,united states,healthcare,pharmaceutical retailers
agilent technologies inc,40490000000,a,united states,healthcare,diagnostics & research
global payments inc,40350000000,gpn,united states,industrials,specialty business services
citic securities company ltd,40170000000,600030,china,financials,capital markets
baxter international inc,40130000000,bax,united states,healthcare,medical instruments & supplies
boc hong kong holdings ltd,39990000000,2388,hong kong,financials,banks
msci inc,39970000000,msci,united states,financials,financial data & stock exchanges
welltower inc,39960000000,well,united states,real estate,reithealthcare facilities
xcel energy inc,39760000000,xel,united states,utilities,utilitiesregulated electric
united overseas bank ltd,39730000000,u11,singapore,financials,banks
wanhua chemical group co ltd,39730000000,600309,china,basic materials,chemicals
dupont de nemours inc,39720000000,dd,united states,basic materials,chemicals
eqt ab,39710000000,6eq,japan,financials,asset management
alimentation couche-tard inc,39560000000,atd.b,canada,consumer staples,grocery stores
ebay inc,39340000000,ebay,united states,consumer discretionary,internet retail
givaudan sa,39290000000,givn,switzerland,basic materials,specialty chemicals
novozymes a-s,39030000000,nzym.b,denmark,basic materials,chemicals
prudential plc,39000000000,pru,united kingdom,financials,insurancelife
alcon inc,38900000000,alc,switzerland,healthcare,medical instruments & supplies
ecopetrol sa,38690000000,ec,colombia,energy,oil & gas integrated
baker hughes company,38390000000,bkr,united states,energy,oil & gas equipment & services
banco bilbao vizcaya argentaria sa,38250000000,bbva,spain,financials,banks
dell technologies inc,38160000000,dell,united states,technology,computer hardware
kuaishou technology,38150000000,1024,china,communication services,broadcasting
ab volvo,38130000000,vol4,sweden,industrials,farm & heavy construction machinery
credit agricole sa,38010000000,aca,france,financials,banks
dollar tree inc,38000000000,dltr,united states,consumer staples,discount stores
sba communications corporation,37930000000,sbac,united states,real estate,reitspecialty
capgemini se,37820000000,cap,france,technology,information technology services
daiichi sankyo company ltd,37790000000,4568,japan,healthcare,drug manufacturersgeneral
compass group plc,37730000000,cpg,united kingdom,consumer discretionary,restaurants
sartorius stedim biotech sa,37550000000,dim,france,healthcare,medical instruments & supplies
pt bank rakyat indonesia persero tbk,37510000000,byra,indonesia,financials,banks
phillips 66,37510000000,psx,united states,energy,oil & gas refining & marketing
electronic arts inc,37380000000,ea,united states,communication services,electronic gaming & multimedia
trane technologies plc,37360000000,tt,ireland,industrials,specialty industrial machinery
smc corp,37080000000,6273,japan,industrials,specialty industrial machinery
parker-hannifin corporation,37050000000,ph,united states,industrials,specialty industrial machinery
tokio marine holdings inc,36990000000,8766,japan,financials,insuranceproperty & casualty
jiangsu hengrui medicine co ltd,36900000000,600276,china,healthcare,drug manufacturersgeneral
beijing-shanghai high-speed railway coltd,36900000000,601816,china,industrials,railroads
munchener ruckversicherungs-gesellschaft aktiengesellschaft in munchen,36890000000,muv2,germany,financials,insurancereinsurance
doordash inc,36740000000,dash,united states,communication services,internet content & information
shanghai pudong development bank co ltd,36720000000,600000,china,financials,banks
constellation software inc,36670000000,csu,canada,technology,softwareapplication
inner mongolia yili industrial group co ltd,36610000000,600887,china,consumer staples,packaged foods
telus corporation,36370000000,t,canada,communication services,telecom services
public service enterprise group incorporated,36280000000,peg,united states,utilities,utilitiesdiversified
transdigm group incorporated,36140000000,tdg,united states,industrials,aerospace & defense
waste connections inc,36140000000,wcn,united states,industrials,waste management
lyondellbasell industries nv,35960000000,lyb,united states,basic materials,specialty chemicals
da sa,35930000000,bn,france,consumer staples,packaged foods
cloudflare inc,35920000000,net,united states,technology,softwareinfrastructure
nio limited,35860000000,nio,china,consumer discretionary,auto manufacturers
coinbase global inc,35860000000,coin,united states,technology,softwareapplication
shanxi xinghuacun fen wine factory coltd,35840000000,600809,china,consumer staples,beverageswineries & distilleries
neste oyj,35570000000,neste,finland,energy,oil & gas refining & marketing
resmed inc,35440000000,rmd,united states,healthcare,medical instruments & supplies
experian plc,35400000000,expn,ireland,industrials,consulting services
intuitive surgical inc,35370000000,isrg,united states,healthcare,medical instruments & supplies
woolworths group limited,35330000000,wow,australia,consumer staples,grocery stores
mplx lp,35270000000,mplx,united states,energy,oil & gas midstream
telstra corporation limited,35240000000,tls,australia,communication services,telecom services
hexagon ab,35210000000,hxg,sweden,technology,scientific & technical instruments
assicurazioni generali,35200000000,g,italy,financials,insurancediversified
avalonbay communities inc,35190000000,avb,united states,real estate,reitresidential
imperial oil limited,35130000000,imo,canada,energy,oil & gas integrated
yum brands inc,35120000000,yum,united states,consumer discretionary,restaurants
sun hung kai properties ltd,35040000000,0016,hong kong,real estate,real estatedevelopment
old dominion freight line inc,34940000000,odfl,united states,industrials,trucking
cheniere energy inc,34920000000,lng,united states,energy,oil & gas midstream
consolidated edison inc,34890000000,ed,united states,utilities,utilitiesregulated electric
china citic bank corp ltd,34840000000,601998,china,financials,banks
budweiser brewing company apac ltd,34730000000,1876,hong kong,consumer staples,beveragesbrewers
arcelormittal,34660000000,mt,luxembourg,basic materials,steel
ameriprise financial inc,34640000000,amp,united states,financials,asset management
fastenal company,34580000000,fast,united states,industrials,industrial distribution
align technology inc,34490000000,algn,united states,healthcare,medical devices
verbund ag,34440000000,oew,austria,utilities,utilitiesrenewable
sydney airport limited,34400000000,syd,australia,industrials,airports & air services
verisk analytics inc,34390000000,vrsk,united states,industrials,consulting services
z holdings corp,34240000000,4689,japan,consumer discretionary,internet retail
arthur j gallagher & co,34220000000,ajg,united states,financials,insurance brokers
chongqing zhifei biological products co ltd,34130000000,300122,china,healthcare,biotechnology
equity residential,34110000000,eqr,united states,real estate,reitresidential
chunghwa telecom co ltd,34060000000,2412,taiwan,communication services,telecom services
t rowe price group inc,34010000000,trow,united states,financials,asset management
halliburton company,33950000000,hal,united states,energy,oil & gas equipment & services
tyson foods inc,33730000000,tsn,united states,consumer staples,farm products
discover financial services,33730000000,dfs,united states,financials,credit services
kuehne nagel international ag,33690000000,knin,switzerland,industrials,integrated freight & logistics
fanuc corp,33680000000,6954,japan,industrials,specialty industrial machinery
mtr corp ltd,33660000000,0066,hong kong,industrials,railroads
poly developments and holdings group co ltd,33640000000,600048,china,real estate,real estatedevelopment
kkr & co inc,33490000000,kkr,united states,financials,asset management
mizuho financial group inc,33470000000,8411,japan,financials,banks
ptt pcl,33460000000,ptt,thailand,energy,oil & gas integrated
koninklijke ahold delhaize nv,33430000000,ad,netherlands,consumer staples,grocery stores
china vanke co ltd,33350000000,000002,china,real estate,real estatedevelopment
international flavors & fragrances inc,33320000000,iff,united states,basic materials,specialty chemicals
telefonaktiebolaget lm ericsson,33290000000,eric.a,sweden,technology,communication equipment
china resources land ltd,33260000000,1109,hong kong,real estate,real estatedevelopment
zoom video communications inc,33220000000,zm,united states,communication services,telecom services
otis worldwide corporation,33090000000,otis,united states,industrials,specialty industrial machinery
sun life financial inc,33080000000,slf,canada,financials,insurancediversified
rockwell automation inc,33050000000,rok,united states,industrials,specialty industrial machinery
aptiv plc,33020000000,aptv,ireland,consumer discretionary,auto parts
cenovus energy inc,33020000000,cve,canada,energy,oil & gas integrated
deutsche borse ag,32990000000,db1,germany,financials,financial data & stock exchanges
orange sa,32840000000,ora,france,communication services,telecom services
hess corporation,32810000000,hes,united states,energy,oil & gas e&p
natwest group plc,32720000000,nwg,united kingdom,financials,banks
ross stores inc,32710000000,rost,united states,consumer discretionary,apparel retail
wec energy group inc,32540000000,wec,united states,utilities,utilitiesregulated electric
amerisourcebergen corporation,32510000000,abc,united states,healthcare,medical distribution
china overseas land & investment ltd,32490000000,0688,hong kong,real estate,real estatedevelopment
wuxi biologics,32410000000,2269,china,healthcare,biotechnology
citic ltd,32330000000,0267,hong kong,industrials,conglomerates
cellnex telecom sa,32320000000,clnx,spain,communication services,telecom services
haier smart home co ltd,32310000000,600690,china,consumer discretionary,"furnishings, fixtures & appliances"
singapore telecommunications ltd,32230000000,z74,singapore,communication services,telecom services
anta sports products ltd,32200000000,2020,china,consumer discretionary,leisure
barclays plc,32190000000,barc,united kingdom,financials,banks
brown-forman corporation,32070000000,bf.b,united states,consumer staples,beverageswineries & distilleries
weg sa,32050000000,wege3,brazil,industrials,specialty industrial machinery
paccar inc,32040000000,pcar,united states,industrials,farm & heavy construction machinery
great wall motor co ltd,32010000000,601633,china,consumer discretionary,auto manufacturers
longfor group holdings ltd,31980000000,0960,china,real estate,real estatedevelopment
japan post bank coltd,31930000000,7182,japan,financials,banks
ppg industries inc,31890000000,ppg,united states,basic materials,specialty chemicals
perusahaan perseroan persero pt telekomunikasi indonesia tbk,31780000000,tlk,indonesia,communication services,telecom services
mettler-toledo international inc,31780000000,mtd,united states,healthcare,diagnostics & research
oneok inc,31660000000,oke,united states,energy,oil & gas midstream
goodman group,31640000000,gmg,australia,real estate,reitdiversified
corning incorporated,31600000000,glw,united states,technology,electronic components
japan tobacco inc,31590000000,2914,japan,consumer staples,tobacco
foxconn industrial internet co ltd,31580000000,601138,china,technology,communication equipment
eversource energy,31560000000,es,united states,utilities,utilitiesregulated electric
china telecom corp ltd,31490000000,0728,hong kong,communication services,telecom services
crh plc,31450000000,crh,ireland,basic materials,building materials
japan post holdings co ltd,31410000000,6178,japan,financials,banks
biogen inc,31350000000,biib,united states,healthcare,drug manufacturersgeneral
swisscom ag,31260000000,scmn,switzerland,communication services,telecom services
koninklijke dsm nv,31250000000,dsm,netherlands,basic materials,specialty chemicals
formosa petrochemical corp,31220000000,6505,taiwan,energy,oil & gas refining & marketing
zhangzhou pientzehuang pharmaceutical ltd,31170000000,600436,china,healthcare,drug manufacturersgeneral
ametek inc,31150000000,ame,united states,industrials,specialty industrial machinery
eon se,31120000000,eoaa,germany,utilities,utilitiesdiversified
china pacific insurance,31040000000,601601,china,financials,insurancelife
zscaler inc,31030000000,zs,united states,technology,softwareinfrastructure
anhui conch cement company ltd,31020000000,600585,china,basic materials,building materials
franco-nevada corporation,31000000000,fnv,canada,basic materials,gold
engie sa,31000000000,engi,france,utilities,utilitiesdiversified
state street corporation,30950000000,stt,united states,financials,asset management
saic motor corp ltd,30930000000,600104,china,consumer discretionary,auto manufacturers
nokia corporation,30910000000,nokia.sek,finland,technology,communication equipment
twitter inc,30830000000,twtr,united states,communication services,internet content & information
veeva systeinc,30760000000,veev,united states,healthcare,health information services
loblaw companies limited,30700000000,l,canada,consumer staples,grocery stores
energy transfer lp,30690000000,et,united states,energy,oil & gas midstream
henkel ag & co kgaa,30530000000,hen,germany,consumer staples,household & personal products
coupang inc,30530000000,cpng,south korea,consumer discretionary,internet retail
ferguson plc,30520000000,ferg,united kingdom,industrials,industrial distribution
bae systeplc,30510000000,ba.,united kingdom,industrials,aerospace & defense
fifth third bancorp,30460000000,fitb,united states,financials,banks
cbre group inc,30450000000,cbre,united states,real estate,real estate services
american water works company inc,30430000000,awk,united states,utilities,utilitiesregulated water
fujitsu ltd,30280000000,6702,japan,technology,information technology services
west pharmaceutical services inc,30230000000,wst,united states,healthcare,medical instruments & supplies
compagnie de saint-gobain sa,30160000000,sgo,france,industrials,building products & equipment
alexandria real estate equities inc,30100000000,are,united states,real estate,reitoffice
assa abloy ab,30050000000,alz,sweden,industrials,security & protection services
cummins inc,29940000000,cmi,united states,industrials,specialty industrial machinery
vestas wind systea-s,29930000000,vws,denmark,industrials,specialty industrial machinery
riyad bank,29860000000,1010,saudi arabia,financials,banks
willis towers watson plc,29850000000,wltw,united kingdom,financials,insurance brokers
match group inc,29820000000,mtch,united states,communication services,internet content & information
kbc group nv,29810000000,kdb,belgium,financials,banks
unicredit spa,29650000000,ucg,italy,financials,banks
cathay financial holding co ltd,29580000000,2882,taiwan,financials,insurancelife
copart inc,29580000000,cprt,united states,industrials,specialty business services
spotify technology sa,29560000000,spot,luxembourg,communication services,internet content & information
nasdaq inc,29520000000,ndaq,united states,financials,financial data & stock exchanges
weyerhaeuser company,29420000000,wy,united states,real estate,reitspecialty
saudi electricity company,29420000000,5110,saudi arabia,utilities,utilitiesregulated electric
ball corporation,29400000000,bll,united states,consumer discretionary,packaging & containers
keysight technologies inc,29400000000,keys,united states,technology,scientific & technical instruments
astellas pharma inc,29220000000,4503,japan,healthcare,drug manufacturersgeneral
amadeus it group sa,29190000000,ams,spain,technology,information technology services
electricite de france sa,29170000000,edf,france,utilities,utilitiesdiversified
rogers communications inc,29130000000,rci.b,canada,communication services,telecom services
tongwei co ltd,29100000000,600438,china,consumer staples,farm products
las vegas sands corp,29070000000,lvs,united states,consumer discretionary,resorts & casinos
rwe ag,29060000000,rwe,germany,utilities,utilitiesdiversified
cosco shipping holdings co ltd,28930000000,601919,china,industrials,marine shipping
svb financial group,28910000000,sivb,united states,financials,banks
csx corporation,28900000000,csx,united states,industrials,railroads
techtronic industries company ltd,28750000000,0669,hong kong,industrials,tools & accessories
naturgy energy group sa,28710000000,ntgy,spain,utilities,utilitiesregulated gas
apa group,28550000000,apa,australia,utilities,utilitiesregulated gas
hormel foods corporation,28520000000,hrl,united states,consumer staples,packaged foods
cerner corporation,28310000000,cern,united states,healthcare,health information services
ashtead group plc,28280000000,aht,united kingdom,industrials,rental & leasing services
equifax inc,28240000000,efx,united states,industrials,consulting services
semiconductor manufacturing international corp,28240000000,688981,china,technology,semiconductors
porsche automobil holding se,28150000000,paha,germany,consumer discretionary,auto manufacturers
tesco plc,28110000000,tsco,united kingdom,consumer staples,grocery stores
sirius xm holdings inc,28050000000,siri,united states,communication services,broadcasting
airports of thailand public company ltd,28000000000,aot,thailand,industrials,airports & air services
ck hutchison holdings ltd,27940000000,0001,hong kong,industrials,conglomerates
the people's insurance company group of china ltd,27930000000,601319,china,financials,insuranceproperty & casualty
expedia group inc,27910000000,expe,united states,consumer discretionary,travel services
first republic bank,27900000000,frc,united states,financials,banks
koninklijke philips nv,27890000000,phia,netherlands,healthcare,diagnostics & research
great-west lifeco inc,27850000000,gwo,canada,financials,insurancelife
thai beverage public company ltd,27810000000,y92,thailand,consumer staples,beverageswineries & distilleries
swiss re ag,27800000000,sren,switzerland,financials,insurancereinsurance
edison international,27670000000,eix,united states,utilities,utilitiesregulated electric
wolters kluwer nv,27650000000,wkl,netherlands,communication services,publishing
on semiconductor corporation,27630000000,on,united states,technology,semiconductors
caixabank sa,27580000000,cabk,spain,financials,banks
sampo oyj,27460000000,sampo,finland,financials,insurancediversified
extra space storage inc,27370000000,exr,united states,real estate,reitindustrial
sartorius ag,27350000000,srt,germany,healthcare,medical instruments & supplies
dr horton inc,27340000000,dhi,united states,consumer discretionary,residential construction
ww grainger inc,27330000000,gww,united states,industrials,industrial distribution
nari technology co ltd,27330000000,600406,china,industrials,specialty industrial machinery
kone oyj,27290000000,knebv,finland,industrials,specialty industrial machinery
mccormick & company incorporated,27290000000,mkc,united states,consumer staples,packaged foods
ntt data corp,27260000000,9613,japan,technology,information technology services
ganfeng lithium co ltd,27250000000,002460,china,basic materials,chemicals
will semiconductor co ltd,27240000000,603501,china,technology,semiconductors
interactive brokers group inc,27220000000,ibkr,united states,financials,capital markets
gazprom neft pjsc,27140000000,sibn,russia,energy,oil & gas integrated
fubon financial holding co ltd,27130000000,2881,taiwan,financials,insurancelife
tractor supply company,27090000000,tsco,united states,consumer discretionary,specialty retail
chocoladefabriken lindt & sprungli ag,27080000000,lisn,switzerland,consumer staples,confectioners
ansys inc,26980000000,anss,united states,technology,softwareapplication
shaanxi coal industry company ltd,26950000000,601225,china,energy,thermal coal
aier eye hospital group co ltd,26950000000,300015,china,healthcare,medical care facilities
zimmer biomet holdings inc,26940000000,zbh,united states,healthcare,medical devices
bridgestone corp,26880000000,5108,japan,consumer discretionary,auto parts
evolution gaming group ab,26820000000,evo,sweden,consumer discretionary,gambling
beijing wantai biological pharmacy enterprise co ltd,26800000000,603392,china,healthcare,biotechnology
vonovia se,26780000000,vna,germany,real estate,real estate services
sandvik ab,26710000000,sand,sweden,industrials,specialty industrial machinery
cheniere energy partners lp,26680000000,cqp,united states,energy,oil & gas midstream
pg&e corporation,26660000000,pcg,united states,utilities,utilitiesregulated electric
kansas city southern,26590000000,ksu,united states,industrials,railroads
unity software inc,26560000000,u,united states,technology,softwareapplication
thales sa,26550000000,ho,france,industrials,aerospace & defense
southwest airlines co,26520000000,luv,united states,industrials,airlines
dte energy company,26410000000,dte,united states,utilities,utilitiesregulated electric
intact financial corporation,26400000000,ifc,canada,financials,insuranceproperty & casualty
deutsche bank ag,26380000000,dbk,germany,financials,banks
canon inc,26380000000,7751,japan,technology,computer hardware
lyondellbasell advanced polymers inc,26380000000,slmnp,united states,basic materials,chemicals
national bank of canada,26290000000,na,canada,financials,banks
sonova holding ag,26220000000,soon,switzerland,healthcare,medical instruments & supplies
realty income corporation,26180000000,o,united states,real estate,reitretail
china everbright bank company ltd,26130000000,601818,china,financials,banks
twilio inc,26090000000,twlo,united states,communication services,internet content & information
roblox corp,26050000000,rblx,united states,communication services,electronic gaming & multimedia
telefonica sa,26040000000,tef,spain,communication services,telecom services
central japan railway co,26000000000,9022,japan,industrials,railroads
li auto inc,25830000000,li,china,consumer discretionary,auto manufacturers
enbw energie baden-wuerttemberg ag,25820000000,ebk,germany,utilities,utilitiesdiversified
the hartford financial services group inc,25760000000,hig,united states,financials,insurancediversified
laboratory corporation of america holdings,25750000000,lh,united states,healthcare,diagnostics & research
mongodb inc,25730000000,mdb,united states,technology,softwareinfrastructure
mitsubishi electric corporation,25610000000,6503,japan,industrials,electrical equipment & parts
banco santander brasil sa,25590000000,sanb11,brazil,financials,banks
axis bank ltd,25540000000,axisbank,india,financials,banks
united rentals inc,25460000000,uri,united states,industrials,rental & leasing services
nan ya plastics corp,25410000000,1303,taiwan,basic materials,specialty chemicals
lennar corporation,25340000000,len,united states,consumer discretionary,residential construction
straumann holding ag,25310000000,stmn,switzerland,healthcare,medical instruments & supplies
clp holdings ltd,25290000000,0002,hong kong,utilities,utilitiesregulated electric
yanzhou coal mining company ltd,25260000000,600188,china,energy,thermal coal
firstenergy corp,25260000000,fe,united states,utilities,utilitiesdiversified
albemarle corporation,25250000000,alb,united states,basic materials,specialty chemicals
ck asset holdings limited,25210000000,1113,hong kong,real estate,real estatedevelopment
enphase energy inc,25200000000,enph,united states,technology,solar
legrand sa,25190000000,lr,france,industrials,specialty industrial machinery
galaxy entertainment group ltd,25170000000,0027,hong kong,consumer discretionary,resorts & casinos
skandinaviska enskilda banken ab,25150000000,seb.a,sweden,financials,banks
the mosaic company,25090000000,mos,united states,basic materials,agricultural inputs
cdw corporation,25040000000,cdw,united states,technology,information technology services
gartner inc,25030000000,it,united states,technology,information technology services
edp renovaveis sa,25010000000,edpr,spain,utilities,utilitiesrenewable
delta air lines inc,24920000000,dal,united states,industrials,airlines
palantir technologies inc,24910000000,pltr,united states,technology,softwareinfrastructure
seagen inc,24870000000,sgen,united states,healthcare,biotechnology
diamondback energy inc,24840000000,fang,united states,energy,oil & gas e&p
verisign inc,24810000000,vrsn,united states,technology,softwareinfrastructure
church & dwight co inc,24810000000,chd,united states,consumer staples,household & personal products
ameren corporation,24790000000,aee,united states,utilities,utilitiesregulated electric
china minsheng banking corp ltd,24650000000,600016,china,financials,banks
live nation entertainment inc,24610000000,lyv,united states,communication services,entertainment
woodside petroleum ltd,24600000000,wpl,australia,energy,oil & gas e&p
evergreen marine corp,24490000000,2603,taiwan,industrials,marine shipping
aena sme sa,24450000000,aena,spain,industrials,airports & air services
xpeng inc,24440000000,xpev,china,consumer discretionary,auto manufacturers
northern trust corporation,24420000000,ntrs,united states,financials,asset management
slack technologies inc,24300000000,work,united states,technology,softwareapplication
mid-america apartment communities inc,24180000000,maa,united states,real estate,reitresidential
fresenius se & co kgaa,24120000000,fre,germany,healthcare,medical care facilities
fujifilm holdings corp,24120000000,4901,japan,industrials,business equipment & supplies
bt group plc,24090000000,bt.a,united kingdom,communication services,telecom services
vulcan materials company,24080000000,vmc,united states,basic materials,building materials
epiroc ab,24080000000,3ad2,sweden,industrials,farm & heavy construction machinery
delta electronics inc,24050000000,2308,taiwan,technology,electronic components
public joint stock company polyus,24020000000,plzl,russia,basic materials,gold
schindler holding ag,24020000000,schn,switzerland,industrials,specialty industrial machinery
orix corporation,23970000000,8591,japan,financials,credit services
martin marietta materials inc,23940000000,mlm,united states,basic materials,building materials
csc financial co ltd,23940000000,601066,china,financials,capital markets
best buy co inc,23930000000,bby,united states,consumer discretionary,specialty retail
steris plc,23930000000,ste,ireland,healthcare,medical instruments & supplies
entergy corporation,23920000000,etr,united states,utilities,utilitiesdiversified
m3 inc,23890000000,2413,japan,healthcare,health information services
splunk inc,23840000000,splk,united states,technology,softwareinfrastructure
eve energy co ltd,23820000000,300014,china,industrials,electrical equipment & parts
ventas inc,23810000000,vtr,united states,real estate,reithealthcare facilities
endesa sa,23780000000,ele,spain,utilities,utilitiesregulated electric
sse plc,23730000000,sse,united kingdom,utilities,utilitiesdiversified
compagnie generale des etablissements michelin sca,23650000000,ml,france,consumer discretionary,auto parts
horizon therapeutics public limited company,23640000000,hznp,ireland,healthcare,drug manufacturersgeneral
baoshan iron & steel co ltd,23590000000,600019,china,basic materials,steel
stanley black & decker inc,23570000000,swk,united states,industrials,tools & accessories
sungrow power supply co ltd,23550000000,300274,china,industrials,electrical equipment & parts
beiersdorf ag,23510000000,bei,germany,consumer staples,household & personal products
pt bank mandiri persero tbk,23510000000,pq9,indonesia,financials,banks
first quantum minerals ltd,23470000000,fm,canada,basic materials,copper
kubota corp,23460000000,6326,japan,industrials,farm & heavy construction machinery
mtn group ltd,23450000000,mtn,south africa,communication services,telecom services
maxim integrated products inc,23440000000,mxim,united states,technology,semiconductors
rocket companies inc,23440000000,rkt,united states,financials,mortgage finance
fortis inc,23430000000,fts,canada,utilities,utilitiesregulated electric
formosa plastics corp,23420000000,1301,taiwan,basic materials,specialty chemicals
liberty broadband corporation,23400000000,lbrdk,united states,communication services,entertainment
united microelectronics corporation,23350000000,2303,taiwan,technology,semiconductors
garmin ltd,23350000000,grmn,switzerland,technology,scientific & technical instruments
huazhu group limited,23340000000,htht,china,consumer discretionary,lodging
carnival corporation & plc,23290000000,ccl,united states,consumer discretionary,travel services
sany heavy industry co ltd,23270000000,600031,china,industrials,farm & heavy construction machinery
fox corporation,23260000000,foxa,united states,communication services,broadcasting
wens foodstuff group co ltd,23200000000,300498,china,consumer staples,farm products
societe generale sa,23180000000,gle,france,financials,banks
terumo corp,23160000000,4543,japan,healthcare,medical instruments & supplies
china international capital corp ltd,23130000000,601995,china,financials,capital markets
invitation homes inc,23090000000,invh,united states,real estate,reitresidential
royalty pharma plc,23040000000,rprx,united states,healthcare,biotechnology
olympus corp,23000000000,7733,japan,healthcare,medical instruments & supplies
vf corporation,22960000000,vfc,united states,consumer discretionary,apparel manufacturing
dover corporation,22940000000,dov,united states,industrials,specialty industrial machinery
ppl corporation,22870000000,ppl,united states,utilities,utilitiesregulated electric
hengli petrochemical coltd,22860000000,600346,china,consumer discretionary,textile manufacturing
genmab a/s,22830000000,gmab,denmark,healthcare,biotechnology
sabic agri-nutrients company,22780000000,2020,saudi arabia,basic materials,agricultural inputs
heineken holding nv,22780000000,heio,netherlands,consumer staples,beveragesbrewers
east japan railway company,22780000000,9020,japan,industrials,railroads
sociedad quimica y minera de chile sa,22770000000,sqm,chile,basic materials,chemicals
eurofins scientific se,22750000000,erf,luxembourg,healthcare,diagnostics & research
panasonic corp,22730000000,6752,japan,technology,consumer electronics
ucb sa,22710000000,ucb,belgium,healthcare,biotechnology
shanghai international port,22650000000,600018,china,industrials,marine shipping
hewlett packard enterprise company,22650000000,hpe,united states,technology,communication equipment
kellogg company,22630000000,k,united states,consumer staples,packaged foods
picc property and casualty company ltd,22620000000,2328,china,financials,insuranceproperty & casualty
grupo financiero banorte sab de cv,22600000000,gfnorteo,mexico,financials,banks
komatsu ltd,22560000000,6301,japan,industrials,farm & heavy construction machinery
the hong kong and china gas company ltd,22540000000,0003,hong kong,utilities,utilitiesregulated gas
coca-cola europacific partners plc,22530000000,ccep,united kingdom,consumer staples,beveragesnon-alcoholic
essex property trust inc,22510000000,ess,united states,real estate,reitresidential
ems-chemie holding ag,22480000000,emsn,switzerland,basic materials,specialty chemicals
okta inc,22450000000,okta,united states,technology,softwareinfrastructure
china national nuclear power co ltd,22420000000,601985,china,utilities,utilitiesindependent power producers
sumitomo corp,22420000000,8053,japan,industrials,conglomerates
tata motors limited,22380000000,ttm,india,consumer discretionary,auto manufacturers
banco do brasil sa,22360000000,bbas3,brazil,financials,banks
hennes & mauritz ab,22330000000,hm.b,sweden,consumer discretionary,apparel manufacturing
bio-rad laboratories inc,22320000000,bio,united states,healthcare,medical devices
teleperformance se,22300000000,tep,france,industrials,consulting services
fomento economico mexicano sab de cv,22280000000,femsaub,mexico,consumer staples,beveragesbrewers
huntington bancshares inc,22260000000,hu3,united states,financials,banks
continental resources inc,22250000000,clr,united states,energy,oil & gas e&p
crrc corp ltd,22210000000,601766,china,industrials,railroads
skyworks solutions inc,22170000000,swks,united states,technology,semiconductors
xp inc,22160000000,xpbr31,brazil,financials,capital markets
unicharm corp,22080000000,8113,japan,consumer staples,household & personal products
zto express cayman inc,22050000000,zto,china,industrials,integrated freight & logistics
geberit ag,22030000000,gebn,switzerland,industrials,building products & equipment
toyota industries corp,21990000000,6201,japan,consumer discretionary,auto manufacturers
cincinnati financial corporation,21990000000,cinf,united states,financials,insuranceproperty & casualty
cf industries holdings inc,21950000000,cf,united states,basic materials,agricultural inputs
nibe industrier ab,21930000000,njb,sweden,industrials,building products & equipment
cnh industrial nv,21930000000,cnhi,united kingdom,industrials,farm & heavy construction machinery
huntington bancshares incorporated,21930000000,hban,united states,financials,banks
duke realty corporation,21930000000,dre,united states,real estate,reitindustrial
restaurant brands international limited partnership,21890000000,qsp.un,canada,consumer discretionary,restaurants
monolithic power systeinc,21870000000,mpwr,united states,technology,semiconductors
zebra technologies corporation,21870000000,zbra,united states,technology,communication equipment
ulta beauty inc,21820000000,ulta,united states,consumer discretionary,specialty retail
dai-ichi life holdings inc,21760000000,8750,japan,financials,insurancelife
m&t bank corporation,21740000000,mtb,united states,financials,banks
keycorp,21710000000,key,united states,financials,banks
teledyne technologies incorporated,21650000000,tdy,united states,technology,scientific & technical instruments
b3 sa - brasil bolsa balcao,21580000000,b3sa3,brazil,financials,financial data & stock exchanges
contura energy inc,21570000000,ctra,united states,energy,thermal coal
shimano inc,21510000000,7309,japan,consumer discretionary,leisure
power corporation of canada,21480000000,pow,canada,financials,insurancelife
jb hunt transport services inc,21480000000,jbht,united states,industrials,integrated freight & logistics
mitsui fudosan co ltd,21460000000,8801,japan,real estate,real estatediversified
the saudi british bank,21450000000,1060,saudi arabia,financials,banks
sgs sa,21430000000,sgsn,switzerland,industrials,consulting services
teck resources limited,21410000000,teck.b,canada,basic materials,other industrial metals & mining
rede d'or sao luiz sa,21400000000,rdor3,brazil,healthcare,medical care facilities
nexon co ltd,21360000000,3659,japan,communication services,electronic gaming & multimedia
the cooper companies inc,21350000000,coo,united states,healthcare,medical instruments & supplies
legal & general group plc,21340000000,lgen,united kingdom,financials,insurancelife
regions financial corporation,21320000000,rf,united states,financials,banks
wheaton precious metals corp,21260000000,wpm,canada,basic materials,gold
zoominfo technologies inc,21230000000,zi,united states,technology,softwareapplication
viacomcbs inc,21220000000,viaca,united states,communication services,entertainment
china northern rare earth,21210000000,600111,china,basic materials,other industrial metals & mining
seagate technology plc,21210000000,stx,ireland,technology,computer hardware
china mengniu dairy co ltd,21170000000,2319,hong kong,consumer staples,packaged foods
ingersoll rand inc,21130000000,ir,united states,industrials,specialty industrial machinery
segro plc,21080000000,sgro,united kingdom,real estate,reitindustrial
yandex nv,21050000000,yndx,netherlands,communication services,internet content & information
microchip technology incorporated,21030000000,mchp,united states,technology,semiconductors
hubspot inc,20930000000,hubs,united states,technology,softwareapplication
fleetcor technologies inc,20920000000,flt,united states,technology,information technology services
fortive corporation,20880000000,ftv,united states,technology,scientific & technical instruments
applovin corp,20860000000,app,united states,technology,softwareapplication
royal caribbean cruises ltd,20810000000,rcl,united states,consumer discretionary,travel services
repsol sa,20800000000,rep,spain,energy,oil & gas integrated
marubeni corp,20780000000,8002,japan,industrials,conglomerates
standard chartered plc,20780000000,stan,united kingdom,financials,banks
li ning co ltd,20750000000,2331,china,consumer discretionary,leisure
cenergy corporation,20730000000,cms,united states,utilities,utilitiesregulated electric
steris corp,20660000000,s1te34,united states,healthcare,medical devices
advanced info service pcl,20650000000,advanc,thailand,communication services,telecom services
kyocera corp,20620000000,6971,japan,technology,consumer electronics
pembina pipeline corporation,20610000000,ppl,canada,energy,oil & gas midstream
flutter entertainment plc,20580000000,fltr,ireland,consumer discretionary,gambling
sojitz corp,20550000000,2768,japan,industrials,conglomerates
boston properties inc,20540000000,bxp,united states,real estate,reitoffice
synchrony financial,20430000000,syf,united states,financials,credit services
alinma bank,20410000000,1150,saudi arabia,financials,banks
investment ab latour,20390000000,lato.b,sweden,financials,asset management
mitsubishi estate co ltd,20390000000,8802,japan,real estate,real estatediversified
guotai junan securities co ltd,20390000000,601211,china,financials,capital markets
nippon paint holdings co ltd,20380000000,4612,japan,basic materials,specialty chemicals
carvana co,20330000000,cvna,united states,consumer discretionary,internet retail
markel corporation,20300000000,mkl,united states,financials,insuranceproperty & casualty
brown & brown inc,20270000000,bro,united states,financials,insurance brokers
nomura research institute ltd,20260000000,4307,japan,technology,information technology services
mgm resorts international,20220000000,mgm,united states,consumer discretionary,resorts & casinos
mega financial holding co ltd,20210000000,2886,taiwan,financials,banks
telefonica brasil sa,20190000000,viv,brazil,communication services,telecom services
swiss life holding ag,20160000000,slhn,switzerland,financials,insurancediversified
telenor asa,20150000000,tel,norway,communication services,telecom services
china railway group ltd,20150000000,0390,hong kong,industrials,engineering & construction
ctbc financial holding co ltd,20150000000,2891,taiwan,financials,insurancelife
imperial brands plc,20140000000,imb,united kingdom,consumer staples,tobacco
principal financial group inc,20130000000,pfg,united states,financials,insurancediversified
norsk hyasa,20100000000,nhy,norway,basic materials,aluminum
perkinelmer inc,20050000000,pki,united states,healthcare,diagnostics & research
hannover ruck se,20020000000,hnrb,germany,financials,insurancereinsurance
sun communities inc,19980000000,sui,united states,real estate,reitresidential
tradeweb markets inc,19980000000,tw,united states,financials,capital markets
trina solar co ltd,19940000000,688599,china,technology,solar
vedanta limited,19930000000,vedl,india,basic materials,other industrial metals & mining
paycom software inc,19870000000,payc,united states,technology,softwareapplication
klabin sa,19860000000,klbn11,brazil,basic materials,paper & paper products
kao corp,19850000000,4452,japan,consumer staples,household & personal products
teradyne inc,19850000000,ter,united states,technology,semiconductor equipment & materials
china resources beer holdings company ltd,19840000000,0291,hong kong,consumer staples,beveragesbrewers
china communications construction co ltd,19830000000,601800,china,industrials,engineering & construction
aviva plc,19820000000,av.,united kingdom,financials,insurancediversified
standard bank group ltd,19820000000,sbk,south africa,financials,banks
ryanair holdings plc,19780000000,ry4c,ireland,industrials,airlines
hologic inc,19750000000,holx,united states,healthcare,medical instruments & supplies
kerry group plc,19740000000,krz,ireland,consumer staples,packaged foods
renesas electronics corp,19730000000,6723,japan,technology,semiconductors
brookfield infrastructure partners lp,19700000000,bip.un,bermuda,utilities,utilitiesdiversified
shiseido co ltd,19690000000,4911,japan,consumer staples,household & personal products
cgi inc,19670000000,gib.a,canada,technology,information technology services
henderson land development co ltd,19670000000,0012,hong kong,real estate,real estate services
billcom holdings inc,19650000000,bill,united states,technology,softwareapplication
shanghai fosun pharmaceutical,19630000000,600196,china,healthcare,drug manufacturersspecialty & generic
akamai technologies inc,19590000000,akam,united states,technology,softwareinfrastructure
china tower corp ltd,19550000000,0788,china,communication services,telecom services
huatai securities co ltd,19550000000,601688,china,financials,capital markets
marathon oil corporation,19540000000,mro,united states,energy,oil & gas e&p
arch capital group ltd,19540000000,acgl,bermuda,financials,insurancediversified
transunion,19530000000,tru,united states,industrials,consulting services
jbs sa,19530000000,jbss3,brazil,consumer staples,packaged foods
shenzhou international group holdings ltd,19500000000,2313,hong kong,consumer discretionary,textile manufacturing
avantor inc,19480000000,avtr,united states,basic materials,specialty chemicals
molina healthcare inc,19460000000,moh,united states,healthcare,healthcare plans
ferrovial sa,19440000000,fer,spain,industrials,infrastructure operations
edp - energias de portugal sa,19430000000,edp,portugal,utilities,utilitiesdiversified
fresenius medical care ag & co kgaa,19420000000,fme,germany,healthcare,medical care facilities
svenska handelsbanken ab,19420000000,shb.a,sweden,financials,banks
kb financial group inc,19390000000,105560,south korea,financials,banks
magna international inc,19360000000,mg,canada,consumer discretionary,auto parts
snam spa,19270000000,srg,italy,utilities,utilitiesregulated gas
cgn power co ltd,19250000000,003816,china,utilities,utilitiesindependent power producers
croda international plc,19220000000,crda,united kingdom,basic materials,specialty chemicals
warner music group corp,19210000000,wmg,united states,communication services,entertainment
zhejiang huayou cobalt co ltd,19200000000,603799,china,basic materials,other industrial metals & mining
ss&c technologies holdings inc,19150000000,ssnc,united states,technology,softwareapplication
carlsberg a-s,19120000000,carl.a,denmark,consumer staples,beveragesbrewers
nice ltd,19120000000,nice,israel,technology,softwareapplication
waters corporation,19110000000,wat,united states,healthcare,diagnostics & research
otsuka holdings co ltd,19030000000,4578,japan,healthcare,drug manufacturersgeneral
tenaris sa,18980000000,ten,luxembourg,energy,oil & gas equipment & services
citizens financial group inc,18950000000,cfg,united states,financials,banks
check point software technologies ltd,18940000000,chkp,israel,technology,softwareinfrastructure
toshiba corp,18930000000,6502,japan,industrials,specialty industrial machinery
lg electronics inc,18910000000,066570,south korea,technology,consumer electronics
astra international tbk pt,18900000000,asja,indonesia,consumer discretionary,auto parts
omnicom group inc,18800000000,omc,united states,communication services,advertising agencies
aecc aviation power coltd,18790000000,600893,china,industrials,aerospace & defense
international paper company,18780000000,inpap,united states,consumer discretionary,packaging & containers
scottish mortgage investment trust plc,18780000000,smt,united kingdom,financials,asset management
george weston limited,18770000000,wn,canada,consumer staples,grocery stores
netapp inc,18760000000,ntap,united states,technology,computer hardware
healthpeak properties inc,18760000000,peak,united states,real estate,reithealthcare facilities
ms&ad insurance group holdings inc,18750000000,8725,japan,financials,insuranceproperty & casualty
the liberty siriusxm group,18740000000,lsxmb,united states,communication services,broadcasting
credit suisse group ag,18720000000,csgn,switzerland,financials,banks
air china ltd,18720000000,601111,china,industrials,airlines
power construction corp of china ltd,18690000000,601669,china,industrials,engineering & construction
jd health international inc,18690000000,8zn,china,healthcare,medical care facilities
south32 limited,18670000000,s32,australia,basic materials,other industrial metals & mining
huaneng power international inc,18570000000,600011,china,utilities,utilitiesindependent power producers
sands china ltd,18520000000,1928,macao,consumer discretionary,resorts & casinos
heico corporation,18490000000,hei,united states,industrials,aerospace & defense
gf securities co ltd,18440000000,000776,china,financials,capital markets
genuine parts company,18410000000,gpc,united states,consumer discretionary,specialty retail
vodacom group ltd,18410000000,vod,south africa,communication services,telecom services
take-two interactive software inc,18350000000,ttwo,united states,communication services,electronic gaming & multimedia
china merchants securities co ltd,18350000000,600999,china,financials,capital markets
alnylam pharmaceuticals inc,18330000000,alny,united states,healthcare,biotechnology
aeon co ltd,18320000000,8267,japan,consumer discretionary,department stores
link real estate investment trust,18270000000,0823,hong kong,real estate,reitretail
shionogi & co ltd,18270000000,4507,japan,healthcare,drug manufacturersspecialty & generic
ubiquiti inc,18250000000,ui,united states,technology,communication equipment
quanta services inc,18250000000,pwr,united states,industrials,engineering & construction
catalent inc,18240000000,ctlt,united states,healthcare,drug manufacturersspecialty & generic
haitong securities co ltd,18230000000,600837,china,financials,capital markets
asahi group holdings ltd,18210000000,2502,japan,consumer staples,beveragesbrewers
capitec bank holdings ltd,18210000000,cpi,south africa,financials,banks
restaurant brands international inc,18190000000,qsr,canada,consumer discretionary,restaurants
yum china holdings inc,18180000000,yumc,china,consumer discretionary,restaurants
cez as,18160000000,cez,czechia,utilities,utilitiesrenewable
veolia environnement sa,18140000000,vie,france,industrials,waste management
avis budget group inc,18120000000,car,united states,industrials,rental & leasing services

