rank,company,revenues_2018_$m,employees,family_ownership,founded,public/private,generation,family_executive,woman_in_leadership,sector,headquarters,state_(abbreviation),website
1,volkswagen group,"266,315.1","665,260","porsche, piech",1937,public,4,no,yes,automotive,wolfsburg,ni,www.volkswagenag.de
2,schwarz group aka lidl kaufland,"119,418.4","429,000",schwarz,1930,private,2,no,no,retail,neckarsulm,bw,www.lidl.de
3,bmw group,"109,018.3","134,682","quandt, klatten",1916,public,4,no,yes,automotive,munchen,by,www.bmwgroup.com
4,aldi discounter nord sud,"100,423.6","208,000",albrecht,1913,private,4,no,yes,retail,e en and mulheim an der ruhr,nw,www.aldi.de
5,robert bosch group,"87,935.7","409,881",bosch,1886,private,3,no,no,automotive,gerlingen-schillerhohe,bw,www.bosch.de
6,continental ag,"49,802.1","245,686",schaeffler,1871,public,1,no,yes,automotive,hannover,ni,www.conti-online.com
7,metro group,"41,790.7","150,000","haniel, schmidt-ruthenbeck, beisheim",1963,public,3,no,no,retail,du eldorf,nw,www.metrogroup.de
8,merckle group phoenix ka bohrer etc,"29,883.2","37,900",merckle,1881,private,4,yes,yes,a et & wealth management,ulm,bw,-
9,heraeus,"23,236.8","14,903",heraeus,1851,private,5,no,no,industrial manufacturing,hanau,he,www.heraeus.com
10,henkel ag & co kgaa,"22,844.1","53,000",henkel,1876,public,5,no,yes,consumer products,du eldorf,nw,www.henkel.de
11,bertelsmann se & co kgaa,"19,856.6","117,220",mohn,1835,private,5,no,yes,media and entertainment,gutersloh,nw,www.bertelsmann.de
12,boehringer ingelheim,"19,624.6","50,000","boehringer, von baumbach",1885,private,4,yes,no,pharmaceuticals and life sciences,ingelheim am rhein,rp,www.boehringer-ingelheim.de
13,merck kgaa,"16,918.1","52,140",merck,1668,public,13,no,yes,pharmaceuticals and life sciences,darmstadt,he,www.merckgroup.com
14,rethmann group,"16,372.8","70,000",rethmann,1934,private,3,yes,no,energy and utilities,selm,nw,www.rethmann-gruppe.de
15,schaeffler group,"16,258.3","92,478",schaeffler,1883,public,2,no,yes,industrial manufacturing,herzogenaurach,by,www.schaeffler.com/fork
16,adolf wurth group,"15,635.8","77,080",wurth,1945,private,3,yes,yes,industrial manufacturing,kunzelsau,bw,www.wuerth.de
17,otto group,"15,442.7","50,000",otto,1949,private,3,yes,yes,retail,hamburg,hh,www.ottogroup.com
18,marquard & bahls ag,"14,898.1","7,561",wei er,1947,private,3,yes,yes,energy and utilities,hamburg,hh,www.mbholding.de
19,mahle gmbh,"14,154.8","79,564",mahle,1920,private,n.a.,no,no,automotive,stuttgart,bw,www.mahle.com
20,droege international group ag,"13,137.2","58,500",droege,1988,private,2,yes,yes,profe ional services,du eldorf,nw,www.droege-group.com
21,dm-drogerie markt gmbh co kg,"12,251.0","61,721","werner, lehmann",1973,private,2,yes,no,retail,karlsruhe,bw,www.dm-drogeriemarkt.de
22,dirk ro mann gmbh,"10,831.2","56,000",ro mann,1972,private,2,yes,yes,consumer products,burgwedel,ni,www.ro mann.de
23,maxingvest ag,"10,829.3","29,712",herz,1949,private,2,yes,no,consumer products,hamburg,hh,www.maxingvest.de
24,freudenberg group,"10,596.7","49,137",freudenberg,1849,private,7,no,no,industrial manufacturing,weinheim,bw,www.freudenberg.de
25,helm ag,"9,499.7","1,621",schnabel,1900,private,3,yes,no,industrial manufacturing,hamburg,hh,www.helmag.com
26,tengelmann warenhandelsgesellschaft kg,"9,000.0","86,000",haub,1867,private,5,yes,no,industrial manufacturing,mulheim an der ruhr,nw,www.tengelmann.de
27,globus holding gmbh & co kg,"8,690.2","45,500",bruch,1828,private,5,yes,no,consumer products,st. wendel,sl,www.globus.de
28,gebr knauf kg,"8,213.7","25,679",knauf,1932,private,3,yes,yes,industrial manufacturing,iphofen,by,www.knauf.de
29,august oetker kg,"8,174.9","30,937",oetker,1891,private,4,yes,yes,industrial manufacturing,bielefeld,nw,www.oetker-gruppe.com
30,hella gmbh & co kgaa,"7,956.7","39,327","hueck, behrend, ropke",1899,public,5,no,no,automotive,lippstadt,nw,www.hella.com
31,b braun melsungen ag,"7,741.9","63,751",braun,1839,private,6,yes,yes,healthcare,melsungen,he,www.bbraun.de
32,knorr-breag,"7,633.6","29,149",thiele,1905,public,2,yes,yes,industrial manufacturing,munchen,by,www.knorr-bremse.de
33,tonnies holding aps & co kg,"7,613.9","16,500",tonnies,1971,private,2,yes,no,foods and beverages,rheda-wiedenbruck,nw,www.toennies.de
34,brose fahrzeugteile gmbh & co kg coburg,"7,213.2","26,200","stoschek, volkmann",1908,private,4,no,no,automotive,coburg,by,www.brose.com
35,mhk group ag,"6,883.4","29,883",strothoff,1980,private,1,no,no,retail,dreieich,he,www.mhk.de
36,dkv mobility services group,"6,862.6","1,000",fischer,1934,private,3,no,no,transportation and logistics,ratingen,nw,www.dkv-euroservice.com
37,e/d/e group,"6,852.4","1,103",trautwein,1931,private,3,yes,no,industrial manufacturing,wuppertal,nw,www.ede.de
38,dachser se,"6,428.8","30,609","simon, rohde-dachser",1930,private,4,yes,no,transportation and logistics,kempten,by,www.dachser.com
39,enercon group,"6,409.5","4,510",wobben,1984,private,2,yes,yes,industrial manufacturing,aurich,ni,www.enercon.de
40,deichmann se,"6,006.1","26,075",deichmann,1913,private,3,yes,no,retail,e en,nw,www.deichmann.com
41,united internet ag,"5,767.4","9,115",dommermuth,1988,public,1,yes,no,telecommunications,montabaur,rp,www.united-internet.de
42,bartels-langne gmbh & co kg aka bela-group,"5,724.8","18,500",langne ,1892,private,3,yes,no,consumer products,kiel,sh,www.bela.de
43,wacker chemie ag,"5,600.0","14,744",wacker,1914,public,4,no,no,industrial manufacturing,munchen,by,www.wacker.com
44,franz haniel & cie gmbh,"5,376.1","18,824",haniel,1756,private,11,no,yes,a et & wealth management,duisburg,nw,www.haniel.de
45,eberspacher gruppe gmbh & co kg,"5,283.9","9,489","eberspacher, baumann, beckmann",1865,private,5,yes,no,automotive,e lingen,bw,www.eberspaecher.com
46,gebr heinemann se & co kg,"5,280.8","8,000",heinemann,1879,private,5,yes,no,retail,hamburg,hh,www.gebr-heinemann.de
47,hornbach holding ag & co kgaa,"5,013.4","21,668",hornbach,1877,public,6,yes,yes,retail,neustadt an der weinstrae,rp,www.hornbach-holding.de
48,bechtle ag,"4,936.4","10,005",schick,1983,public,2,no,no,technology,neckarsulm,bw,www.bechtle.com
49,fritz draxlmaier gmbh & co kg,"4,791.5","68,553",draxkmaier,1958,private,2,yes,yes,automotive,vilsbiburg,by,www.draexlmaier.com/
50,voith gmbh & co kgaa,"4,717.1","19,627",voith,1867,private,6,no,no,industrial manufacturing,heidenheim,bw,www.voith.com
51,miele & cie kg,"4,694.3","20,098","miele, zinkann",1899,private,4,yes,no,consumer products,gutersloh,nw,www.miele.de
52,mannhummel gmbh,"4,589.6","20,535","mann, hummel",1941,private,3,no,yes,industrial manufacturing,ludwigsburg,bw,www.mann-hummel.de
53,egon oldendorff gmbh & co kg,"4,484.7","1,460",oldendorff,1921,private,2,yes,no,transportation and logistics,lubeck,sh,www.oldendorff.com
54,krones ag,"4,419.8","16,545",kronseder,1951,public,2,no,no,industrial manufacturing,neutraubling,by,www.krones.com
55,claas group,"4,358.6","11,132",claas,1913,private,3,yes,no,industrial manufacturing,harsewinkel,nw,www.claas.com
56,muller holding ltd & co kg,"4,342.6","34,000",muller,1953,private,2,yes,yes,consumer products,ulm,bw,www.mueller.de
57,jungheinrich ag,"4,339.8","17,877","wolf, lange",1953,public,2,no,no,industrial manufacturing,hamburg,hh,www.jungheinrich.com
58,stihl holding ag & co kg,"4,339.4","17,122",stihl,1926,private,3,yes,yes,consumer products,waiblingen,bw,www.stihl.de
59,diehl verwaltungs-stiftung,"4,240.7","17,298",diehl,1902,private,4,no,no,industrial manufacturing,nurnberg,by,www.diehl.com
60,der kreis einkaufsgesellschaft fur kuche und wohnen mbh & co kg,"4,224.9",180,schaible,1979,private,1,yes,no,retail,leonberg,bw,www.derkreis.de
61,gauselmann group,"4,125.3","13,395",gauselmann,1957,private,3,yes,no,industrial manufacturing,espelkamp,nw,www.gauselmann.de
62,norma discounter group,"4,064.6","15,000",roth,1964,public,3,no,no,industrial manufacturing,nurnberg,by,www.norma-online.de
63,wilh werhahn kg,"4,060.5","10,161","werhahn, goder",1841,private,5,yes,yes,industrial manufacturing,neu ,nw,www.werhahn.de
64,trumpf gmbh co kg,"3,995.9","13,420","leibinger, kammueller",1923,private,3,yes,yes,industrial manufacturing,ditzingen,bw,www.trumpf.de
65,webasto se,"3,930.6","13,435","baier, mey",1901,private,6,no,no,automotive,stockdorf,by,www.webasto.com
66,asklepios kliniken gmbh,"3,912.3","35,327",gro e broermann,1985,private,1,no,no,healthcare,hamburg,hh,www.asklepios.com
67,wieland group,"3,863.8","7,000","schwenk, schleicher",1820,private,6,no,no,industrial manufacturing,ulm,bw,www.wieland.com
68,hoyer energie,"3,682.5","1,700",hoyer,1924,private,4,yes,yes,energy and utilities,vi elhovede,ni,www.hoyer-energie.de
69,festo ag & co kg,"3,673.6","21,200",stoll,1925,private,3,no,no,industrial manufacturing,e lingen,bw,www.festo.com
70,sew-eurodrive,"3,663.8","17,500",blickle,1931,private,3,yes,no,industrial manufacturing,bruchsal,bw,www.sew-eurodrive.de
71,fti group,"3,643.5","10,000",gunz,1983,private,1,yes,no,profe ional services,munchen,by,www.fti.de
72,axel springer se,"3,562.7","16,282","springer, dopfner",1946,public,4,yes,no,media and entertainment,berlin,be,www.axelspringer.de
73,sixt se,"3,407.9","7,540",sixt,1912,public,4,yes,no,transportation and logistics,pullach,by,www.sixt.de
74,sgroup,"3,220.1","13,872",wei ,1871,private,4,yes,yes,industrial manufacturing,du eldorf,nw,www.sms-group.com
75,aunde group se,"3,205.9","24,500",bolten and konigs,1899,private,4,yes,yes,automotive,monchengladbach,nw,www.aunde.com
76,zech group gmbh,"3,205.9","10,700",zech,1909,private,3,yes,no,industrial manufacturing,bremen,hb,www.zech-group.com
77,goldbeck gmbh,"3,165.0","5,500",goldbeck,1969,private,2,yes,no,industrial manufacturing,bielefeld,nw,www.goldbeck.de
78,otto fuchs kg,"3,134.5","9,359",fuchs,1910,private,4,no,no,industrial manufacturing,meinerzhagen,nw,www.otto-fuchs.com
79,vorwerk & co kg,"3,127.9","13,000",mittelsten-scheid,1883,private,5,no,no,consumer products,wuppertal,nw,www.vorwerk.de
80,august storck kg,"3,091.4","6,050",oberwelland,1903,private,4,yes,no,foods and beverages,berlin,be,www.storck.com
81,hubert burda media holding kg,"3,058.8","12,135",burda,1903,private,4,yes,no,media and entertainment,munchen,by,www.burda.com
82,drager group,"3,027.1","14,603",drager,1889,public,5,yes,no,healthcare,lubeck,sh,www.draeger.de
83,peter cremer holding gmbh & co kg,"2,976.9","2,000",cremer,1946,private,2,yes,no,industrial manufacturing,hamburg,hh,www.cremer.de
84,phw group,"2,954.0","6,979",wesjohann,1932,private,3,yes,yes,foods and beverages,visbek,ni,www.phw-gruppe.de
85,leopold kostal gmbh & co kg,"2,935.7","17,946",kostal,1912,private,4,yes,no,technology,ludenscheid,nw,www.kostal.com
86,hellmann worldwide logistics gmbh & co kg,"2,918.4","13,034",hellmann,1871,private,4,yes,no,transportation and logistics,osnabruck,ni,www.hellmann.net
87,fuchs petrolub se,"2,876.8","5,456",fuchs,1931,public,3,yes,yes,industrial manufacturing,mannheim,bw,www.fuchs-oil.de
88,alfred karcher se & co kg,"2,862.8","12,300",karcher,1935,private,2,no,no,industrial manufacturing,winnenden,bw,www.kaercher.de
89,vaillant group,"2,782.6","12,070",vaillant,1874,private,5,no,no,industrial manufacturing,remscheid,nw,www.vaillant-group.com
90,bauer media group,"2,776.1","11,500",bauer,1875,private,5,yes,yes,media and entertainment,hamburg,hh,www.bauermedia.com
91,aton gmbh,"2,758.7","18,678",helmig,1969,private,2,no,no,financial services,munchen,by,www.aton.de
92,neumann group,"2,700.0","2,000",neumann,1934,private,4,yes,no,foods and beverages,hamburg,hh,www.nkg.net
93,friedhelm loh stiftung & co kg,"2,667.0","11,500",loh,1961,private,2,yes,no,industrial manufacturing,haiger,he,www.friedhelm-loh-gruppe.de
94,avag holding se,"2,640.4","5,200",still,1915,private,4,yes,no,retail,augsburg,by,www.avag.eu
95,skion gmbh aka altana ...,"2,585.9","6,323",klatten,1873,private,5,no,no,industrial manufacturing,wesel,nw,www.altana.com
96,muhr und bender kg,"2,565.5","13,000",muhr,1916,private,3,yes,no,automotive,attendorn,nw,www.mubea.com
97,phoenix contact gmbh & co kg,"2,554.4","16,500",eisert,1923,private,3,no,no,industrial manufacturing,blomberg,nw,www.phoenixcontact.de
98,ebm-papst group,"2,538.3","15,000","sturm, philippiak, ziehl",1963,private,2,no,no,profe ional services,mulfingen,bw,www.ebmpapst.com
99,cronimet holding gmbh,"2,527.1","1,578",pillarsky,1980,private,2,yes,yes,industrial manufacturing,karlsruhe,bw,www.cronimet.de
100,ew group gmbh,"2,526.0","10,373",wesjohann,1932,private,3,yes,no,pharmaceuticals and life sciences,visbek,ni,www.ew-group.de
101,ksb se & co kgaa,"2,525.2","15,713",kuhborth,1871,public,5,no,no,industrial manufacturing,frankenthal,rp,www.ksb.com
102,vie mann werke gmbh & co kg,"2,520.9","12,100",vie mann,1917,private,4,yes,no,industrial manufacturing,allendorf,he,www.vie mann.com
103,giesecke & devrient gmbh,"2,517.1","11,389",von mitschke-collande,1852,private,6,no,no,profe ional services,munchen,by,www.gi-de.com
104,bernard krone holding gmbh & co kg,"2,495.0","4,558",krone,1906,private,4,yes,no,industrial manufacturing,spelle,ni,www.krone.de
105,schmitz cargobull ag,"2,491.2","6,400","schmitz, hoffmann",1892,private,7,yes,no,industrial manufacturing,horstmar,nw,www.cargobull.com
106,haribo holding gmbh & co kg,"2,461.6","7,000",riegel,1920,private,3,yes,no,foods and beverages,grafschaft,rp,www.haribo.com
107,rochling se & co kg,"2,450.8","10,929",rochling,1822,private,6,no,no,industrial manufacturing,mannheim,bw,www.roechling.com
108,hartmann group,"2,427.5","10,616","schleicher, hartmann",1818,public,7,no,no,healthcare,heidenheim,bw,www.hartmann.info
109,allegro invest se aka fre napf ...,"2,403.3","12,300",toeller,1990,private,1,no,no,financial services,krefeld,nw,www.fre napf.com
110,aveco holding ag aka wisag facility service holding gmbh,"2,339.1","49,703",wi er,1965,private,2,yes,no,profe ional services,frankfurt am main,he,www.aveco.de
111,rohde & schwarz gmbh & co kg,"2,335.7","11,500","rohde, schwarz",1933,private,3,yes,no,technology,munchen,by,www.rohde-schwarz.de
112,georgsmarienhutte holding gmbh,"2,324.8","6,830",gro mann,1856,private,1,no,no,industrial manufacturing,georgsmarienhutte,ni,www.gmh.de
113,hager se,"2,296.0","11,500",hager,1955,private,3,yes,no,industrial manufacturing,blieskastel,sl,www.hagergroup.com
114,nagel logistik-holding gmbh & co kg,"2,289.9","12,600",nagel,1935,private,3,yes,yes,transportation and logistics,versmold,nw,www.nagel-group.com
115,diersch & schroder gmbh & co kg,"2,273.7",400,karstedt,1920,private,4,no,no,industrial manufacturing,bremen,hb,www.ds-bremen.de
116,kruger gmbh & co kg,"2,267.0","4,800","kruger, pfeifer and langen",1971,private,2,yes,no,foods and beverages,bergisch gladbach,nw,www.krueger.de
117,jm holding gmbh & co kgaa aka jakob muller gmbh & co kg renolit,"2,262.7","7,500",muller,1946,private,3,no,no,industrial manufacturing,worms,rp,www.renolit.com
118,du mann stiftung & co kg auf aktien,"2,243.9","64,500",du mann,1963,private,2,no,yes,profe ional services,berlin,be,www.du mann.com
119,new yorker se,"2,228.2","10,761",knapp,1971,private,2,yes,no,retail,braunschweig,ni,www.newyorker.de
120,alltours flugreisen gmbh,"2,118.8","3,700",verhuven,1974,private,1,yes,yes,profe ional services,du eldorf,nw,www.alltours.de
121,alba plc & co kgaa,"2,118.2","7,800",schweitzer,1968,private,2,yes,yes,profe ional services,berlin,be,www.alba.info
122,meyer neptun group,"2,042.7","3,713",meyer,1795,private,7,yes,no,industrial manufacturing,papenburg,ni,www.meyerwerft.de
123,westfalen ag,"2,017.6","1,600",fritsch-albert,1923,private,4,yes,yes,energy and utilities,munster,nw,westfalen.com
124,wacker neuson se,"1,984.3","5,370","wacker, neunteufel",1848,public,6,no,no,industrial manufacturing,munchen,by,www.wackerneusongroup.com
125,kaefer isoliertechnik gmbh & co kg,"1,980.9","27,000",koch,1918,private,3,no,no,industrial manufacturing,bremen,hb,www.kaefer.com
126,schutz-werke gmbh & co kg,"1,979.7","4,473",schutz,1958,private,2,yes,no,industrial manufacturing,selters,rp,www.schuetz.net
127,krau -maffei wegmann gmbh & co kg,"1,978.4","4,985","bode, braunbehrens, vonmaydell, sethe",1930,private,4,yes,no,industrial manufacturing,munchen,by,www.kmweg.de
128,gottfried schultz gmbh & co kg,"1,977.3","1,954",rademacher,1924,private,3,no,no,retail,ratingen,nw,www.gottfried-schultz.de
129,max bogl stiftung & co kg,"1,951.6","6,500",bogl,1929,private,3,yes,no,industrial manufacturing,sengenthal,by,www.max-boegl.de
130,elringklinger ag,"1,950.5","10,429",lechler,1879,public,4,yes,no,automotive,dettingen an der erms,bw,www.elringklinger.de
131,haubrich zentrale gmbh & co kg aka electronicpartner,"1,940.7","3,200",haubrich,1937,private,3,yes,no,financial services,du eldorf,nw,www.electronicpartner.com
132,karl storz se & co kg,"1,937.7","6,716",storz,1945,private,2,yes,yes,healthcare,tuttlingen,bw,www.karlstorz.de
133,j bunting beteiligungs ag,"1,891.5","14,275",klopp,1806,private,5,no,no,consumer products,leer,ni,www.buenting.de
134,fielmann ag,"1,889.2","19,379",fielmann,1972,public,2,yes,no,retail,hamburg,hh,www.fielmann.de
135,sick ag,"1,874.1","9,737","sick, glaser",1946,private,3,no,no,technology,waldkirch,bw,www.sick.de
136,te ner holding kg,"1,854.8","8,000",te ner,1969,private,2,yes,yes,retail,goslar,ni,www.te ner.de
137,sartorius ag,"1,834.4","8,500","sartorius-herbst, franken, baro, sartorius",1870,public,5,no,no,healthcare,gottingen,ni,www.sartorius.de
138,palm papier gmbh & co kg,"1,831.9","4,000",palm,1872,private,4,yes,no,financial services,aalen,bw,www.palm.info
139,kromberg & schubert gmbh,"1,827.8","42,567",kromberg,1902,private,3,yes,no,automotive,renningen,bw,www.kromberg-schubert.com
140,stroer se & co kgaa,"1,823.7","12,514","stroer, muller",1990,public,1,yes,no,media and entertainment,koln,nw,www.stroeer.de
141,melitta unternehmensgruppe bentz kg,"1,819.1","4,550",bentz,1908,private,4,yes,no,consumer products,minden,nw,www.melitta-group.com
142,bauer ag,"1,817.2","11,797","bauer, teschemacher",1790,public,7,yes,no,industrial manufacturing,schrobenhausen,by,www.bauer.de
143,dohler group se,"1,813.3","6,000","gemmer, klein",1838,private,4,yes,no,foods and beverages,darmstadt,he,www.doehler.com
144,fritz schafer gmbh & co kg einrichtung ysteme,"1,807.8","9,195",schafer,1937,private,4,yes,no,profe ional services,neunkirchen,nw,www. i-schaefer.com
145,kirchhoff automotive holding gmbh & co kg,"1,806.3","8,584",kichhoff,1785,private,4,yes,yes,financial services,iserlohn,nw,www.kirchhoff-gruppe.de
146,peri-werk artur schworer gmbh & co kg,"1,790.9","9,500",schworer,1969,private,2,yes,no,industrial manufacturing,weienhorn,by,www.peri.de
147,bpw bergische achsen kg,"1,754.5","7,196",kotz,1898,private,5,yes,no,automotive,wiehl,nw,www.bpw.de
148,lur en maritime beteiligungen gmbh & co kg,"1,729.5","2,676",luren,1875,private,4,yes,no,industrial manufacturing,bremen,hb,www.luer en.de
149,grob-werke burkhart grob ek,"1,717.4","6,600",grob,1926,private,4,no,no,industrial manufacturing,mindelheim,by,www.grobgroup.com
150,hochland holding gmbh & co kg,"1,705.0","4,521","wagner-summer, reich",1927,private,4,yes,no,foods and beverages,heimenkirch,by,www.hochland.de
151,zollner elektronik ag,"1,665.6","11,000",zollner,1965,private,2,yes,no,technology,zandt,by,www.zollner.de
152,dohle handelsgruppe holding gmbh & co kg,"1,664.6","6,100",dohle,1972,private,3,yes,no,consumer products,siegburg,nw,www.dohle.com
153,heristo holding gmbh,"1,647.8","2,894",risken,1913,private,3,yes,no,foods and beverages,bad rothenfelde,ni,www.heristo.de
154,friedrich boysen holding gmbh,"1,634.1","1,667",boysen,1945,private,2,no,no,automotive,altensteig,bw,www.boysen-online.de
155,wilo se,"1,596.7","7,802",oplander,1872,private,5,no,no,industrial manufacturing,dortmund,nw,www.wilo.com
156,peek & cloppenburg kg,"1,596.1","12,300",cloppenburg,1901,private,5,yes,yes,retail,du eldorf,nw,www.peek-cloppenburg.de
157,krieger group,"1,594.1","6,041",krieger,1874,private,4,yes,yes,retail,schonefeld,bb,www.hoeffner.de
158,deutsche vermogensberatung holding gmbh,"1,587.3","3,400",pohl,1975,private,2,yes,yes,financial services,marburg,he,dvag.de
159,fiege logistik holding stiftung & co kg,"1,585.6","12,952",fiege,1873,private,5,yes,no,transportation and logistics,greven,nw,www.fiege.com
160,soliver bernd freier gmbh & co kg,"1,582.1","7,120",freier,1969,private,2,yes,yes,consumer products,rottendorf,by,www.soliver.com
161,schauinsland-reisen gmbh,"1,581.4",430,ka ner,1918,private,3,yes,no,profe ional services,duisburg,nw,www.schauinsland-reisen.de
162,senger group gmbh,"1,575.5","2,700",senger,1953,private,4,yes,yes,retail,rheine,nw,www.auto-senger.de
163,grunenthal pharma gmbh & co kg,"1,573.0","5,471",wirtz,1946,private,2,no,no,pharmaceuticals and life sciences,aachen,nw,www.grunenthal.com
164,verlagsgruppe georg von holtzbrinck gmbh,"1,568.9","4,816","schoeller, von holtzbrinck",1931,private,2,yes,no,media and entertainment,stuttgart,bw,www.holtzbrinck.com
165,hafele gmbh & co kg,"1,567.7","7,600","hafele, thierer",1923,private,3,yes,yes,industrial manufacturing,nagold,bw,www.haefele.de
166,leonhard wei gmbh & co kg,"1,559.1","5,107","wei , schmidt-wei ",1900,private,4,yes,no,industrial manufacturing,satteldorf,bw,www.leonhard-wei .de
167,trimet se,"1,555.7","1,619",schluter,1985,private,2,no,no,industrial manufacturing,e en,nw,www.trimet.eu
168,c thywi en gmbh,"1,551.8",120,"thywi en, baum",1839,private,6,yes,no,foods and beverages,neu ,nw,www.c-thywi en.de
169,me er industrie gmbh,"1,549.8","5,805",me er,1897,private,3,yes,no,industrial manufacturing,bad soden,he,www.me ergroup.com
170,bitburger holding gmbh,"1,533.2","4,346","simon, niewodniczanski",1817,private,7,yes,no,foods and beverages,bitburg,rp,www.bitburger-holding.de
171,bmv mineralol versorgungsgesellschaft mbh,"1,529.8",130,"schonherr, el obeid",1986,private,2,yes,yes,energy and utilities,berlin,be,www.bmv-mineraloel.de
172,delton ag,"1,523.2","5,383",quandt,1989,private,4,no,no,transportation and logistics,bad homburg vor der hohe,he,www.delton.de
173,sto se & co kgaa,"1,493.3","5,333",stotmeister,1955,public,4,no,no,industrial manufacturing,stuhlingen,bw,www.sto.de
174,otto krahn gmbh & co kg,"1,492.1","1,381",krahn,1909,private,3,yes,yes,industrial manufacturing,hamburg,hh,www.krahn.eu  albis.com
175,richter frenzel gmbh co kg,"1,488.4","3,600",stahl,1895,private,4,no,no,industrial manufacturing,wurzburg,by,www.richter-frenzel.de
176,marquardt gmbh,"1,488.4","11,226",marquardt,1925,private,3,yes,no,industrial manufacturing,rietheim-weilheim,bw,www.marquardt.de
177,stulz gmbh,"1,483.4","7,182",stulz,1947,private,2,yes,no,industrial manufacturing,hamburg,hh,www.stulz.de
178,rohlig logistics gmbh & co kg,"1,481.3","2,200","herwig, belz",1852,private,6,yes,yes,transportation and logistics,bremen,hb,www.rohlig.com
179,daw se,"1,476.5","5,688",murjahn,1895,private,5,yes,no,industrial manufacturing,ober-ramstadt,he,www.daw.de
180,herrenknecht group,"1,470.8","5,426",herrenknecht,1977,private,2,yes,no,industrial manufacturing,schwanau,bw,www.herrenknecht.de
181,rosenberger gmbh & co kg,"1,462.6","11,000",rosenberger,1958,private,2,yes,no,financial services,fridolfing,by,www.rosenberger.de
182,bofrost stiftung,"1,450.7","11,019",boquoi,1966,private,2,no,no,foods and beverages,straelen,nw,www.bofrost.de
183,auktion & markt ag,"1,443.8",281,muth,1988,private,1,yes,no,retail,wiesbaden,he,www.auktion-markt.de
184,depenbrock group,"1,431.2",560,depenbrock,1928,private,4,yes,no,industrial manufacturing,stemwede,nw,www.depenbrock.de
185,hoffmann group,"1,431.2","3,300","bleicher, januschke",1919,private,4,no,no,financial services,munchen,by,www.hoffmann-group.com
186,papier - mettler inhaber michael mettler,"1,431.2","3,900",mettler,1957,private,2,yes,yes,industrial manufacturing,morbach,rp,www.papier-mettler.com
187,johannes heidenhain gmbh,"1,429.3","7,915",heidenhain,1889,private,3,no,no,technology,traunreut,by,www.heidenhain.de
188,hoyer gmbh internationale fachspedition,"1,418.5","6,032",hoyer,1946,private,3,no,no,transportation and logistics,hamburg,hh,www.hoyer-group.com
189,beiselen holding gmbh,"1,407.0",700,schuler,1890,private,4,yes,no,financial services,ulm,bw,www.beiselen.de
190,ego blanc und fischer & co gmbh,"1,405.1","6,000","blanc, fischer",1925,private,3,no,no,technology,oberderdingen,bw,www.blanc-fischer.com
191,cts eventim ag & co kgaa,"1,400.7","2,945",schulenberg,1989,public,1,yes,no,media and entertainment,bremen,hb,www.eventim.de
192,biesterfeld ag,"1,397.4",800,biesterfeld,1906,private,4,yes,yes,industrial manufacturing,hamburg,hh,www.biesterfeld.com
193,borbet gmbh,"1,383.1","4,800",borbet,1881,private,4,yes,no,automotive,hallenberg-hesborn,nw,www.borbet.de
194,hirschvogel holding gmbh,"1,375.7","5,481","hirschvogel, britzger",1938,private,3,no,no,automotive,denklingen,by,www.hirschvogel.com
195,sudwest beteiligungen gmbh,"1,349.1","1,700","seizinger, weitzmann",1900,private,3,yes,yes,industrial manufacturing,eberbach,bw,www.sws-ag.com
196,wernsing food family gmbh & co kg,"1,349.1","3,550",wernsing,1962,private,2,yes,no,foods and beverages,addrup-e en,ni,www.wernsing.de
197,guhring kg,"1,321.8","8,000",guhring,1898,private,4,yes,no,industrial manufacturing,albstadt,bw,www.guehring.de
198,ehg service gmbh,"1,320.2","12,000",ernsting,1968,private,2,no,yes,retail,coesfeld,nw,www.ernstings-family.de
199,berner se,"1,300.1","8,500",berner,1957,private,2,yes,yes,industrial manufacturing,kunzelsau,bw,www.berner-group.com
200,koster group,"1,295.0","1,663",koster,1938,private,2,no,no,industrial manufacturing,osnabruck,ni,www.koester-bau.de
201,otto bock holding gmbh & cokg,"1,294.5","7,819",nader,1919,private,3,yes,yes,industrial manufacturing,duderstadt,ni,www.ottobock.de
202,katag ag,"1,293.8",300,terberger,1923,private,3,yes,yes,consumer products,bielefeld,nw,www.katag.net
203,merz holding gmbh & cokg,"1,293.4","3,300","baatz, huckmann, meyer, nick",1908,private,4,no,yes,pharmaceuticals and life sciences,frankfurt am main,he,www.merz.com
204,hansen & rosenthal kg,"1,272.9","1,634",hansen,1919,public,4,yes,no,industrial manufacturing,hamburg,hh,www.hur.com
205,siegwerk gmbh & co kg,"1,272.6","4,991",keller,1830,private,6,no,no,industrial manufacturing,siegburg,nw,www.siegwerk.com
206,schnellecke group ag & co kg,"1,268.1","16,112",schnellecke,1939,private,3,yes,yes,transportation and logistics,wolfsburg,ni,www.schnellecke.com
207,conrad holding se,"1,265.6","2,314",conrad,1923,private,3,yes,no,retail,hirschau,by,www.conrad.de
208,wellergruppe gmbh & co kg,"1,261.0","2,353","weller, hellmann",1979,private,1,yes,no,retail,berlin,be,www.wellergruppe.de
209,porta holding gmbh & co kg,"1,260.5","7,175","gartner, fahrenkamp",1965,private,2,yes,yes,retail,porta westfalica,nw,www.porta.de
210,hormann kg verkaufsgesellschaft,"1,259.4","6,000",hormann,1935,private,4,yes,no,industrial manufacturing,steinhagen,nw,www.hoermann.de
211,prettl produktions holding gmbh,"1,248.0","12,800",prettl,1953,private,2,yes,no,automotive,pfullingen,bw,www.prettl.com
212,jakob funke medien beteiligungs gmbh & co kg,"1,247.0","7,009","schubries, holthoff-pfortner, becker, marx, wilcke",1948,private,3,no,no,media and entertainment,e en,nw,www.funkemedien.de
213,robert klingel ohg,"1,231.0","2,928",kohm,1920,private,3,yes,no,financial services,pforzheim,bw,www.klingel.de
214,veka ag,"1,229.2","5,595","hartleif, laumann",1969,private,2,yes,yes,industrial manufacturing,sendenhorst,nw,www.veka.com
215,multivac sepp haggenmuller se & co kg,"1,228.5","5,731","haggenmuller, vetter, brenne",1961,private,2,no,no,industrial manufacturing,wolfertschwenden,by,www.multivac.de
216,serviceplan gruppe fur innovative kommunikation gmbh & co kg,"1,226.5","1,917",haller,1970,private,2,yes,no,media and entertainment,munchen,by,www.serviceplan.com
217,kws saat se,"1,222.8","5,147","buchting, oetker, giesecke",1856,public,6,no,yes,foods and beverages,einbeck,ni,www.kws.de
218,schoeller holding se & co kgaa,"1,222.8","4,200",schoeller,1880,private,7,yes,no,industrial manufacturing,pullach,by,www.schoeller.org
219,viega holding gmbh & co kg,"1,220.8","4,000",viegener,1899,private,5,yes,no,industrial manufacturing,attendorn,nw,www.viega.de
220,hettich holding gmbh & co ohg,"1,212.5","6,700",hettich,1888,private,4,yes,yes,industrial manufacturing,kirchlengern,nw,www.hettich.com
221,huf hulsbeck & furst gmbh & co kg,"1,212.3","7,500",hulsbeck,1908,private,3,yes,no,automotive,velbert,nw,www.huf-group.com
222,lapp holding ag,"1,208.0","3,770",lapp,1959,private,2,yes,no,industrial manufacturing,stuttgart,bw,www.lappgroup.com
223,rutronik elektronische bauelemente gmbh,"1,205.4","1,700",rudel,1973,private,2,yes,no,technology,ispringen,bw,www.rutronik.com
224,alois dallmayr kg,"1,203.8","4,122","wille, randlkofer",1700,private,5,yes,no,foods and beverages,munchen,by,www.dallmayr.de
225,wortmann schuh-holding kg,"1,203.8","1,154",wortmann,1967,private,2,yes,no,consumer products,detmold,nw,www.wortmann.com
226,pfeifer & langen group,"1,202.4","2,400",pfeifer and langen,1962,private,5,no,no,foods and beverages,koln,nw,www.pfeifer-langen.com
227,engelbert strau gmbh & co kg,"1,202.2","1,300",strau ,1948,private,3,yes,no,profe ional services,biebergemund,he,www.engelbert-strau .de
228,zott se & co kg,"1,180.8","2,983",weber,1926,private,3,yes,yes,foods and beverages,mertingen,by,www.zott.de
229,dalli-werke gmbh & co kg,"1,166.0","1,897",wirtz,1851,private,5,yes,no,consumer products,stolberg,nw,www.dalli-group.com
230,wepa industrieholding se,"1,158.6","2,900",krengel,1948,private,2,yes,no,consumer products,arnsberg,nw,www.wepa.de
231,willmar schwabe gmbh & co kg,"1,156.4","3,600",schwabe,1866,private,5,yes,no,pharmaceuticals and life sciences,karlsruhe,bw,www.schwabe.de
232,harry-brot gmbh,"1,154.6","5,500",holthausen,1688,private,1,yes,no,foods and beverages,schenefeld,sh,www.harry-brot.de
233,franz-josef rothkotter gmbh & co kg,"1,149.1","2,473",rothkotter,1959,private,2,yes,no,foods and beverages,meppen,ni,www.rothkoetter.de
234,eckes ag,"1,148.1","1,747",eckes-chantre,1857,private,6,no,yes,foods and beverages,nieder-olm,rp,www.eckes-granini.com
235,max aicher group,"1,148.0","4,000",aicher,1924,private,3,yes,no,industrial manufacturing,freila ing,by,www.max-aicher.de
236,wika alexander wiegand se & co kg,"1,145.0","10,000",wiegand,1946,private,4,yes,no,technology,klingenberg,by,www.wika.de
237,nobilia holding gmbh,"1,144.6","2,914",stickling,1945,private,3,no,no,consumer products,verl,nw,www.nobilia.de
238,dennree gmbh,"1,142.5","5,530",greim,1974,private,2,yes,no,consumer products,topen,by,www.dennree.de
239,kaeser kompre oren se,"1,139.2","6,000",kaeser,1919,private,3,yes,yes,industrial manufacturing,coburg,by,www.kaeser.de
240,meggle ag,"1,129.7","2,383",meggle,1887,private,3,no,no,foods and beverages,wa erburg am inn,by,www.meggle-group.com
241,getreide ag,"1,098.1",376,rothe,1882,private,2,yes,no,consumer products,hamburg,sh,www.getreide-ag.de
242,wolff & muller holding gmbh & co kg,"1,090.6","2,000",durr,1936,private,3,yes,no,industrial manufacturing,stuttgart,bw,www.wolff-mueller.de
243,hall tabakwaren ek,"1,086.3",451,"hall, reisen-hall",1903,private,3,yes,no,retail,monchengladbach,nw,www.halltabakwaren.de
244,wago holding gmbh,"1,069.9","8,649",hohorst,1951,private,3,yes,no,technology,minden,nw,www.wago.com
245,i k hofmann gmbh,"1,068.3","25,000",hofmann,1985,private,1,yes,yes,profe ional services,nurnberg,by,www.hofmann.info
246,borgers group,"1,063.3","7,200",borgers,1866,private,5,yes,no,automotive,bocholt,nw,www.borgers-group.com
247,beumer group gmbh & co kg,"1,062.2","4,500",beumer,1935,private,3,yes,no,industrial manufacturing,beckum,nw,www.beumer.com
248,hellweg die profi-baumarkte gmbh & co kg,"1,059.4","4,600",semer,1971,private,2,yes,yes,retail,dortmund,nw,www.hellweg.de
249,big dutchman aktiengeselischaft,"1,052.7","3,268",meerpohl,1938,private,7,yes,no,industrial manufacturing,vechta,ni,www.bigdutchman.de
250,beckhoff automation group,"1,048.8","4,300",beckhoff,1980,private,2,yes,no,technology,verl,nw,www.beckhoff.de
251,ferchau holding gmbh & co kg,"1,044.7","9,500",ferchau,1966,private,2,yes,no,financial services,gummersbach,nw,www.able-group.de
252,cd walzholz kg,"1,034.0","2,073",junius,1829,private,6,yes,no,industrial manufacturing,hagen,nw,www.waelzholz.com
253,fahrzeug-werke lueg ag,"1,028.2","1,400",lueg,1868,private,6,no,no,profe ional services,bochum,nw,www.lueg.de
254,windmoller & holscher kg,"1,024.7","2,950",windmoller,1869,private,4,no,no,industrial manufacturing,lengerich,nw,www.wuh-group.com
255,ifm electronic gmbh,"1,023.1","5,949","marhofer, buck",1969,private,2,yes,no,technology,e en,nw,www.ifm.com
256,group gmbh,"1,020.7","6,849",zehetmaier,1980,private,1,yes,no,technology,ismaning,by,www.msg.group
257,albert handtmann holding verwaltungs-gmbh,"1,010.2","3,700",handtmann,1873,private,4,yes,no,profe ional services,biberach an der rib,bw,www.handtmann.de
258,apetito ag,"1,009.8","9,418",dusterberg,1958,private,2,no,no,profe ional services,rheine,nw,www.apetito.de
259,gerry weber international ag,"1,008.6","6,900","weber, hardieck",1973,public,2,yes,no,consumer products,halle,nw,www.gerryweber.com
260,fischer holding gmbh & co kg,991.9,"5,200",fischer,1948,private,2,yes,no,industrial manufacturing,waldachtal,bw,https://www.fischer.group/de-de/
261,klingele papierwerke gmbh & co kg,984.7,"2,500",klingele,1920,private,3,yes,no,industrial manufacturing,remshalden,bw,www.klingele.com
262,vo loh ag,982.5,"3,925",thiele,1888,public,1,no,no,industrial manufacturing,werdohl,nw,www.vo loh.com
263,huber group,976.8,"3,500",huber,1765,private,8,no,yes,industrial manufacturing,kirchheim,by,www.hubergroup.de
264,ehrmann ag,973.2,"2,600",ehrmann,1920,private,3,yes,no,foods and beverages,oberschonegg,by,www.ehrmann.de
265,c & a veltins gmbh & co kg,968.6,"1,545",veltins,1824,private,5,no,yes,foods and beverages,meschede-grevenstein,nw,www.veltins.de
266,leonhard kurz stiftung & co kg,965.9,"5,113",kurz,1899,private,5,yes,no,industrial manufacturing,furth,by,www.kurz.de
267,friedrich scharr kg,962.2,624,scharr,1883,private,4,yes,no,energy and utilities,stuttgart,bw,www.scharr.de
268,rei er ag,961.6,"1,557",reier,1871,private,5,yes,no,industrial manufacturing,boblingen,bw,www.rei er.de
269,thalia bucher gmbh,960.3,"5,060","herder, goritz, busch, kreke",1919,private,5,yes,no,retail,hagen,nw,www.thalia.de
270,rauch gmbh & co kg,959.6,"1,600",rauch,1879,private,4,yes,no,consumer products,freudenberg,bw,www.rauchmoebel.de
271,schon holding gmbh & co kg,957.2,"10,600",schon,1985,private,2,yes,yes,healthcare,prien am chiemsee,by,www.schoen-kliniken.de
272,lindner group kg,951.5,"6,622",lindner,1965,private,2,yes,yes,industrial manufacturing,arnstorf,by,www.lindner-group.com
273,bos gmbh & co kg,945.7,"8,000","baumeister, schmid",1910,private,3,no,no,automotive,ostfildern,bw,www.bos.de
274,weidmuller holding ag & co kgaa,944.8,"4,900",glasel,1850,private,5,no,yes,technology,detmold,nw,www.weidmueller.de
275,persona service ag & co kg,944.5,"19,000","muller, schroter",1967,private,2,no,no,profe ional services,ludenscheid,nw,www.persona.de
276,villeroy & boch ag,942.6,"7,461","von boch-galhau, villeroy de galhau",1748,public,8,yes,no,industrial manufacturing,mettlach,sl,www.villeroy-boch.com
277,bericap capital gmbh & co kg,932.0,"3,650",krautkramer,1926,private,3,yes,no,industrial manufacturing,budenheim,rp,www.bericap.com
278,ernst dello gmbh & co kg,928.6,"1,700","ravenborg, kroger, kreidel",1898,private,5,yes,no,retail,hamburg,hh,www.dello.de
279,notebooksbilligerde,926.0,398,"von wedemeyer, haubrichs",1989,private,1,yes,no,retail,sarstedt,ni,www.notebooksbilliger.de
280,koehler holding gmbh & co kg,924.0,"1,915",furler,1807,private,8,yes,no,industrial manufacturing,oberkirch,bw,www.koehlerpaper.com
281,kluh service management gmbh,922.8,"50,000",kluh,1911,private,4,no,no,profe ional services,du eldorf,nw,www.klueh.de
282,hans segmuller polstermobelfabrik gmbh & co kg,920.9,"3,522",segmuller,1925,private,3,yes,no,consumer products,friedberg,by,www.segmueller.de
283,autohaus glinicke gmbh,917.1,"1,600",glinicke,1930,private,3,yes,no,retail,ka el,he,www.glinicke.de
284,bruder schlau gmbh & co kg,916.7,"6,464",beeth,1921,private,3,no,no,retail,porta westfalica,nw,www.brueder-schlau.de
285,printus-group,916.0,"1,600",schmid,1977,private,1,yes,no,profe ional services,offenburg,bw,www.printus-info.de
286,lenze se,913.8,"3,613","belling, finger, herbert",1947,private,4,no,no,industrial manufacturing,aerzen,ni,www.lenze.com
287,kamax holding gmbh & co kg,903.5,"3,310",kellermann,1935,private,3,no,no,automotive,homberg,he,www.kamax.com
288,schorghuber stiftung & co holding kg,898.1,"2,707",schorghuber,1954,private,3,yes,yes,industrial manufacturing,munchen,by,www.sug-munich.com
289,rational ag,895.0,"2,166",meister,1973,public,1,no,no,industrial manufacturing,landsberg am lech,by,www.rational-online.de
290,hahn automobil-holding gmbh,893.1,"1,800",hahn,1919,private,4,yes,no,retail,fellbach,bw,www.hahn-automobile.de
291,bitzer se,891.5,"3,500",schaufler,1934,private,3,no,no,industrial manufacturing,sindelfingen,bw,www.bitzer.de
292,schwenk zement kg,889.2,"3,073",schleicher,1847,private,5,yes,no,industrial manufacturing,ulm,bw,www.schwenk.de
293,grillo-werke ag,884.6,"1,423",grillo,1842,private,5,yes,yes,industrial manufacturing,duisburg,nw,www.grillo.de
294,krombacher brauerei bernhard schadeberg gmbh & co kg,884.1,997,schadeberg,1803,private,3,yes,yes,foods and beverages,kreuztal,nw,www.krombacher.de
295,autohaus jacob fleischhauer gmbh & co kg,882.8,"1,150",franz,1924,private,4,no,no,retail,koln,nw,www.fleischhauer.com
296,alnatura produktions- und handels gmbh,881.6,"2,980",rehn,1984,private,1,yes,no,consumer products,darmstadt,he,www.alnatura.de
297,felix schoeller holding gmbh & co kg,881.5,"2,230",gallenkamp,1895,private,6,yes,no,industrial manufacturing,osnabruck,ni,www.felix-schoeller.com
298,geis holding gmbh & co kg,880.0,"6,438",geis,1948,private,2,yes,no,transportation and logistics,bad neustadt an der saale,by,www.geis-group.com
299,reinhausen group,878.7,"3,404",scheubeck,1868,private,5,yes,no,industrial manufacturing,regensburg,by,www.reinhausen.com
300,sma solar technology ag,873.6,"3,000","cramer, drews, wettlaufer",1981,public,2,no,no,technology,niestetal,he,www.sma.de
301,sprehe unternehmensgruppe,872.9,"2,181",sprehe,1987,private,2,yes,no,foods and beverages,lorup,ni,www.sprehe.de
302,harting ag & co kg,872.5,"4,980",harting,1945,private,3,yes,yes,industrial manufacturing,espelkamp,nw,www.harting.com
303,wanzl gmbh & co holding kg,871.8,"4,900",wanzl,1918,private,3,yes,no,profe ional services,leipheim,by,www.wanzl.com
304,eder familien holding gmbh & co kg,861.7,"1,992",eder,1487,private,2,yes,no,industrial manufacturing,tuntenhausen,by,www.eder-gmbh.de
305,klett gruppe,861.0,"6,641",klett,1897,private,4,yes,no,media and entertainment,stuttgart,bw,www.klett-gruppe.de
306,arburg gmbh co kg,858.7,"3,000","hehl, keinath",1923,private,3,yes,yes,industrial manufacturing,loburg,bw,www.arburg.com
307,igus gmbh,856.4,"4,150",blase,1964,private,2,yes,no,industrial manufacturing,koln,nw,www.igus.de
308,geobra brandstatter stiftung & co kg aka playmobil,856.4,"4,635",brandstatter,1876,private,3,no,yes,consumer products,zirndorf,by,www.playmobil.de
309,groz-beckert kg,855.3,"9,282","groz, lindner",1852,private,6,yes,no,industrial manufacturing,albstadt,bw,www.groz-beckert.com
310,eisenmann se,852.4,"3,198",eisenmann,1951,private,3,no,no,industrial manufacturing,boblingen,bw,www.eisenmann.com
311,layher holding gmbh & co kg,852.4,"1,939","layher, langer",1945,private,3,yes,yes,industrial manufacturing,guglingen,bw,www.layher.com
312,gelita ag,851.3,"2,548",koepff,1875,private,5,no,no,industrial manufacturing,eberbach,bw,www.gelita.com
313,stockmeier holding gmbh,851.1,"1,174",stockmeier,1920,private,3,yes,no,industrial manufacturing,bielefeld,nw,www.stockmeier.de
314,aco severin ahlmann gmbh & co kg,850.8,"4,618",ahlmann,1946,private,3,yes,no,industrial manufacturing,budelsdorf,sh,www.aco.com
315,f e r fischer edelstahlrohre gmbh,847.2,"2,450",fischer,1969,private,2,yes,no,industrial manufacturing,achern,bw,www.fischer-group.com
316,kathrein-werke kg,845.7,"7,600",kathrein,1919,private,3,yes,no,technology,rosenheim,by,www.kathrein.de
317,g siempelkamp gmbh & co kg,845.4,"2,935",siempelkamp,1883,private,4,no,yes,industrial manufacturing,krefeld,nw,www.siempelkamp.com
318,schatt holding gmbh,837.7,"1,996",schatt,1985,private,2,no,no,industrial manufacturing,thansau,by,www.schattdecor.de
319,georg jos kaes gmbh,837.0,"2,410",hermann,1865,private,5,yes,no,consumer products,mauerstetten,by,www.v-markt.de
320,compugroup medical se,836.7,"5,000",gotthardt,1987,public,2,yes,no,healthcare,koblenz,rp,www.compugroup.com
321,simba toys gmbh & co kg,833.5,"4,140",sieber,1982,private,2,yes,no,consumer products,furth,by,www.simba-dickie-group.de
322,walter klein group wkw,832.2,"4,571",mayer,1940,private,n.a.,no,no,automotive,wuppertal,nw,www.wkw.de
323,autohaus wolfsburg heitmann gmbh u co kg,831.2,"1,973","heitmann, hotz",1952,private,2,no,no,retail,wolfsburg,ni,www.autohaus-wolfsburg.de
324,gegenbauer holding se & co kg,821.5,"17,947",gegenbauer,1925,private,2,no,no,profe ional services,berlin,bb,www.gegenbauer.de
325,wunsche gmbh & co kg,821.1,"1,080",wunsche,1934,private,3,yes,no,consumer products,hamburg,hh,www.whi.de
326,rheinisch-bergische verlagsges mbh,819.1,"5,428","arnold, betz, droste, alt, ebel",1946,private,2,yes,no,media and entertainment,du eldorf,nw,www.rp-online.de
327,eppendorf ag,817.2,"3,367","hinz, netheler",1945,private,3,no,yes,pharmaceuticals and life sciences,hamburg,hh,www.eppendorf.de
328,wortmann ag,816.7,580,"wortmann, knicker",1986,private,2,yes,no,technology,hullhorst,nw,www.wortmann.de
329,autohaus heermann und rhein gmbh,815.2,"1,165",rhein,1924,private,4,yes,no,retail,heilbronn,bw,www.heermann-rhein.de
330,woco gmbh & co kg,812.9,"6,456",wolf,1956,private,2,yes,no,automotive,bad soden-salmunster,he,www.wocogroup.com
331,scherdel gmbh,812.9,"5,500",scherdel,1890,private,4,yes,no,industrial manufacturing,marktredwitz,by,www.scherdel.de
332,hugo kern und liebers gmbh & co kg platinen- und federnfabrik,810.9,"8,000",steim,1888,private,6,no,no,industrial manufacturing,schramberg,bw,www.kern-liebers.de
333,beresa gmbh & co kg,808.3,"1,030","longerich, ahlemeyer, kirchhoff",1911,private,3,no,no,retail,munster,nw,www.beresa.de
334,graf hardenberg gmbh,808.3,"1,332",hardenberg,1919,private,4,no,no,retail,karlsruhe,bw,www.grafhardenberg.de
335,pfeiffer & may se,807.6,"2,500","pfeiffer, may",1906,private,4,no,no,industrial manufacturing,karlsruhe,bw,www.pfeiffer-may.de
336,bremer ag,807.2,686,bremer,1947,private,3,no,no,industrial manufacturing,paderborn,nw,www.bremerbau.de
337,j bauer gmbh & co kg,806.9,"1,500",bauer,1887,private,5,yes,no,foods and beverages,wa erburg am inn,by,www.bauer-milch.de
338,verlagsgesellschaft madsack gmbh & co kg,803.3,"3,563",madsack,1893,private,3,no,no,media and entertainment,hannover,ni,www.madsack.de
339,biotronik se & co kg,801.3,"4,500",schaldach,1963,private,2,no,no,healthcare,berlin,be,www.biotronik.de
340,e breuninger,798.9,"5,373","van agtmael, meilicke, bretschneider, seidel",1881,private,3,no,no,retail,stuttgart,bw,www.breuninger.com
341,mewa textil-service ag,792.2,"5,600",gebauer,1908,private,3,yes,yes,retail,wiesbaden,he,www.mewa.de
342,zentis gmbh & co kg,789.2,"2,001","doring, zentis, goerdt",1893,private,4,no,no,foods and beverages,aachen,nw,www.zentis.de
343,allgeier se,788.7,"9,600","durschmidt, dinsel",1977,public,1,yes,no,technology,munchen,by,www.allgeier.com
344,jck holding,787.6,"1,531","kollmann, guldenpfennig",1838,private,4,yes,no,consumer products,quakenbruck,ni,www.jck.de
345,sennheiser electronic gmbh & co kg,787.3,"2,726",sennheiser,1945,private,3,yes,no,consumer products,wedemark,ni,www.sennheiser.com
346,schwanhauer industrie holding gmbh & co kg,786.8,"4,899",schwanhauer,1855,private,5,yes,no,profe ional services,heroldsberg,by,www.schwan-stabilo.com
347,lexzau scharbau gmbh & co kg,786.4,"2,000",conrad,1879,private,2,yes,no,transportation and logistics,bremen,hb,www.leschaco.com
348,bruckner verwaltungsges mbh,781.8,"2,600",bruckner,1960,private,2,no,no,financial services,siegsdorf,by,www.brueckner.com
349,c melchers gmbh & co kg,777.3,"1,545","melchers, helms, clau en",1806,private,7,yes,no,industrial manufacturing,bremen,hb,www.melchers.de
350,oqema ag,776.3,807,overlack,1922,private,3,yes,yes,industrial manufacturing,monchengladbach,nw,www.overlack.de
351,thomas duvenbeck holding gmbh,774.0,"5,900",duvenbeck,1932,private,3,yes,no,transportation and logistics,bocholt,nw,www.duvenbeck.de
352,bizerba gmbh & co kg,772.8,"4,146",kraut,1866,private,5,yes,no,technology,balingen,bw,www.bizerba.de
353,wuppermann ag,768.5,"1,492",wuppermann,1872,private,5,yes,no,industrial manufacturing,leverkusen,nw,www.wuppermann.com
354,lambertz beteiligungs gmbh,764.6,"4,000",buehlbecker,1688,private,9,yes,no,foods and beverages,aachen,nw,www.lambertz.de
355,hoberg & driesch gmbh,759.4,"2,398","hoberg, driesch",1948,private,3,no,no,industrial manufacturing,du eldorf,nw,www.hoberg-driesch.de
356,siegfried jacob metallwerke gmbh & co kg,756.2,"1,246",jacob,1953,private,3,yes,no,profe ional services,ennepetal,nw,www.jacob-metall.de
357,erwo holding ag,755.7,"3,200",steger,1918,private,2,yes,no,consumer products,schwaig,by,www.erwo.de
358,a w faber-castell unternehmensverwaltung gmbh,755.3,"8,785",faber-castell,1761,private,9,no,no,financial services,stein,by,www.faber-castell.de
359,rosier holding gmbh & co kg,755.2,"1,180",rosier,1927,private,3,yes,no,retail,menden,nw,www.rosier.de
360,ara ag,754.0,"9,570",roseler,1949,private,2,no,no,consumer products,langenfeld,nw,www.ara-shoes.de
361,l&o group,752.1,"2,603","luke, ortmeier",1912,private,n.a.,no,no,profe ional services,emsdetten,nw,www.sigsauer.de  blaser-group.com
362,trilux gmbh & co kg,751.3,"5,000",lenze,1912,private,4,no,no,industrial manufacturing,arnsberg,nw,www.trilux.de
363,roto frank ag,750.8,"4,600",frank,1935,private,3,no,no,industrial manufacturing,leinfelden-echterdingen,bw,www.roto-frank.com
364,nord drivesystekg,748.8,"3,338",kuchenmeister,1965,private,2,yes,yes,industrial manufacturing,bargteheide,sh,www.nord.com
365,fev group gmbh,748.8,"5,826",pischinger,1978,private,2,yes,no,automotive,aachen,nw,www.fev.com
366,topp holding ag / libri,748.8,"1,089",wolfgang und michael herz,1928,private,2,yes,no,retail,hamburg,hh,www.libri.de
367,wilhelm bollhoff gmbh & co kg,745.4,"3,100",bollhoff,1877,private,4,yes,no,industrial manufacturing,bielefeld,nw,www.boellhoff.com
368,gebr dingerkus gmbh & co kg,744.2,"4,200",hillesheim,1910,private,4,no,no,automotive,attendorn,nw,www.gedia.com
369,tts tooltechnic systeag & co kg,744.2,"2,800",maier-stoll,1925,private,2,yes,no,industrial manufacturing,wendlingen,bw,www.tooltechnicsystems.com
370,witte automotive gmbh,744.2,"5,300",golz,1899,private,5,yes,no,automotive,velbert,nw,www.witte-automotive.de
371,pepperl fuchs gmbh,744.2,"6,000","muller-michael, fuchs",1945,private,3,no,no,technology,mannheim,bw,www.pepperl-fuchs.com
372,veritas ag,740.7,"3,807","hehl, krebaum-marschollek",1849,private,3,yes,no,automotive,gelnhausen,he,www.veritas-ag.de
373,witzenmann gmbh,736.8,"4,300","von trotha, witzenmann",1854,private,5,no,no,industrial manufacturing,pforzheim,bw,www.witzenmann.de
374,kohl medical ag,736.3,800,kohl,1979,private,2,yes,yes,healthcare,merzig,sl,www.kohlmedical.de
375,medien union gmbh,730.6,"3,648","schaub, lenk, rei , ...",1945,private,3,yes,no,media and entertainment,ludwigshafen am rhein,rp,www.rheinpfalz.de
376,mapal fabrik fur prazisionswerkzeuge kre kg,730.2,"5,133",kre ,1950,private,3,yes,no,industrial manufacturing,aalen,bw,www.mapal.com
377,dumont mediengruppe gmbh & cokg,724.7,"4,000","dumont schutte, neven dumont",1620,private,12,no,no,media and entertainment,koln,nw,www.dumont.de
378,karl mayer holding gmbh & co kg,723.3,"2,500","mayer, forker",1937,private,4,no,no,industrial manufacturing,obertshausen,he,www.karlmayer.de
379,samson ag,722.5,"4,400","sandvo , nothdurft",1907,private,4,no,no,industrial manufacturing,frankfurt am main,he,www.samson.de
380,max weishaupt gmbh,721.3,"3,580",weishaupt,1932,private,2,yes,no,industrial manufacturing,schwendi,bw,www.weishaupt.de
381,sarstedt ag & co kg,719.0,"2,700",sarstedt,1961,private,2,no,no,healthcare,numbrecht,nw,www.sarstedt.com
382,autohaus adelbert moll gmbh & co kg,718.2,528,moll,1932,private,3,yes,yes,retail,du eldorf,nw,www.moll.de
383,tiemeyer automobile ag,717.9,"1,166",tiemeyer,1953,private,2,yes,no,retail,bochum,nw,www.tiemeyer.de
384,gp gunter papenburg ag,715.1,"3,500",papenburg,1963,private,3,yes,yes,industrial manufacturing,hannover,st,www.gp.ag
385,frischli milchwerke gmbh,711.5,743,"schakel, holtorf, winkelmann",1901,private,4,yes,no,foods and beverages,rehburg-loccum,ni,www.frischli.de
386,hacker kuchen gmbh & co kg,710.5,"1,500",finkemeier,1898,private,4,yes,no,consumer products,rodinghausen,nw,www.haecker-kuechen.de
387,fruchthof nagel gmbh,710.2,142,loffler,1949,private,3,yes,no,foods and beverages,neu-ulm,by,www.fruchthof.de
388,lohmann & rauscher international gmbh & co kg,710.0,"4,474",barthu.a.,1851,private,6,no,no,healthcare,neuwied,rp,www.lohmann-rauscher.com
389,fricke group gmbh & co kg,709.9,"2,842",fricke,1923,private,3,yes,no,industrial manufacturing,heeslingen,ni,www.fricke.de
390,hormann holding gmbh & co kg,709.9,"3,200",hormann,1955,private,2,no,no,industrial manufacturing,kirchseeon,by,www.hoermann-gruppe.de
391,scherer holding gmbh & co kg,709.1,"1,900",scherer,1937,private,3,yes,no,industrial manufacturing,simmern,rp,www.scherer-holding.info
392,thimm holding gmbh co kg,708.1,"3,028",thimm,1949,private,3,no,no,industrial manufacturing,northeim,ni,www.thimm.de
393,vetter pharma-fertigung gmbh & co kg,708.1,"4,500",vetter,1950,private,1,no,no,healthcare,ravensburg,bw,www.vetter-pharma.com
394,dehner gmbh & co kg,707.7,"5,000",weber,1947,private,3,yes,no,retail,rain,by,www.dehner.de
395,gebr huttenes gmbh & co kg,701.2,"1,444","huttenes, kuhlgatz",1905,private,4,yes,no,industrial manufacturing,du eldorf,nw,www.huettenes-albertus.com
396,leipa georg leinfelder gmbh,699.9,"1,523",schrodinger,1847,private,n.a.,no,no,industrial manufacturing,schwedt,bb,www.leipa.de
397,mast-jagermeister se,699.7,"1,000","rehm, flugel, kreuter",1878,private,5,no,no,foods and beverages,wolfenbuttel,ni,www.jaegermeister.de
398,riha wesergold getranke gmbh & co kg,698.9,"2,064",hartinger,1934,private,3,yes,no,foods and beverages,rinteln,ni,www.riha.de
399,centrotec sustainable ag,697.7,"3,115",kra ,1981,public,1,no,no,industrial manufacturing,brilon,nw,www.centrotec.de
400,zschimmer & schwarz holding gmbh & co kg,695.6,"1,312","schwarz, zschimmer",1894,private,5,no,no,industrial manufacturing,lahnstein,rp,www.zschimmer-schwarz.com
401,s&g leasing gmbh & co kg,695.0,"1,396","schoemperlen, gast",1898,private,5,no,no,financial services,karlsruhe,bw,www.sug.de
402,wdi - westfalische drahtindustrie gmbh,693.4,"1,404",pampus,1987,private,2,yes,no,industrial manufacturing,hamm,nw,www.wdi.de
403,heinrich winkelmann vermogen kapital gmbh & co kg,693.0,"4,000",winkelmann,1898,private,4,yes,no,industrial manufacturing,ahlen,nw,www.winkelmann-group.de
404,h broring gmbh & co kg,692.7,660,broring,1891,private,4,yes,no,foods and beverages,dinklage,ni,www.broering.com
405,hgdf familienholding ltd & co kg,690.5,"2,200",dethleffsen,1738,private,8,yes,no,industrial manufacturing,flensburg,sh,www.hgdf.de
406,cam eisenholding gmbh & co kg,689.4,"3,700",winter,1951,private,3,no,no,industrial manufacturing,stadtallendorf,he,www.fritzwinter.de
407,serafin gmbh,688.8,"4,000",haindl,1849,private,8,yes,no,financial services,munchen,by,www.serafin-gruppe.de
408,pro seniore eingetragener verein,687.0,"12,000",ostermann,1977,private,1,yes,yes,industrial manufacturing,berlin,be,www.victors-unternehmensgruppe.de
409,turck grunderpool gmbh & co kg,687.0,"4,500","turck, hermes",1965,private,2,no,no,technology,mulheim an der ruhr,nw,www.turck.com
410,musikhaus thomann ek,684.7,"1,500",thomann,1954,private,2,yes,no,retail,burgebrach,by,www.thomann.de
411,polifilm holding gmbh,681.8,"1,572",runkel,1972,private,2,yes,no,industrial manufacturing,koln,nw,www.polifilm.de
412,heller gmbh,681.1,"2,930",heller,1894,private,4,no,no,industrial manufacturing,nurtingen,bw,www.heller.biz
413,bischof klein group,679.5,"2,580","klein, gunther",1892,private,5,no,no,industrial manufacturing,lengerich,nw,www.bk-international.com
414,kk klaas & kock bv & co kg,678.2,"6,649",klaas,1950,private,2,yes,no,consumer products,gronau,nw,www.klaas-und-kock.de
415,lohr & becker ag,678.1,"1,288",lohr,1892,private,4,no,no,retail,koblenz,rp,www.loehrgruppe.de
416,emag gmbh & co kg,675.5,"2,973","hebruggen, pan",1867,private,2,yes,no,industrial manufacturing,salach,bw,www.emag.com
417,pneuhage management gmbh & co kg,669.8,"2,300",schutterle,1953,private,3,yes,no,profe ional services,karlsruhe,bw,www.pneu.com
418,ireks group,666.0,"2,600",ruckdeschel,1856,private,5,yes,yes,foods and beverages,kulmbach,by,www.ireks.com
419,herbrand gmbh,665.2,"1,068","lacek-herbrand, holtermann",1934,private,3,yes,no,retail,kevelaer,nw,www.herbrand.de
420,katjes group,664.1,"2,000","fa in, bachmuller",1910,private,3,yes,no,foods and beverages,emmerich am rhein,nw,www.katjes.de
421,einhell group,663.4,"1,569",thannhuber,1964,public,2,no,no,consumer products,landau an der isar,by,www.einhell.com
422,orafol europe gmbh,661.1,"1,582",loclair,1808,private,2,yes,yes,industrial manufacturing,oranienburg,bb,www.orafol.de
423,nord-schrott gmbh & co kg,660.8,192,la en,1986,private,1,yes,no,industrial manufacturing,flensburg,sh,www.nord-schrott.de
424,gerhard d wempe kg,660.5,750,wempe,1878,private,4,yes,yes,consumer products,hamburg,hh,www.wempe.de
425,erndtebrucker eisenwerk gmbh & co kg,659.9,"2,100","schorge, dietze hein ",1936,private,2,yes,no,industrial manufacturing,erndtebruck,nw,www.eew-group.com
426,bhs corrugated maschinen- und anlagenbau gmbh,658.3,"2,200","bradatsch, engel",1717,private,2,yes,no,industrial manufacturing,weiherhammer,by,www.bhs-world.com
427,martin bauer group,655.4,"3,400",wedel,1930,private,3,yes,no,foods and beverages,vestenbergsgreuth,by,www.the-nature-network.de
428,paul bauder gmbh & co kg,654.9,"1,017",bauder,1857,private,4,yes,no,industrial manufacturing,stuttgart,bw,www.bauder.de
429,max luning gmbh & co kg,654.9,"1,625",rielander,1853,private,6,yes,no,consumer products,rietberg,nw,www.luening.de
430,heidemark gruppe,654.4,355,kalvelage,1968,private,3,yes,no,foods and beverages,ahlhorn,ni,www.heidemark.de
431,piepenbrock unternehmensgruppe gmbh co kg,650.3,"26,506",piepenbrock,1913,private,4,yes,no,profe ional services,osnabruck,ni,www.piepenbrock.de
432,thomas philipps beteiligungs gmbh,649.1,"3,100",philipps,1987,private,2,yes,no,retail,bi endorf,ni,www.thomas-philipps.de
433,recaro holding gmbh,644.9,"2,521",putsch,1965,private,4,yes,no,automotive,stuttgart,bw,www.recaro.com
434,muller fleisch gmbh,642.7,460,muller,1959,private,3,yes,no,foods and beverages,birkenfeld,bw,www.mueller-fleisch.de
435,obo bettermann familien-holding kg,641.2,"4,000",bettermann,1911,private,4,yes,no,technology,menden,nw,www.obo.de
436,ludwig krohne gmbh & co kg,640.8,"3,900",rademacher-dubbick,1921,private,4,yes,no,technology,duisburg,nw,www.krohne.com
437,kuster holding gmbh,638.6,"3,200",kuster,1926,private,3,yes,no,automotive,ehringshausen,he,www.kuester.net
438,l stroetmann gmbh & co kg,633.2,"1,502",stroetmann,1791,private,6,yes,no,consumer products,munster,nw,www.stroetmann.de
439,familie julius thy en verwaltungsges mbh,632.5,"2,487","thy en, wegener, schumacher u.a.",1913,private,5,no,no,profe ional services,mulheim an der ruhr,nw,www.thy enhandel.de
440,montana group gmbh,631.4,220,koburger,1960,private,2,yes,no,energy and utilities,grunwald,by,www.montana-energie.de
441,busch-holding gmbh,629.7,"3,284",busch,1963,private,2,yes,yes,industrial manufacturing,maulburg,bw,www.busch.de
442,molkerei gropper gmbh & co kg,629.7,800,gropper,1929,private,3,yes,no,foods and beverages,bi ingen,by,www.molkerei-gropper.de
443,schneider holding gmbh,629.1,"4,000","schneider, schmidt",1927,private,3,no,no,automotive,kronach,by,www.dr-schneider.com
444,w cla en group,628.1,"1,500",hannig,1963,private,2,yes,no,industrial manufacturing,kaisersesch,rp,www.cla en.de
445,witron logistik informatik gmbh,626.8,"3,500",winkler,1971,private,1,no,no,industrial manufacturing,parkstein,by,www.witron.de
446,hama hamaphot hanke & thomas gmbh & co,626.4,"2,330","hanke, thomas",1923,private,4,yes,no,consumer products,monheim,by,www.hama.de
447,f volckmar gmbh & co kg,625.7,"1,900","thurmann, voerster",1829,private,6,yes,no,retail,stuttgart,bw,www.knv.de
448,brillux gmbh & co kg,625.5,"2,500",konig,1889,private,4,yes,no,industrial manufacturing,munster,nw,www.brillux.de
449,bahlsen gmbh & co kg,624.1,"2,880",bahlsen,1889,private,4,yes,yes,foods and beverages,hannover,ni,www.thebahlsenfamily.com
450,nolte gmbh & cokgaa,623.1,"2,082",nolte,1921,private,4,no,no,consumer products,germersheim,rp,www.nolte.de
451,fuchs group,622.7,"3,000",fuchs,1952,private,2,yes,no,foods and beverages,di en,ni,www.fuchsgruppe.com
452,kotter gmbh & co kg verwaltungsdienstleistungen,619.9,"18,500",kotter,1934,private,3,yes,yes,profe ional services,e en,nw,www.koetter.de
453,kraiburg holding gmbh & co kg,616.2,"2,200","schmidt, westhoff",1947,private,3,yes,yes,industrial manufacturing,waldkraiburg,by,www.kraiburg.de
454,joh berenberg go ler & co kg,614.2,"1,640",berenberg,1590,private,13,no,no,financial services,hamburg,hh,www.berenberg.de
455,stern-wywiol gruppe gmbh & co kg,613.4,"1,500",wywiol,1980,private,2,yes,no,foods and beverages,hamburg,hh,www.stern-wywiol-gruppe.de
456,josef marschall gmbh,612.9,29,geiger,1982,private,3,no,no,foods and beverages,schwaig bei nurnberg,by,www.marschall-schwaig.de
457,erich netzsch gmbh & co holding kg,611.4,"3,550",netzsch,1873,private,5,yes,no,industrial manufacturing,selb,by,www.netzsch.com
458,autohaus widmann gmbh & co kg,611.4,931,widmann,1956,private,2,yes,no,retail,aalen,bw,www.widmannbewegt.de
459,igear se & co kgaa,610.3,"3,700",zimber-morat,1863,private,5,no,no,automotive,donaueschingen,bw,www.imsgear.com
460,westmetall gmbh & co kg,607.9,34,weber,1919,private,3,yes,yes,industrial manufacturing,wuppertal,nw,www.westmetall.com
461,alois poschl gmbh & co kg,606.8,840,"poschl, engels",1902,private,4,yes,yes,foods and beverages,geisenhausen,by,www.poeschl-tobacco.com
462,otto kirchner beteiligungen gmbh,606.8,"4,400",kirchner,1906,private,3,yes,no,financial services,konigsberg,by,www.fraenkische.de
463,heinrich schmid group,606.8,"5,200",schmid,1914,private,4,yes,no,industrial manufacturing,reutlingen,bw,www.heinrich-schmid.de
464,kogel trailer gmbh & co kg,606.8,"1,350",humbaur,1934,private,1,no,yes,industrial manufacturing,burtenbach,by,www.koegel.com
465,ei mann automotive deutschland gmbh,606.4,"5,000",eimann,1964,private,3,no,no,automotive,bad urach,bw,www.ei mann.com
466,ke ebohmer holding ek,601.1,"2,550",ke ebohmer,1954,private,2,yes,no,consumer products,bad e en,ni,www.ke eboehmer.com
467,automobil-verkaufs-gesellschaft joseph bra gmbh & co kg,600.0,"1,104",bra ,1937,private,3,yes,no,retail,aschaffenburg,by,www.bra -gruppe.de
468,ejot holding gmbh & co kg,598.0,"3,119",kocherscheidt,1922,private,3,yes,no,industrial manufacturing,bad berleburg,nw,www.ejot.com
469,hawesko holding gmbh,596.7,"1,170",meyer,1964,public,2,no,no,consumer products,hamburg,hh,www.hawesko.com
470,berger holding gmbh,596.2,"2,572",berger,1905,private,4,yes,no,industrial manufacturing,pa au,by,www.bergerholding.eu
471,lorenz snack-world holding gmbh,595.4,"1,950",bahlsen,1889,private,4,no,yes,foods and beverages,neu-isenburg,he,www.lorenz-snackworld.de
472,moritz j weig gmbh & co kg,595.4,"1,500",weig,1931,private,3,yes,no,industrial manufacturing,mayen,rp,www.weig-packaging.de
473,vector stiftung,595.4,"2,000",hindereru.a.,1988,private,1,yes,no,technology,stuttgart,bw,www.vector.com
474,helu kabel gmbh,592.2,"1,442",luksch,1978,private,1,yes,no,industrial manufacturing,hemmingen,bw,www.helukabel.de
475,gretsch-unitas gmbh,590.7,"1,650",von resch,1907,private,5,yes,no,technology,ditzingen,bw,www.g-u.com
476,georg nordmann holding ag,590.0,750,nordmann,1912,private,4,no,yes,industrial manufacturing,hamburg,hh,www.nrc.de
477,heinrich schmidt group,588.4,433,schmidt,1960,private,3,yes,no,industrial manufacturing,monchengladbach,nw,www.heinrich-schmidt-gruppe.de
478,boschgotthardshutte o breyer gmbh,587.2,"1,821",winterhager,1466,private,3,yes,no,industrial manufacturing,freital,sn,www.bgh.de
479,a hartrodt gmbh & co kg,587.1,"2,078","wenzel, van tienhoven",1887,private,2,yes,no,transportation and logistics,hamburg,hh,www.hartrodt.com
480,coroplast fritz muller gmbh & cokg,586.1,"6,200",muller,1928,private,3,yes,yes,industrial manufacturing,wuppertal,nw,www.coroplast.de
481,grie on - de beukelaer gmbh & co kg,585.2,"2,052","gries, land",1924,private,3,no,yes,foods and beverages,polch,rp,www.grie on-debeukelaer.de
482,frosta ag,584.3,"1,779",ahlers,1961,public,2,yes,no,foods and beverages,bremerhaven,hb,www.frosta-ag.com
483,alfred ritter gmbh & cokg,583.9,"1,089",ritter,1912,private,3,no,no,foods and beverages,waldenbuch,bw,www.ritter-sport.de
484,auto-scholz gmbh & co kg,583.9,"1,098","eidenmuller, prickel",1894,private,4,yes,no,retail,bamberg,by,www.auto-scholz.de
485,develey holding gmbh & co beteiligungs kg,583.9,"2,300",durach,1845,private,2,yes,no,foods and beverages,unterhaching,by,www.develey.de
486,kemna bau andreae gmbh & co kg,583.9,"1,816","kemna, andreae",1867,private,4,no,no,industrial manufacturing,pinneberg,sh,www.kemna.de
487,haver & boecker ohg,579.3,"2,954","festge, haver",1887,private,4,yes,no,industrial manufacturing,oelde,nw,www.haverboecker.com
488,richard kehr gmbh & co kg,577.7,381,kehr,1924,private,3,yes,no,retail,braunschweig,ni,www.kehr.de
489,schuller mobelwerk kg,577.1,"1,662",schuller,1966,private,2,yes,no,consumer products,herrieden,by,www.schueller.de
490,verlag ch beck ohg,574.7,"2,092",beck,1763,private,7,yes,no,media and entertainment,munchen,by,www.beck.de
491,trox gmbh,574.0,"4,000",trox,1951,private,2,no,no,industrial manufacturing,neukirchen-vluyn,nw,www.trox.de
492,birkenstock gmbh & co kg,570.2,"2,552",birkenstock,1774,private,6,no,no,retail,neustadt  wied ,rp,www.birkenstock-group.com
493,lukad holding gmbh & co kg,570.0,"2,512",menshen,1955,private,3,yes,yes,industrial manufacturing,werdohl,nw,www.lukad.com
494,linde wiemann gmbh-kg,569.7,"2,330","schoof, mauden",1939,private,3,yes,no,automotive,dillenburg,he,www.linde-wiemann.com
495,dieffenbacher gmbh,568.3,"1,700",dieffenbacher,1873,private,5,yes,no,industrial manufacturing,eppingen,bw,www.dieffenbacher.de
496,mediengruppe pre edruck,564.9,"3,600","holland, scherer",1945,private,3,yes,yes,media and entertainment,augsburg,by,www.mediengruppe-pd.de
497,index-werke gmbh & co kg,563.6,"2,032",hahn,1914,private,n.a.,no,no,industrial manufacturing,e lingen,bw,www.index-werke.de
498,theodor stiebel werke gmbh & co kg,557.2,"3,700",stiebel,1924,private,3,no,no,financial services,holzminden,ni,www.stiebel-eltron.de
499,amazonen-werke h dreyer gmbh & co kg,557.1,"1,850",dreyer,1883,private,4,yes,no,industrial manufacturing,hasbergen,ni,www.amazone.de
500,w markgraf gmbh & co kg bauunternehmung,556.5,968,markgraf,1932,private,3,no,no,industrial manufacturing,bayreuth,by,www.markgraf-bau.de/

