rank,name,in_2021_ranking,in_2020_ranking,country,sector,absolute_growth_rate_%,compound_annual_growth_rate_(cagr)_%,revenue_2020_(),revenue_2017_(),number_of_employees_2020,number_of_employees_2017,founding_year
1,swappie,no,no,finland,technology,"19,152.82",477.43,"97,611,814","507,000",218,1,2016
2,kilo health,no,no,lithuania,health,"16,541.73",450.05,"57,318,766","344,428",177,10,2013
3,oci,no,no,uk,financial services,"13,133.13",409.59,"568,322,073","4,325,512",32,4,2012
4,onlyfans,no,no,uk,technology,"11,928.05",393.63,"316,732,986","2,652,185",800,4,2016
5,enpal,no,no,germany,energy,"11,441.27",386.88,"56,109,613","486,165",365,9,2017
6,consulting,no,no,germany,waste management & recycling,"8,624.23",343.52,"13,165,586","150,908",9,2,2017
7,thriva,no,no,uk,health,"7,396.77",321.66,"18,732,563","251,668",57,12,2015
8,exotec,no,no,france,industrial goods,"6,635.11",306.86,"47,597,000","706,700",200,15,2015
9,winelivery,no,no,italy,ecommerce,"6,480.53",303.73,"7,337,290","111,500",10,1,2015
10,instabox,no,no,sweden,technology,"6,287.13",299.73,"24,484,879","392,055",117,5,2015
11,waterdrop,no,no,austria,food & beverage,"5,957.94",292.74,"41,205,930","680,197",180,12,2016
12,one lease,no,no,france,support services,"5,790.52",289.09,"9,015,211","153,046",11,2,2016
13,datlas,no,no,italy,technology,"5,713.76",287.39,"9,034,926","155,406",251,13,2017
14,zego,no,no,uk,fintech,"5,242.60",276.63,"12,158,046","229,201",224,36,2016
15,hcl-logistics,no,no,germany,transport,"4,682.15",262.97,"11,387,156","238,118",24,5,2017
16,popsa,no,no,uk,technology,"4,649.68",262.15,"21,455,864","454,975",34,4,2016
17,unit8,no,no,switzerland,technology,"4,377.53",255.10,"7,234,981","149,397",41,2,2017
18,luoto company,no,no,finland,technology,"4,303.97",253.14,"14,338,668","325,585",49,6,2016
19,journi print,no,no,austria,ecommerce,"4,165.75",249.41,"6,851,839","160,624",29,9,2014
20,portify,no,no,france,support services,"4,118.60",248.11,"11,583,215","274,575",228,23,2017
21,tibber,no,no,norway,energy,"4,104.02",247.71,"30,886,935","782,918",45,8,2015
22,rascal industry,no,no,poland,fashion,"4,029.49",245.65,"9,008,822","238,451",18,6,2013
23,pegaso security,no,no,italy,support services,"3,943.64",243.23,"8,375,180","207,120",509,20,2017
24,tide,no,no,uk,fintech,"3,801.56",239.17,"16,136,633","416,562",581,72,2016
25,euro top brand,no,no,italy,retail,"3,726.04",236.96,"13,888,900","363,010",1,1,2017
26,bold security group,no,no,uk,support services,"3,356.60",225.75,"6,238,378","181,772",26,6,2011
27,play magnus group,no,no,norway,games industry,"2,967.63",213.04,"6,461,790","214,673",140,10,2013
28,blue whale growth fund,no,no,uk,financial services,"2,957.41",212.69,"5,189,391","170,950",7,1,2016
29,kazidomi,no,no,belgium,ecommerce,"2,950.29",212.45,"8,042,499","263,663",65,3,2016
30,sun finance,yes,no,latvia,fintech,"2,899.26",210.70,"121,306,296","4,044,537",800,90,2012
31,credimi,no,no,italy,financial services,"2,859.83",209.33,"11,301,520","381,830",56,21,2015
32,sirplus,no,no,germany,retail,"2,828.22",208.23,"4,540,000","155,043",133,8,2017
33,aihr | academy to innovate hr,no,no,the netherlands,education,"2,752.08",205.53,"3,584,553","125,682",31,6,2016
34,logistics capital partners lcp,no,no,luxembourg,property,"2,744.13",205.25,"210,563,743","7,403,458",27,9,2015
35,sudwest invest,no,no,germany,property,"2,660.84",202.24,"5,820,402","210,820",10,2,2017
36,corade plurimmo,no,no,france,property,"2,646.07",201.70,"56,018,731","2,039,961",7,7,2000
37,carranco,no,no,spain,food & beverage,"2,589.10",199.60,"4,176,440","155,310",5,4,2006
38,telemedi,no,no,poland,health,"2,572.52",198.98,"4,452,513","182,100",50,10,2014
39,inkitt,no,no,germany,technology,"2,480.16",195.49,"5,926,970","229,713",56,22,2014
40,hktrading,no,no,italy,retail,"2,438.64",193.90,"5,721,590","225,380",2,1,2016
41,attest,no,no,uk,technology,"2,424.14",193.34,"4,864,178","194,090",124,16,2015
42,lgm immobilier,no,no,france,property,"2,416.78",193.05,"2,549,778","101,311",11,na,2016
43,wolfram chain,no,no,the netherlands,management consulting,"2,314.21",189.02,"2,431,371","100,711",29,7,2017
44,rightnow,no,no,germany,technology,"2,256.98",186.72,"8,951,132","379,771",38,3,2017
45,eo charging,yes,no,uk,technology,"2,182.00",183.64,"17,158,962","757,323",63,7,2014
46,chetariffait,no,no,italy,support services,"2,164.85",182.93,"2,495,860","110,200",9,2,2013
47,simply,no,no,uk,financial services,"2,131.19",181.52,"16,483,836","744,092",90,26,2017
48,salary finance,no,no,uk,fintech,"2,130.67",181.50,"8,593,220","387,995",187,24,2015
49,dbt,no,no,sweden,fintech,"2,090.34",179.79,"3,837,994","179,204",10,2,2017
50,tutlo,no,no,poland,education,"2,087.98",179.69,"7,778,203","388,565",140,15,2016
51,ponera,no,no,france,ecommerce,"2,082.38",179.45,"25,901,607","1,186,853",27,4,2013
52,active energy solutions,no,no,greece,energy,"1,979.82",175.01,"13,312,033","640,056",2,0,2014
53,acteam enr,no,no,france,energy,"1,966.73",174.43,"2,133,691","103,240",8,2,2012
54,everflow,yes,no,uk,technology,"1,928.53",172.73,"64,223,085","3,188,715",70,8,2015
55,azure prism,no,no,uk,retail,"1,909.48",171.87,"4,752,777","238,216",1,1,2016
56,wr logistics,no,no,germany,transport,"1,892.58",171.11,"11,662,200","585,280",7,2,2017
57,iproov,no,no,uk,technology,"1,889.07",170.95,"7,435,887","376,519",61,14,2011
58,spin up,no,no,italy,advertising,"1,865.84",169.89,"4,009,330","203,950",5,1,2017
59,begreat,no,no,germany,retail,"1,803.65",167.01,"5,141,555","270,090",16,4,2012
60,tsunami nutrition,no,no,italy,ecommerce,"1,782.11",166.00,"6,945,000","369,000",17,2,2017
61,matt sleeps,no,no,the netherlands,interiors,"1,729.53",163.50,"9,789,240","535,070",6,2,2016
62,tessian,no,no,uk,technology,"1,702.70",162.21,"15,365,580","858,482",138,28,2013
63,solarisbank,no,no,germany,financial services,"1,690.63",161.62,"35,938,000","2,007,000",369,98,2016
64,m2dg myflexoffice,no,no,france,support services,"1,666.64",160.45,"6,630,617","375,323",21,2,2016
65,eukon,no,no,italy,health,"1,664.65",160.35,"6,393,680","362,320",11,2,2004
66,evolution adv,no,no,italy,advertising,"1,659.07",160.07,"14,175,780","805,870",13,3,2016
67,making science,yes,yes,spain,technology,"1,644.00",159.33,"57,670,541","3,306,795",274,47,2001
68,everli,yes,yes,italy,ecommerce,"1,637.55",159.01,"109,248,030","6,287,460",207,45,2014
69,appfollow,no,no,finland,technology,"1,624.69",158.37,"2,210,636","128,176",73,12,2014
70,synerise,no,no,poland,technology,"1,613.70",157.82,"3,999,023","255,062",190,40,2013
71,chaikola,no,no,poland,food & beverage,"1,604.74",157.37,"5,158,786","330,763",8,4,2010
72,scolution,no,no,germany,technology,"1,598.31",157.04,"1,825,546","107,492",12,4,2015
73,jl&p,no,no,france,energy,"1,586.90",156.47,"2,212,606","131,164",15,3,2017
74,efarmacom,no,no,italy,pharmaceuticals,"1,579.82",156.11,"20,150,800","1,199,580",50,8,2017
75,elvie,yes,yes,uk,technology,"1,561.33",155.16,"40,813,930","2,474,341",138,22,2013
76,farmarelax,no,no,italy,personal & household goods,"1,546.97",154.43,"4,459,170","270,750",5,1,2010
77,omnisend,yes,no,uk,technology,"1,494.85",151.71,"11,761,268","742,746",99,20,2008
78,world trade group,no,no,italy,fashion,"1,459.11",149.82,"4,897,950","314,150",5,1,2017
79,besteam conseil,no,no,france,technology,"1,453.83",149.54,"3,871,782","249,176",32,2,2016
80,motorway,no,no,uk,automobiles,"1,420.90",147.76,"4,838,407","320,411",96,5,2016
81,iso public services,no,no,germany,technology,"1,389.24",146.03,"10,019,903","672,821",26,0,2014
82,octopus energy,yes,no,uk,energy,"1,368.58",144.89,"2,120,071,949","145,398,192",918,106,2015
83,cyberiam,no,no,uk,cyber security,"1,367.04",144.80,"5,639,335","387,161",82,8,2017
84,cbweed,no,no,italy,personal & household goods,"1,328.57",142.64,"3,500,000","245,000",17,2,2017
85,catraport,no,no,portugal,automobiles,"1,306.55",141.39,"7,294,549","518,613",46,18,2015
86,ouihelp,no,no,france,support services,"1,304.85",141.29,"3,686,617","262,421",106,13,2016
87,inpay,yes,no,denmark,fintech,"1,298.53",140.93,"23,803,000","1,702,000",67,33,2013
88,mgi meccaniche generali irpine,no,no,italy,industrial goods,"1,283.67",140.07,"2,610,700","188,680",10,4,2017
89,glencar construction,yes,no,uk,construction,"1,269.90",139.27,"107,860,442","7,930,094",80,7,2016
90,qmee,yes,no,uk,technology,"1,268.04",139.17,"12,571,314","925,527",23,9,2010
91,myappfree,no,no,italy,advertising,"1,264.72",138.97,"5,764,870","422,420",10,1,2015
92,investa dienstleistungen,no,no,germany,support services,"1,262.58",138.85,"2,176,136","159,707",55,8,2014
93,polarium energy solutions,yes,no,sweden,batteries,"1,257.04",138.52,"74,065,413","5,581,858",58,19,2014
94,baroni home,no,no,italy,ecommerce,"1,254.32",138.36,"1,531,358","113,072",5,4,2016
95,dayshape,no,no,uk,technology,"1,251.43",138.19,"3,320,479","247,465",45,6,2013
96,marketers company,no,no,italy,advertising,"1,249.94",138.11,"1,880,460","139,300",8,3,2016
97,easo magno,no,no,spain,beauty,"1,242.47",137.67,"3,061,854","228,076",5,2,2017
98,greyfood,no,no,germany,retail,"1,241.42",137.60,"9,187,050","684,874",10,1,2016
99,misfits health,no,no,uk,food & beverage,"1,234.31",137.18,"2,266,155","171,057",9,3,2016
100,meilleursbienscom,no,no,france,property,"1,225.70",136.67,"3,864,176","291,481",5,1,2010
101,fasanara capital,no,no,uk,financial services,"1,216.25",136.11,"11,527,860","882,099",36,5,2011
102,ntechlab,no,no,cyprus,technology,"1,214.76",136.02,"8,730,000","664,000",122,44,2015
103,babylino sensitive,no,no,italy,personal & household goods,"1,211.43",135.82,"2,851,840","217,460",5,2,2016
104,fastned,yes,no,the netherlands,technology,"1,198.37",135.03,"6,890,000","530,667",54,24,2012
105,oxray,no,no,portugal,health,"1,179.02",133.86,"5,465,756","427,339",6,2,2009
106,zega invest,no,no,germany,property,"1,163.47",132.91,"3,785,340","299,598",4,3,2017
107,abylon consulting,no,no,hungary,technology,"1,156.25",132.47,"1,721,315","159,128",7,2,2016
108,milrab,no,no,norway,ecommerce,"1,151.36",132.16,"79,302,201","6,753,191",77,20,2005
109,urbantz,no,no,belgium,technology,"1,150.62",132.12,"3,031,099","242,368",55,7,2015
110,tricas construction,no,no,uk,construction,"1,148.16",131.97,"15,880,745","1,281,462",32,6,2017
111,florence one,no,no,italy,technology,"1,137.06",131.28,"1,629,099","131,691",10,6,2017
112,ergotopia,no,no,germany,retail,"1,135.70",131.19,"7,664,825","620,283",35,8,2014
113,mculecom kft,yes,no,hungary,chemicals & pharmaceuticals,"1,133.10",131.03,"2,683,264","252,713",17,5,2011
114,filo,no,no,italy,technology,"1,132.04",130.96,"10,049,610","815,690",18,9,2014
115,homepal,no,no,italy,property,"1,131.09",130.90,"1,603,990","130,290",11,4,2014
116,staffbase,no,no,germany,technology,"1,121.82",130.32,"26,894,501","2,201,178",310,55,2014
117,ilon materiel,no,no,france,construction,"1,111.76",129.69,"2,512,300","207,327",4,2,2016
118,bio-marine,no,no,ireland,personal & household goods,"1,110.84",129.63,"1,612,837","133,200",25,7,2014
119,isodeco,no,no,france,construction,"1,103.81",129.18,"2,906,133","241,411",18,2,2016
120,treedom,no,no,italy,support services,"1,097.84",128.81,"6,709,720","560,150",42,18,2010
121,fenstermaxx24,no,no,germany,retail,"1,087.64",128.15,"8,466,121","712,855",20,3,2016
122,pohl & sohne gerustbau,no,no,germany,construction,"1,075.04",127.34,"2,124,763","180,824",31,7,2017
123,yso corp,no,no,france,media,"1,073.57",127.25,"6,689,503","570,012",13,3,2013
124,gyada cosmetics,no,no,italy,beauty,"1,072.49",127.18,"1,830,610","156,130",10,2,2017
125,privitar,yes,no,uk,technology,"1,068.59",126.93,"9,923,965","855,321",190,47,2014
126,delineate,no,no,uk,technology,"1,065.09",126.70,"3,332,661","288,095",25,1,2015
127,spyrosoft,yes,no,poland,technology,"1,061.67",126.48,"24,721,755","2,326,082",563,75,2016
128,bio energy solutions,no,no,slovakia,waste management & recycling,"1,057.21",126.19,"16,006,537","1,383,205",37,6,2014
129,increso,no,no,italy,management consulting,"1,049.47",125.68,"3,230,000","281,000",51,2,2015
130,lsg - logistic & service group,no,no,italy,transport,"1,041.38",125.15,"8,873,180","777,410",46,1,2016
131,energihem,no,no,sweden,construction,"1,033.39",124.63,"28,004,684","2,527,006",125,19,2015
132,amity,no,no,uk,technology,"1,019.79",123.72,"5,743,440","522,712",164,48,2012
133,goyago,no,no,germany,retail,"1,005.08",122.74,"3,729,920","337,525",43,4,2014
134,la regie de portage salarial,no,no,france,support services,"1,003.16",122.61,"7,638,731","692,440",140,23,2016
135,dall energy,yes,yes,denmark,energy,991.29,121.81,"6,013,000","551,000",15,5,2007
136,appinio,no,no,germany,technology,988.35,121.61,"3,597,000","330,500",44,5,2014
137,pinsami,no,no,italy,food & beverage,975.16,120.71,"4,892,000","455,000",33,14,2015
138,aer trading,no,no,france,retail,969.96,120.35,"17,575,388","1,643,572",1,1,2013
139,valumen,no,no,france,support services,968.54,120.26,"2,196,424","205,554",4,1,2014
140,follow,no,no,france,advertising,964.02,119.95,"6,844,818","643,299",14,4,2016
141,darpdecade,no,no,germany,retail,954.24,119.27,"6,624,660","628,384",173,4,2016
142,bolt,yes,yes,estonia,technology,949.32,118.93,"221,393,889","21,098,843",1798,399,2013
143,kiteworldshopcom,no,no,italy,ecommerce,941.48,118.38,"1,671,984","160,539",5,2,2014
144,peter kenkel,no,yes,germany,retail,938.81,118.20,"22,137,000","2,131,000",19,10,2006
145,templafy,yes,no,denmark,technology,937.64,118.11,"15,486,451","1,521,010",292,32,2014
146,comservice,no,no,italy,support services,935.17,117.94,"2,016,300","194,780",99,17,2014
147,falcor presse,no,no,italy,industrial goods,927.28,117.38,"2,996,770","291,720",5,1,2017
148,roomraccoon,no,no,the netherlands,technology,927.15,117.38,"1,715,334","167,000",40,8,2017
149,signaturit,yes,yes,spain,technology,921.07,116.95,"5,639,953","552,355",95,37,2013
150,modulr,no,no,uk,fintech,914.74,116.50,"12,789,098","1,269,382",191,31,2015
151,profishop,no,no,germany,ecommerce,909.37,116.11,"43,812,068","4,340,517",63,17,2012
152,floer,no,no,the netherlands,interiors,908.11,116.02,"2,520,013","249,975",15,2,2015
153,audiosalus,no,no,italy,retail,904.15,115.74,"1,569,480","156,300",12,4,2011
154,statsbomb,no,no,uk,technology,897.81,115.29,"2,027,170","204,620",26,2,2016
155,theras biocare,yes,no,italy,pharmaceuticals,888.84,114.64,"26,633,230","2,693,390",8,2,2013
156,stenn,no,no,uk,fintech,886.94,114.50,"29,615,571","3,058,141",61,32,2016
157,nanushka,yes,yes,hungary,fashion,884.55,114.33,"20,825,934","2,456,563",180,30,2012
158,dpm - deutsches personal management,yes,no,germany,support services,882.56,114.18,"2,267,760","230,800",60,10,2016
159,monese,no,no,uk,fintech,880.00,114.00,"18,196,451","1,870,109",243,84,2013
160,arquimea,yes,no,spain,technology,867.03,113.05,"72,044,361","7,450,099",288,40,2005
161,groupe perspective,no,no,france,education,866.15,112.98,"2,709,000","280,390",18,4,2013
162,funnel,yes,no,sweden,technology,866.06,112.98,"11,499,031","1,217,338",155,37,2014
163,living quarter,no,no,germany,health,847.68,111.62,"5,016,731","529,371",49,5,2015
164,svea solar,no,no,sweden,energy,842.47,111.23,"66,146,911","7,177,912",287,38,2013
165,bevcraft group,no,no,ireland,food & beverage,842.21,111.21,"4,046,859","429,505",16,6,2016
166,learning technologies group,yes,no,uk,technology,834.19,110.61,"19,446,429","2,096,570",932,767,2013
167,cura farma,no,no,italy,health,825.58,109.96,"4,436,220","479,290",9,2,2014
168,kamado bono,no,no,lithuania,personal & household goods,824.45,109.88,"6,801,734","735,758",7,2,2013
169,sipadan,no,no,spain,management consulting,823.89,109.83,"3,457,203","374,200",47,3,2007
170,dateio,no,no,czech republic,fintech,812.34,108.95,"4,710,733","530,785",45,18,2013
171,crest investment,yes,no,germany,property,811.16,108.86,"4,857,817","533,144",16,4,2016
172,componenti digitali,no,no,italy,retail,808.60,108.67,"2,805,850","308,810",19,2,2017
173,immo-konzepte,no,no,germany,property,797.40,107.81,"2,269,276","252,871",6,3,2006
174,swipbox,no,no,denmark,technology,792.08,107.40,"9,391,760","1,052,796",41,3,2014
175,nextory,no,no,sweden,media,790.71,107.29,"26,534,087","3,046,667",85,9,2015
176,itds polska,yes,no,poland,technology,789.96,107.23,"8,609,941","1,057,443",176,32,2016
177,savait,no,no,italy,ecommerce,787.93,107.07,"2,108,040","237,410",5,4,2015
178,adpone,yes,no,spain,advertising,786.15,106.94,"11,124,512","1,255,372",18,3,2015
179,nord security,no,no,lithuania,cyber security,785.05,106.85,"156,623,915","18,035,029",1000,350,2012
180,mews,yes,no,the netherlands,technology,784.47,106.81,"22,386,000","2,531,000",226,25,2012
181,titulae,no,no,spain,education,783.80,106.75,"4,870,863","551,128",35,9,2015
182,systemeio,no,no,ireland,ecommerce,780.26,106.48,"2,407,982","273,552",40,5,2016
183,eodh sa,no,no,greece,aerospace & defence,765.91,105.35,"2,597,612","299,988",30,20,2003
184,multix solutions,yes,no,italy,health,764.38,105.23,"11,586,460","1,340,430",5,2,2015
185,b2digit,no,no,france,technology,763.88,105.19,"1,978,128","228,982",12,2,2016
186,a million ads,no,no,uk,advertising,761.93,105.03,"4,882,837","570,564",47,5,2015
187,woodwatch,yes,no,the netherlands,retail,758.51,104.76,"5,590,390","651,170",25,5,2013
188,fenetres du doubs,no,no,france,construction,753.42,104.36,"2,238,347","262,280",12,3,2010
189,koesea,no,no,germany,construction,750.00,104.08,"3,400,000","400,000",65,3,2016
190,podium advanced technologies,yes,yes,italy,automobiles,744.97,103.68,"18,025,740","2,133,310",38,14,2011
191,spegra,no,no,croatia,construction,744.07,103.61,"17,059,791","2,025,879",166,109,2010
192,gpainnova,yes,yes,spain,industrial goods,739.66,103.25,"15,245,617","1,815,680",117,18,2013
193,soluzione tasse,no,no,italy,management consulting,736.20,102.97,"18,939,430","2,264,940",23,4,2016
194,velocultour,no,no,germany,retail,731.33,102.58,"2,458,500","295,731",15,2,2016
195,butorpiachu,no,no,hungary,ecommerce,731.00,102.55,"2,184,336","305,268",7,2,2011
196,success solutions,no,no,czech republic,technology,727.39,102.26,"2,633,664","327,218",44,8,2016
197,bug bite thing europe,no,no,denmark,health,722.29,101.84,"1,577,878","191,679",1,1,1989
198,dexatel,yes,yes,estonia,technology,721.49,101.78,"11,087,980","1,349,733",24,4,2015
199,gemco,no,no,italy,construction,718.65,101.54,"3,941,900","481,510",6,1,2015
200,lyonnaise de construction et renovation,no,no,france,construction,717.46,101.44,"6,640,842","812,371",,,2015
201,gousto,yes,yes,uk,food & beverage,713.62,101.13,"210,945,370","26,112,757",702,204,2012
202,winter in venice,no,no,uk,beauty,710.72,100.89,"12,682,062","1,575,522",6,4,2010
203,infratech bau,yes,yes,germany,construction,710.04,100.83,"60,067,088","7,415,334",72,18,2007
204,4streets building innovation tunnels bridges roads,no,no,italy,construction,708.86,100.74,"6,739,630","833,230",46,3,2016
205,landbay,yes,yes,uk,fintech,708.18,100.68,"8,980,496","1,119,178",95,31,2013
206,degoo,no,no,sweden,technology,708.03,100.67,"1,973,775","249,818",18,3,2012
207,franco fresco,yes,yes,germany,food & beverage,707.67,100.64,"50,723,858","6,280,267",320,52,2016
208,lendable,no,no,uk,fintech,707.63,100.63,"40,305,193","5,026,349",84,25,2014
209,ulrich muller wealth academy,no,no,germany,education,698.59,99.88,"3,516,744","440,369",6,2,2014
210,cerascreen,yes,yes,germany,health,698.46,99.87,"10,499,782","1,315,000",84,19,2012
211,eqinov,yes,no,france,energy,696.48,99.71,"70,183,744","8,811,708",43,24,2011
212,serre famiglia pederiva viticoltori dal 1958,no,no,italy,food & beverage,695.08,99.59,"9,022,020","1,134,730",12,7,1996
213,bloom & wild,no,no,uk,ecommerce,693.19,99.43,"155,595,726","19,757,296",170,68,2013
214,brautigam,no,no,germany,automobiles,693.15,99.43,"6,315,124","796,207",29,9,2016
215,newil & bau,yes,no,finland,construction,693.05,99.42,"19,420,672","2,448,858",7,1,2006
216,id finance,yes,yes,spain,fintech,687.67,98.97,"103,634,000","13,157,000",411,271,2015
217,kry,no,no,sweden,health,683.39,98.61,"77,764,611","10,152,222",600,74,2014
218,sixth sense,yes,no,italy,technology,682.63,98.54,"3,916,570","500,440",25,4,2015
219,nethive,yes,no,italy,cyber security,681.63,98.46,"3,960,770","506,730",19,7,2014
220,latitude investment management,no,no,uk,financial services,680.23,98.34,"1,750,466","225,964",8,3,2016
221,qred,yes,yes,sweden,fintech,679.70,98.29,"30,414,122","3,989,355",68,10,2015
222,oculavis,no,no,germany,technology,678.11,98.16,"3,924,472","504,357",55,15,2016
223,the information lab,no,no,italy,technology,675.86,97.97,"4,253,110","548,180",30,5,2015
224,md sonnenschutztechnik,no,no,germany,construction,675.34,97.92,"4,068,621","524,750",10,6,2015
225,syntio,no,no,croatia,technology,673.74,97.79,"2,127,532","274,966",43,7,2017
226,bomae,no,no,denmark,financial services,673.44,97.76,"1,662,487","214,713",13,3,2016
227,gophr,no,no,uk,technology,665.31,97.07,"5,738,336","755,191",18,6,2014
228,memory pc,yes,no,germany,retail,662.76,96.85,"57,375,000","7,522,000",110,20,2012
229,sollis solargrohandel,no,no,germany,retail,661.92,96.77,"11,860,100","1,556,607",6,2,2017
230,spotawheel,yes,no,greece,automobiles,660.16,96.62,"15,646,588","2,058,315",123,37,2015
231,ooni pizza ovens,yes,yes,uk,personal & household goods,656.17,96.28,"63,879,414","8,508,398",83,18,2012
232,robovox distributions,no,no,germany,retail,655.91,96.26,"19,427,000","2,570,000",35,10,2015
233,centralnic group,no,no,uk,technology,655.01,96.18,"197,260,279","26,626,422",650,92,2000
234,bernd andert transporte,no,no,germany,transport,651.57,95.88,"4,105,262","546,226",83,16,2003
235,bluewater bio,no,no,uk,technology,651.07,95.84,"20,201,424","2,708,983",18,16,2007
236,tecma solutions,yes,yes,italy,technology,650.65,95.80,"7,319,870","975,140",107,25,2012
237,delante,yes,no,poland,sales & marketing,645.92,95.39,"2,160,094","316,525",48,21,2015
238,intumind,yes,no,germany,health,641.45,95.00,"6,560,962","884,885",15,8,2015
239,saljol,no,no,germany,health,640.72,94.93,"4,146,403","559,778",15,10,2016
240,tkd solutions,no,no,germany,telecoms,639.39,94.82,"15,874,245","2,146,950",20,9,2014
241,kuori,no,no,finland,technology,635.85,94.50,"2,501,902","340,000",15,5,2016
242,ferroamp,yes,no,sweden,energy,635.77,94.50,"7,645,003","1,062,649",42,21,2010
243,valor real estate partners,no,no,uk,financial services,634.70,94.40,"4,534,588","621,636",23,6,2016
244,anexiti,no,no,france,technology,633.03,94.26,"2,565,735","350,019",14,2,2013
245,genius,no,no,france,support services,631.54,94.12,"2,417,902","330,522",23,6,2017
246,instilla,yes,no,italy,advertising,629.15,93.91,"2,993,310","410,520",31,3,2015
247,footdistrict,yes,yes,spain,ecommerce,628.49,93.85,"14,942,262","2,051,133",60,12,2012
248,spiideo,yes,no,sweden,technology,627.38,93.76,"4,799,358","674,805",36,12,2012
249,contractpodai,no,no,uk,technology,626.96,93.72,"4,875,622","670,685",118,14,2012
250,tarhan bauausfuhrungen,no,no,germany,construction,625.88,93.62,"1,851,000","255,000",15,5,2017
251,matillion,no,no,uk,technology,624.36,93.49,"24,580,709","3,417,815",218,44,2010
252,extra mile live service,no,no,germany,retail,623.62,93.42,"2,637,501","364,485",5,2,2017
253,littlebig connection,no,yes,france,support services,612.55,92.43,"111,538,883","15,653,388",173,17,2013
254,spc general service,yes,no,italy,construction,611.08,92.30,"6,788,660","954,700",50,15,2011
255,jobandtalent,yes,yes,spain,technology,608.12,92.03,"352,879,165","49,833,511",801,156,2008
256,financial house,no,no,uk,fintech,608.11,92.03,"18,766,625","2,669,247",20,14,2016
257,mylead,no,no,poland,sales & marketing,607.97,92.02,"2,004,501","309,471",42,8,2013
258,mia-platform,yes,yes,italy,technology,605.35,91.78,"6,515,510","923,730",74,15,2016
259,tecnimed,no,no,italy,health,604.94,91.74,"9,551,790","1,354,980",32,20,1976
260,longevity partners,no,no,uk,retail,601.43,91.42,"2,336,243","335,460",22,5,2015
261,nexumstp,yes,yes,italy,management consulting,601.37,91.42,"25,667,400","3,659,630",345,56,2015
262,g-on,no,no,france,support services,598.10,91.12,"1,810,459","259,342",16,3,2016
263,picnic,no,no,uk,advertising,590.77,90.45,"1,508,869","219,999",10,3,2016
264,egomnia,no,no,italy,technology,586.95,90.10,"1,901,140","276,750",36,2,2012
265,loyaltylion,no,no,uk,technology,586.89,90.09,"4,483,296","657,382",40,10,2012
266,remarkable,no,no,norway,technology,581.48,89.59,"115,793,390","18,106,514",142,22,2016
267,kubrick,yes,no,uk,management consulting,580.10,89.46,"32,614,354","4,829,922",673,119,2016
268,contrader,yes,no,italy,technology,579.81,89.44,"4,682,960","688,860",35,7,2012
269,samont,yes,no,germany,industrial goods,579.56,89.41,"19,577,339","2,880,891",89,39,2008
270,sirive,no,no,italy,construction,578.64,89.33,"4,527,690","667,170",5,1,2017
271,multienergia verde,no,no,spain,energy,576.76,89.15,"146,453,604","21,640,253",15,10,2014
272,wielandts upmt,no,no,belgium,technology,575.79,89.06,"1,529,270","226,295",6,1,2013
273,asket,no,no,sweden,fashion,573.05,88.81,"6,525,278","991,534",13,4,2015
274,central warehouse solution,no,no,czech republic,transport,569.09,88.44,"1,788,545","274,790",45,10,2015
275,chef in camicia,no,no,italy,advertising,566.63,88.20,"2,071,960","310,810",21,2,2015
276,piper homes,no,no,uk,construction,566.22,88.17,"30,436,232","4,601,266",28,9,2015
277,alturas cubiertas y fachadas,no,no,spain,construction,564.06,87.96,"9,375,243","1,411,811",33,12,2014
278,autosalon uhingen,no,no,germany,automobiles,563.94,87.95,"10,540,000","1,587,500",11,2,2015
279,yumi beauty,no,no,france,chemicals & pharmaceuticals,561.59,87.73,"2,678,257","404,819",5,1,2013
280,for me lab,no,no,france,ecommerce,556.12,87.21,"1,652,073","251,795",7,2,2016
281,stockholelbolag,no,no,sweden,energy,555.65,87.16,"32,265,912","5,033,032",25,7,2015
282,flohr,no,no,germany,waste management & recycling,555.52,87.15,"21,249,638","3,241,629",84,21,1999
283,agricodem,no,no,italy,agricultural commodities,554.25,87.03,"2,856,530","436,610",4,1,2008
284,dach schutzbekleidung,no,no,germany,industrial goods,552.07,86.82,"45,227,730","6,936,038",80,14,2005
285,em-tec energiemontagen,no,no,germany,construction,551.35,86.75,"3,002,729","461,000",16,7,2017
286,wave studio,no,no,romania,technology,550.00,86.63,"4,105,688","656,172",9,8,2014
287,bazzar,no,no,croatia,retail,548.14,86.45,"6,686,617","1,034,093",17,3,2013
288,cybersprint,yes,no,the netherlands,cyber security,548.05,86.44,"2,914,738","449,771",43,10,2015
289,brandon group,yes,no,italy,ecommerce,546.65,86.30,"32,039,000","4,954,590",34,19,2012
290,feiniko handelsgesellschaft,yes,yes,germany,retail,546.03,86.24,"32,168,909","4,979,484",13,1,2014
291,pharmagrin,no,no,italy,health,539.22,85.59,"2,701,410","422,610",21,2,2015
292,life m,no,no,czech republic,technology,538.99,85.57,"2,001,844","322,050",3,1,2016
293,plasticos dao / sacos & saquetas,no,no,portugal,industrial goods,538.61,85.53,"1,946,703","304,833",16,5,2012
294,logipal24,yes,no,germany,transport,529.56,84.65,"4,967,568","789,058",70,19,2010
295,pastbook,yes,yes,the netherlands,technology,527.70,84.47,"33,651,532","5,361,088",22,23,2012
296,bluefin,yes,no,uk,ecommerce,527.48,84.45,"28,993,287","4,653,721",21,6,2013
297,milk & honey pr,no,no,uk,sales & marketing,526.03,84.30,"1,528,900","245,974",18,4,2016
298,prodeval,no,no,france,energy,525.30,84.23,"73,514,217","11,756,712",220,70,1990
299,virta,yes,yes,finland,technology,524.73,84.18,"11,029,402","1,765,457",110,23,2013
300,bizaway,yes,no,italy,travel & leisure,523.93,84.10,"1,989,950","318,940",28,4,2015
301,karl & leon,no,no,france,retail,520.62,83.77,"2,391,019","385,266",6,2,2015
302,identity,no,no,uk,management consulting,517.38,83.45,"22,885,804","3,733,539",80,39,2001
303,blackbelt holding,no,no,hungary,technology,517.01,83.41,"5,695,000","923,000",55,4,2016
304,dynveo,no,no,france,retail,515.99,83.31,"3,687,780","598,678",13,1,2010
305,favi,no,no,czech republic,ecommerce,515.51,83.26,"24,995,030","4,174,549",29,7,2016
306,hopkins,no,no,finland,sales & marketing,514.46,83.16,"4,534,346","737,936",27,4,2016
307,ap italian luxury,yes,no,italy,fashion,513.48,83.06,"4,283,930","698,300",7,3,2016
308,novicap,yes,yes,uk,fintech,513.18,83.03,"3,383,802","551,848",45,20,2015
309,iglm store,no,no,italy,ecommerce,509.86,82.70,"7,790,420","1,277,410",5,1,2013
310,luis technology,no,no,germany,technology,507.97,82.51,"10,000,511","1,644,899",41,8,1999
311,quantexa,yes,no,uk,fintech,505.07,82.22,"33,902,755","5,643,295",275,55,2016
312,enerbrain,no,no,italy,energy,502.79,81.99,"4,131,370","685,370",37,9,2014
313,brinckmann,no,no,germany,construction,502.19,81.93,"6,037,461","1,002,579",28,7,2013
314,lmg building,yes,no,italy,construction,499.55,81.67,"6,255,970","1,043,440",12,6,1982
315,nordic unmanned,yes,no,norway,aerospace & defence,498.36,81.55,"6,305,237","1,122,907",33,12,2013
316,hemisphere,no,no,france,property,493.89,81.09,"6,484,822","1,091,925",6,2,2017
317,therapiezentrumcom nw,no,no,germany,health,491.72,80.87,"2,916,337","492,860",87,23,2017
318,beauhurst,no,no,uk,technology,488.50,80.54,"5,355,215","916,511",82,39,2010
319,cun cargo carriers,no,no,romania,transport,488.24,80.52,"7,103,702","1,207,613",49,43,2017
320,mg project,yes,no,italy,telecoms,487.83,80.48,"8,208,450","1,396,400",34,23,2016
321,bonmea,yes,no,germany,retail,487.47,80.44,"14,597,418","2,484,783",6,3,2015
322,oceanis yachts,no,no,italy,travel & leisure,486.88,80.38,"3,059,130","521,250",6,2,2007
323,opus db,no,no,france,construction,486.24,80.31,"12,171,118","2,076,139",8,2,2016
324,devensys cybersecurity,no,no,france,technology,486.08,80.30,"3,403,055","580,644",27,9,2013
325,project agora,no,no,cyprus,advertising,485.69,80.26,"19,798,875","3,380,420",104,25,2016
326,bettertrust,no,no,germany,advertising,483.67,80.05,"4,981,938","853,561",19,5,2012
327,banale,no,no,italy,ecommerce,482.78,79.96,"2,051,370","352,000",10,3,2014
328,maatwerk online,no,no,the netherlands,sales & marketing,481.07,79.78,"1,673,382","287,985",17,5,2013
329,les constructeurs du bois,no,no,france,property,479.95,79.67,"5,087,783","877,275",6,1,2011
330,esserre pharma,no,no,italy,pharmaceuticals,479.40,79.61,"2,556,640","441,260",10,6,2013
331,onbuycom,no,no,uk,ecommerce,478.83,79.55,"2,720,319","473,344",18,8,2014
332,gojob,yes,no,france,support services,478.65,79.53,"40,546,000","7,007,000",108,27,2015
333,newroom,no,no,germany,retail,474.45,79.09,"3,669,217","638,739",10,6,2016
334,christmas the original,no,no,italy,retail,474.38,79.09,"1,994,200","347,190",9,3,2016
335,dimaxbau,no,no,germany,construction,473.16,78.96,"2,003,989","349,641",16,5,2016
336,comnovis it,no,no,germany,technology,471.65,78.80,"1,900,000","332,372",9,2,2013
337,die direktkontakter,no,no,germany,support services,471.60,78.80,"2,818,000","493,000",8,4,2016
338,mega trasporti,yes,no,italy,transport,470.40,78.67,"18,168,170","3,185,180",400,30,2010
339,lehibou,yes,no,france,technology,470.21,78.65,"13,816,792","2,423,113",40,9,2014
340,stufe a pellet italia,yes,no,italy,interiors,469.76,78.61,"3,598,050","631,500",13,3,2014
341,aquis exchange,yes,yes,uk,financial services,469.71,78.60,"12,824,155","2,267,165",46,31,2012
342,chattermill,yes,no,uk,technology,468.80,78.51,"2,306,045","408,336",50,8,2015
343,schonertel,no,no,germany,construction,468.18,78.44,"16,388,546","2,884,392",45,10,2016
344,global work,yes,yes,italy,telecoms,467.98,78.42,"3,174,000","558,820",57,8,2011
345,allygatr,no,no,germany,support services,465.92,78.20,"1,914,500","338,300",9,1,2012
346,cru wine,yes,yes,uk,food & beverage,465.78,78.19,"9,235,946","1,644,134",14,3,2013
347,abc rent,yes,no,italy,automobiles,462.56,77.85,"21,818,000","3,878,370",8,5,2004
348,superior wellness,no,no,uk,personal & household goods,461.12,77.70,"54,150,622","9,719,653",57,20,2011
349,schrott24,no,no,austria,waste management & recycling,460.83,77.67,"14,641,523","2,610,679",12,3,2016
350,mazzoni etech,no,no,italy,industrial goods,459.21,77.50,"2,344,440","419,240",14,3,2017
351,berdugo immobilier,no,no,france,property,458.13,77.38,"15,049,845","2,696,485",6,4,1996
352,nova rent,no,no,lithuania,industrial goods,456.25,77.18,"8,900,000","1,600,000",37,9,2016
353,rouvy,no,no,czech republic,games industry,455.45,77.10,"4,058,269","751,071",38,13,2013
354,business analysis & legal expertise - bale,no,no,italy,management consulting,452.48,76.78,"2,943,020","532,690",4,3,2015
355,jmb,no,no,poland,energy,452.20,76.75,"70,179,000","12,709,000",381,172,2000
356,nocnoc,no,no,france,travel & leisure,450.85,76.61,"1,596,167","289,766",13,2,2016
357,crowdproperty,yes,no,uk,fintech,449.16,76.43,"2,941,537","539,486",33,5,2013
358,tutosme,no,no,france,education,447.76,76.28,"4,989,872","910,963",42,4,2015
359,studio eko,no,no,italy,management consulting,446.74,76.17,"1,740,660","318,370",10,4,2011
360,beings,no,no,uk,technology,444.42,75.92,"1,881,768","348,129",7,2,2010
361,dmrgroupltdcom,no,yes,poland,chemicals & pharmaceuticals,443.14,75.78,"7,050,124","1,418,769",6,3,2013
362,ice telecommunications ltd,no,no,uk,telecoms,442.64,75.73,"16,067,551","2,982,238",119,35,2014
363,gallas group,no,no,italy,support services,441.64,75.62,"4,640,710","856,790",95,18,2012
364,etracom,yes,yes,italy,ecommerce,439.61,75.40,"22,952,660","4,253,600",10,4,2010
365,xalient,no,no,uk,technology,439.22,75.36,"26,199,717","4,893,654",88,38,2015
366,labevolution,no,no,italy,health,438.38,75.27,"7,264,130","1,349,250",,5,2009
367,kuadra,yes,no,italy,interiors,435.19,74.92,"3,400,580","635,400",20,9,2015
368,kyo electric,yes,yes,spain,telecoms,433.20,74.70,"5,402,302","1,013,181",8,3,2014
369,sopost,no,no,uk,technology,432.02,74.57,"7,825,138","1,481,398",32,13,2012
370,sfre,no,no,italy,construction,431.82,74.55,"3,004,290","564,910",44,7,2016
371,sportstech,yes,yes,germany,retail,430.92,74.45,"108,500,233","20,436,426",262,60,2012
372,opera energie,yes,no,france,energy,427.38,74.06,"11,218,211","2,127,151",98,40,2014
373,routenote,no,no,uk,technology,427.36,74.06,"38,428,858","7,339,330",76,28,2010
374,doctify,no,no,uk,health,425.60,73.87,"2,409,255","461,671",40,26,2016
375,fruugo,yes,no,uk,ecommerce,425.57,73.86,"21,793,194","4,176,347",67,30,2008
376,insidemarketing,no,no,germany,technology,421.70,73.44,"2,971,846","569,646",15,7,2012
377,falzi,no,no,italy,waste management & recycling,420.34,73.29,"2,037,320","391,540",11,2,2013
378,atrys health,no,no,spain,health,420.23,73.27,"31,396,438","6,035,116",504,62,2015
379,il cantiere costruzioni,no,no,italy,construction,420.04,73.25,"4,297,790","826,430",4,1,2016
380,soorce,yes,yes,germany,support services,418.96,73.13,"15,639,618","3,013,629",22,13,2004
381,sortlist,no,no,belgium,technology,418.47,73.08,"3,396,000","655,000",85,26,2013
382,virtuslab,yes,yes,poland,technology,417.12,72.93,"12,468,548","2,635,420",234,90,2010
383,skalhusetse,no,no,sweden,ecommerce,416.23,72.83,"7,342,811","1,454,711",16,5,2012
384,vipino,no,no,germany,retail,415.23,72.72,"11,067,681","2,148,122",26,6,2013
385,gea service,no,no,italy,waste management & recycling,411.71,72.32,"6,673,050","1,304,060",133,30,2015
386,gellify,yes,no,italy,technology,411.64,72.31,"5,581,540","1,090,920",62,12,2016
387,billion dollar boy,yes,no,uk,advertising,411.37,72.28,"13,085,484","2,577,297",92,42,2014
388,westrafo,no,no,italy,energy,406.66,71.75,"22,072,700","4,356,500",58,19,2014
389,goboony,no,no,the netherlands,travel & leisure,404.97,71.56,"1,718,442","340,309",21,10,2015
390,multiservice ambrosiana,no,no,italy,support services,404.13,71.47,"4,266,770","846,360",180,60,2016
391,b&c systems,no,no,germany,construction,403.10,71.35,"5,339,538","1,061,327",65,16,2016
392,s&g solar,no,yes,bulgaria,energy,402.58,71.29,"3,980,920","792,093",10,31,2014
393,bittnet,no,yes,romania,management consulting,402.13,71.24,"22,436,395","4,641,712",120,40,2007
394,ibanfirst,yes,yes,belgium,fintech,400.90,71.10,"12,062,697","2,408,187",204,47,2013
395,uplink network,yes,yes,germany,telecoms,399.83,70.98,"28,140,196","5,629,906",46,20,2013
396,base organic food,no,no,france,agricultural commodities,399.44,70.93,"10,802,997","2,163,006",25,6,2015
397,currentbody,no,no,uk,ecommerce,398.90,70.87,"38,002,441","7,671,961",74,20,2009
398,apex aero,no,no,uk,aerospace & defence,398.70,70.85,"3,812,785","770,031",6,1,2016
399,startup development house,no,no,poland,technology,398.69,70.85,"1,514,111","303,615",59,25,2016
400,gruppo gheron,no,no,italy,health,398.15,70.79,"58,422,800","11,728,040",806,8,2010
401,dyflowing,no,no,italy,technology,396.92,70.65,"1,696,320","341,370",30,5,2016
402,digital masters,no,no,germany,advertising,396.52,70.60,"3,019,110","608,053",40,22,2016
403,prusseit auto-outlet,no,no,germany,automobiles,394.55,70.37,"2,576,602","520,998",17,3,2017
404,techouse,no,no,norway,energy,394.51,70.37,"31,852,584","6,863,940",72,30,2002
405,svs,no,no,italy,construction,393.21,70.22,"9,694,310","1,965,560",8,3,2016
406,telcoswitch group,no,no,uk,telecoms,390.55,69.91,"7,519,236","1,543,824",86,18,2017
407,bothe-reimann tortechnik,no,no,germany,construction,390.53,69.91,"2,277,791","464,354",8,3,2017
408,e-pol / personalizzalo,no,no,italy,ecommerce,389.87,69.83,"16,089,160","3,284,400",12,8,2012
409,riluxa,no,no,spain,interiors,389.78,69.82,"3,428,464","700,007",18,3,2016
410,modalis,no,no,france,transport,389.56,69.80,"19,169,652","3,915,724",8,6,2002
411,olympp,no,no,france,technology,388.82,69.71,"5,512,134","1,127,652",27,8,2016
412,zeck fishing,yes,yes,germany,retail,385.68,69.35,"6,806,664","1,401,463",25,4,2013
413,storpool storage,no,no,bulgaria,technology,385.16,69.29,"3,306,191","681,460",25,16,2011
414,vimcar,no,no,germany,technology,383.45,69.09,"14,674,011","3,035,269",164,72,2013
415,joannes distribution sas,no,yes,france,retail,381.19,68.83,"7,064,900","1,468,200",8,5,2011
416,sourcing force,no,no,france,technology,380.80,68.78,"12,806,965","2,663,699",30,8,2011
417,schalttechnik nord,no,no,germany,technology,380.13,68.70,"12,489,032","2,601,157",60,16,2000
418,dgc,no,no,germany,cyber security,378.99,68.57,"1,577,296","329,298",27,5,2015
419,superprof,yes,yes,france,education,375.90,68.20,"10,168,214","2,136,626",202,28,2013
420,improveasy,yes,no,uk,management consulting,375.47,68.15,"26,446,798","5,602,132",48,12,2011
421,viareno,no,no,france,construction,375.30,68.13,"6,937,737","1,459,655",30,8,2014
422,cmt,no,no,slovakia,waste management & recycling,373.76,67.95,"1,951,232","411,858",19,10,2013
423,rets,no,no,poland,property,373.42,67.91,"5,206,032","1,201,964",97,31,2014
424,mubi,no,no,uk,media,373.09,67.87,"18,356,623","3,954,351",104,33,2007
425,dynamicom education,no,no,italy,education,372.95,67.86,"9,018,160","1,906,790",27,3,2001
426,touch4it,no,no,slovakia,technology,371.54,67.69,"2,064,141","437,747",47,25,2015
427,tattahomecom,no,no,italy,interiors,369.96,67.50,"2,800,000","595,800",8,4,1986
428,speechmatics,yes,yes,uk,technology,368.02,67.27,"7,161,145","1,541,070",90,37,2006
429,samy road,yes,yes,spain,advertising,367.32,67.19,"19,458,114","4,163,750",118,20,2012
430,prometeo,no,no,italy,support services,367.12,67.16,"3,580,500","766,510",9,6,2006
431,dialectica,yes,no,uk,management consulting,366.38,67.08,"17,078,846","3,688,264",260,65,2015
432,wolf & badger,yes,no,uk,ecommerce,365.87,67.01,"11,604,670","2,508,842",62,32,2009
433,eco co2,yes,yes,france,support services,365.14,66.93,"9,220,216","1,982,251",94,28,2009
434,lakogep kft,no,no,hungary,construction,364.94,66.90,"25,335,854","6,328,462",20,3,2011
435,beyer betonwaren,no,no,germany,construction,364.90,66.90,"2,062,749","443,694",20,9,2017
436,fill up media,yes,yes,france,media,362.48,66.61,"4,999,802","1,081,079",42,12,2011
437,zara imballaggi fabriano,yes,no,italy,industrial goods,362.41,66.60,"2,297,210","496,790",6,4,1984
438,cd projekt,no,no,poland,games industry,361.78,66.52,"468,257,487","110,835,763",1177,744,1994
439,vpace bikes,no,no,germany,retail,361.24,66.46,"2,643,580","573,145",10,1,2015
440,tooltester,yes,no,spain,sales & marketing,361.17,66.45,"3,646,507","790,712",6,0,2014
441,bunker partner,yes,yes,estonia,energy,361.12,66.45,"101,726,265","22,060,642",7,2,2015
442,tikamoon,no,no,france,ecommerce,360.01,66.31,"56,122,322","12,200,275",130,40,2006
443,star digital,no,no,croatia,advertising,359.98,66.31,"3,211,868","699,907",8,10,2013
444,funding options,yes,no,uk,fintech,359.62,66.26,"5,922,043","1,297,717",62,29,2011
445,isimed,no,no,italy,health,359.61,66.26,"4,828,920","1,050,660",14,8,2014
446,sonar sonarqube sonarcloud sonarlint,no,no,switzerland,technology,358.59,66.14,"83,632,640","16,861,349",195,50,2008
447,scherer,no,no,germany,support services,358.37,66.11,"4,285,766","934,994",30,4,2016
448,mycroclean italia,no,no,italy,support services,357.44,66.00,"3,366,730","736,000",24,14,2002
449,piscor,no,no,italy,ecommerce,356.25,65.86,"4,842,410","1,061,360",16,8,2015
450,marwincar,yes,no,italy,automobiles,356.21,65.85,"5,083,140","1,114,200",3,1,2016
451,brighton & hove albion football club,no,no,uk,travel & leisure,355.67,65.79,"148,505,285","32,824,451",1038,288,1993
452,inpe transport,no,no,bulgaria,transport,355.58,65.78,"1,816,274","398,676",60,5,2015
453,rtb house,yes,yes,poland,technology,355.45,65.76,"191,601,076","45,981,552",773,266,2013
454,obiz,yes,yes,france,media,353.69,65.55,"15,377,000","3,389,300",38,27,2010
455,vmway,yes,yes,italy,technology,351.01,65.22,"15,901,220","3,525,720",70,33,2012
456,legimi,no,no,poland,media,350.96,65.21,"7,007,093","1,698,358",12,8,2009
457,beauty,no,no,germany,retail,350.83,65.20,"2,910,737","645,633",11,5,2011
458,leogra trading,no,no,germany,retail,350.12,65.11,"5,078,464","1,128,243",11,4,2014
459,benefind,no,no,italy,technology,347.56,64.80,"2,262,490","505,520",32,10,2012
460,ab oil & gas service,no,no,italy,support services,347.12,64.74,"2,310,000","516,640",13,5,2017
461,mailtrack,yes,no,spain,technology,344.41,64.41,"3,445,698","775,341",23,14,2013
462,bumper,yes,no,uk,fintech,343.11,64.25,"3,394,214","771,504",33,15,2013
463,otl - online trainer,no,no,germany,health,342.81,64.21,"6,607,564","1,492,190",46,22,2015
464,macingo technologies,no,no,italy,support services,342.52,64.18,"1,601,000","361,790",17,9,2014
465,mycs,no,no,germany,retail,340.45,63.92,"39,355,846","8,935,361",210,120,2014
466,audience serv,no,no,germany,advertising,339.50,63.80,"6,107,018","1,389,534",92,23,2008
467,start,no,no,italy,telecoms,339.50,63.80,"3,769,100","857,590",8,4,2012
468,mvh media,no,no,the netherlands,sales & marketing,338.88,63.73,"2,391,654","544,943",29,8,2010
469,pure gaming,yes,yes,france,ecommerce,338.29,63.65,"6,984,956","1,593,667",2,1,2010
470,parcel compare,no,no,uk,transport,337.44,63.55,"9,085,936","2,091,995",8,4,1998
471,ames centro polidiagnostico strumentale,yes,yes,italy,health,337.37,63.54,"40,391,360","9,235,130",81,71,1979
472,arcadia italia,no,no,italy,energy,337.22,63.52,"3,249,140","743,130",6,1,2016
473,zia lucia,yes,no,uk,restaurants,336.69,63.45,"4,853,930","1,119,494",43,16,2016
474,travaglini costruzioni,no,no,italy,construction,333.49,63.05,"4,603,740","1,062,010",37,16,1952
475,versa design zycle,no,no,spain,technology,331.97,62.86,"9,501,888","2,199,640",81,10,2008
476,maucher consult,no,no,germany,construction,331.77,62.84,"1,952,000","452,091",15,5,2016
477,ayes,yes,no,italy,technology,331.20,62.76,"10,827,070","2,510,930",137,51,2015
478,brandup group,yes,no,italy,advertising,331.08,62.75,"2,718,640","630,660",5,1,2016
479,opyn,no,no,italy,financial services,329.74,62.58,"4,168,220","969,930",19,11,2012
480,var capital,no,no,uk,financial services,329.62,62.57,"2,132,001","499,815",8,4,2014
481,storyterrace,no,no,uk,technology,329.00,62.49,"2,843,048","667,467",25,9,2017
482,blubit,no,no,slovenia,technology,328.98,62.48,"2,964,852","691,140",22,8,2009
483,zenup,no,no,france,insurance,328.62,62.44,"1,891,361","441,271",9,9,2014
484,lorcher bauunternehmen,no,no,germany,construction,328.53,62.43,"3,932,792","917,735",25,17,2001
485,barcode architects,no,no,the netherlands,architecture,327.77,62.33,"4,851,997","1,134,256",62,23,2010
486,top chaleur,no,no,france,retail,326.52,62.17,"7,260,096","1,702,165",27,9,2002
487,seingim,yes,yes,italy,construction,326.09,62.12,"13,479,380","3,163,540",160,52,1999
488,amphibian scaffolding,no,no,uk,construction,325.82,62.08,"4,011,415","948,813",49,21,2008
489,beliani,no,no,liechtenstein,ecommerce,325.61,62.06,"93,438,770","20,298,288",551,205,2009
490,hatstore,yes,no,sweden,ecommerce,325.42,62.03,"17,453,187","4,195,789",45,17,2011
491,carpenteria martino,no,no,italy,construction,325.19,62.00,"9,719,750","2,286,000",27,19,2006
492,capitalontap,yes,yes,uk,fintech,324.99,61.98,"82,238,372","19,489,369",147,61,2012
493,netguru,no,no,poland,technology,324.26,61.89,"34,677,235","8,933,769",637,199,2008
494,fazio,no,no,italy,retail,322.41,61.65,"3,375,810","799,170",7,6,2014
495,grillfurst,no,no,germany,retail,322.06,61.61,"38,599,408","9,145,411",84,37,2010
496,dealernet,no,no,italy,automobiles,320.92,61.46,"22,704,300","5,394,020",18,14,2017
497,alpha real estate,yes,yes,germany,property,319.89,61.33,"119,161,137","28,378,990",57,14,2013
498,appwise,no,no,belgium,technology,319.07,61.22,"4,546,110","1,084,812",74,12,2013
499,convert group,yes,no,greece,technology,318.77,61.18,"2,789,489","666,118",55,17,2014
500,revolution race,yes,no,sweden,ecommerce,318.30,61.12,"89,332,521","21,841,341",65,17,2013
501,gong galaxy,no,no,france,retail,318.01,61.09,"11,320,706","2,708,258",40,11,2009
502,gcostruzioni,no,no,italy,construction,317.99,61.09,"1,573,480","376,440",8,8,2011
503,emporio elettrico,no,no,italy,ecommerce,317.84,61.07,"1,979,050","473,640",4,1,2015
504,exscientia ai,yes,no,uk,technology,317.63,61.04,"10,807,048","2,606,296",87,15,2012
505,featurespace,no,no,uk,fintech,316.08,60.84,"23,501,473","5,688,822",324,128,2005
506,xl energies,no,no,france,energy,315.16,60.72,"8,358,760","2,013,403",11,3,2016
507,claveria,no,no,spain,support services,314.56,60.64,"4,715,363","1,137,450",43,20,2015
508,timberagents,no,no,germany,retail,313.98,60.57,"5,302,985","1,280,989",4,3,2010
509,fermeture econhome,no,no,france,construction,312.82,60.42,"1,862,632","451,196",30,2,2012
510,nrse,no,no,sweden,management consulting,309.97,60.05,"3,268,813","815,449",70,20,2014
511,simwert,yes,yes,germany,telecoms,309.05,59.93,"26,386,701","6,450,759",21,16,2011
512,flex legal,no,no,uk,law,308.66,59.88,"4,319,146","1,064,498",24,2,2015
513,documaster,yes,no,norway,technology,308.41,59.85,"3,328,791","868,552",41,15,2010
514,immo-team allgau,no,no,germany,construction,308.37,59.84,"21,974,565","5,381,108",4,1,2014
515,creditshelf,yes,no,germany,financial services,307.62,59.74,"4,899,200","1,201,900",57,17,2014
516,blife,yes,no,italy,food & beverage,306.70,59.62,"4,133,980","1,016,480",10,7,2016
517,nohup,yes,no,italy,technology,306.29,59.57,"4,785,480","1,177,860",18,9,2004
518,noctuai,yes,no,poland,technology,306.22,59.56,"2,443,117","657,377",56,17,2012
519,ares,yes,yes,germany,industrial goods,305.80,59.50,"14,000,000","3,450,000",96,47,2013
520,moonpig group,no,no,uk,ecommerce,305.66,59.49,"411,390,748","102,139,979",399,242,2000
521,wealth club,no,no,uk,financial services,304.87,59.38,"6,774,867","1,685,348",22,15,2016
522,factory,no,no,france,property,304.26,59.30,"12,609,000","3,119,000",25,4,2016
523,beck ingredients,no,no,spain,health,303.81,59.24,"7,532,293","1,865,319",6,2,2016
524,mentors & partners group,no,no,hungary,management consulting,303.44,59.19,"1,822,227","524,552",3,3,2010
525,sb supply,yes,no,the netherlands,ecommerce,303.38,59.19,"4,363,977","1,081,844",9,4,2011
526,mediaboard,no,no,czech republic,media,302.65,59.09,"2,243,594","572,798",24,8,2015
527,dw trans,yes,yes,france,transport,302.41,59.06,"9,485,173","2,357,096",80,20,2012
528,nacelexpert,no,no,france,industrial goods,301.53,58.94,"2,727,392","679,247",4,2,2006
529,keylight,no,no,germany,technology,301.43,58.93,"3,499,555","871,779",31,14,2015
530,technacy,no,no,italy,technology,301.40,58.92,"3,059,440","762,200",13,3,2011
531,genoskin,no,no,france,chemicals & pharmaceuticals,300.97,58.87,"2,810,120","700,823",25,12,2011
532,payment assist,yes,yes,uk,fintech,297.51,58.41,"5,993,895","1,518,678",21,12,2013
533,my boo,no,no,germany,retail,297.47,58.40,"4,706,000","1,184,000",65,14,2013
534,84codescom,yes,yes,sweden,technology,297.46,58.40,"12,120,207","3,118,698",25,11,2012
535,klg liquida,no,no,germany,chemicals & pharmaceuticals,297.29,58.38,"5,034,595","1,267,224",20,6,2013
536,ignimission,no,no,france,technology,297.08,58.35,"2,280,542","574,323",35,8,2011
537,adamant bionrg,no,no,italy,energy,297.06,58.35,"117,997,000","29,718,000",7,4,2013
538,xplort,no,no,uk,interiors,296.93,58.33,"2,252,358","571,513",5,2,2015
539,bambridge accountants,yes,no,uk,financial services,296.71,58.30,"3,368,822","855,283",12,7,2010
540,g2park,no,no,slovakia,property,295.97,58.20,"2,902,148","732,924",13,7,2016
541,pelizzari studio,no,no,italy,architecture,295.97,58.20,"2,625,660","663,100",5,2,2014
542,postex,yes,no,the netherlands,technology,293.41,57.86,"5,248,908","1,334,213",9,4,2014
543,consorzio stabile ambientemilia,yes,yes,italy,waste management & recycling,291.25,57.57,"9,752,760","2,492,730",5,5,2013
544,yocabe,yes,no,italy,ecommerce,290.92,57.53,"3,293,860","842,600",12,6,2016
545,chez nestor,yes,yes,france,property,290.88,57.52,"8,559,263","2,189,720",33,19,2012
546,mint italia,no,no,italy,transport,288.59,57.22,"2,415,110","621,500",9,2,2016
547,sendcloud,yes,yes,the netherlands,ecommerce,288.44,57.20,"81,775,452","21,052,232",233,27,2012
548,datakey software engineering,no,no,italy,technology,288.19,57.16,"1,898,000","488,940",10,6,2008
549,metaminds,yes,yes,romania,cyber security,287.56,57.08,"32,103,084","8,605,113",41,21,2015
550,time vision,no,no,italy,education,287.38,57.05,"2,793,340","721,090",29,11,2012
551,werksrader24,yes,yes,germany,automobiles,287.21,57.03,"14,896,000","3,847,000",36,16,2013
552,fod mobility group,yes,no,uk,technology,286.81,56.98,"13,309,945","3,465,675",70,35,2008
553,selferg,no,no,italy,energy,285.39,56.78,"2,050,130","531,960",60,10,2007
554,poppri fashion auctions,yes,no,lithuania,ecommerce,284.74,56.70,"13,028,856","3,386,414",94,45,2012
555,vizion network,yes,no,uk,automobiles,284.49,56.66,"117,817,156","30,862,156",194,156,2008
556,beyond law group,no,no,uk,law,284.10,56.61,"8,233,616","2,159,010",66,27,2017
557,eda warehousing,no,no,germany,transport,284.03,56.60,"4,570,000","1,190,000",14,13,2014
558,bpv,no,no,germany,telecoms,283.29,56.50,"22,704,275","5,923,571",90,45,2013
559,ultra premium direct,yes,no,france,agricultural commodities,283.21,56.49,"20,779,890","5,422,583",81,29,2013
560,afr-ix telecom,yes,yes,spain,telecoms,283.01,56.46,"9,933,867","2,593,649",24,12,2013
561,blue energy,no,no,poland,cyber security,282.71,56.42,"4,527,970","1,293,181",44,28,2010
562,cjuste paris,no,no,france,retail,282.63,56.41,"2,404,398","628,388",15,5,2013
563,sos-accessoire,no,no,france,ecommerce,281.74,56.29,"14,690,408","3,848,262",44,13,2007
564,hannes konig,no,no,germany,construction,281.19,56.21,"8,750,671","2,295,632",27,18,2017
565,zanatta media group,no,no,germany,advertising,280.58,56.13,"8,383,859","2,202,906",9,6,2007
566,wastepack,no,no,uk,waste management & recycling,280.36,56.10,"22,373,295","5,924,389",20,18,1997
567,radar consulting italia,no,no,italy,support services,279.04,55.92,"1,580,450","416,960",17,7,2010
568,agriconomie,yes,yes,france,agricultural commodities,278.58,55.86,"37,248,117","9,838,779",53,32,2014
569,anytech365,yes,yes,spain,technology,275.94,55.49,"18,743,704","4,985,758",364,187,2014
570,cladspray solutions,no,no,uk,construction,275.83,55.48,"1,863,819","499,484",12,4,2013
571,im global partner,no,no,france,financial services,274.90,55.35,"31,463,692","8,392,541",50,10,2015
572,confinvest,no,no,italy,precious metals,274.52,55.30,"41,130,000","10,982,110",6,2,1983
573,ethic technology,yes,yes,france,technology,274.15,55.24,"8,340,824","2,229,273",3,2,2012
574,bomax,yes,no,italy,telecoms,273.47,55.15,"71,290,680","19,088,830",7,6,2001
575,kk-trade,no,no,germany,retail,273.12,55.10,"4,383,254","1,174,770",15,4,2017
576,marsapet,no,no,germany,retail,273.03,55.09,"3,960,200","1,061,642",26,4,2015
577,gruppo tera,yes,no,italy,ecommerce,272.54,55.02,"20,222,750","5,428,300",16,8,2015
578,codiceplastico,no,no,italy,technology,272.18,54.97,"3,068,430","824,450",14,7,2009
579,tremend,no,yes,romania,technology,272.13,54.96,"20,679,155","5,772,716",426,185,2005
580,doofinder,no,no,spain,technology,271.97,54.94,"6,590,434","1,771,758",61,17,2010
581,hostinger,yes,yes,lithuania,technology,271.81,54.92,"25,860,664","6,955,394",780,80,2004
582,catalyx,yes,yes,switzerland,sales & marketing,271.64,54.90,"6,540,543","1,627,160",39,9,2013
583,harness code,no,no,bulgaria,sales & marketing,270.79,54.78,"2,223,308","599,612",9,6,2016
584,nanoprom chemicals,no,no,italy,chemicals & pharmaceuticals,270.68,54.76,"2,779,910","749,940",17,5,2014
585,elite,no,yes,spain,construction,270.39,54.72,"10,060,550","2,716,240",49,27,2012
586,appunite,yes,yes,poland,technology,268.98,54.53,"4,424,063","1,310,532",119,26,2012
587,eskalia et nakupenda,no,no,france,retail,268.92,54.52,"1,515,414","410,775",7,2,2006
588,lgx logistics,no,no,germany,transport,268.20,54.42,"8,070,059","2,191,733",12,3,2006
589,polipop,no,no,portugal,industrial goods,268.16,54.41,"3,351,671","910,392",22,11,2015
590,stampasi,no,no,italy,ecommerce,268.08,54.40,"2,543,820","691,110",10,1,2016
591,cam,no,no,italy,industrial goods,268.05,54.40,"12,280,490","3,336,600",67,45,1984
592,plug in digital,yes,yes,france,media,267.75,54.35,"13,767,602","3,743,740",37,12,2012
593,predica,no,no,poland,technology,267.32,54.29,"17,589,082","5,233,937",241,82,2009
594,ocean transport,no,no,spain,transport,266.84,54.23,"4,783,846","1,304,073",19,2,2009
595,serinus,no,no,uk,energy,265.81,54.08,"19,651,446","5,474,802",75,103,1997
596,demv deutscher maklerverbund,yes,no,germany,financial services,264.32,53.87,"5,012,841","1,375,943",50,20,2009
597,sti norland,yes,no,spain,energy,263.37,53.74,"199,822,150","54,990,779",221,53,1996
598,hd elektrotechnik,yes,no,germany,technology,263.34,53.73,"4,207,672","1,158,042",76,27,2011
599,engenie group,no,no,italy,technology,262.60,53.63,"2,025,040","558,480",9,1,2017
600,groupe nat,yes,no,france,support services,261.42,53.46,"4,180,122","1,156,596",64,25,2016
601,la sarraz pictures,no,no,italy,media,260.90,53.39,"1,513,710","419,430",5,2,2015
602,smart-planet,no,no,germany,retail,260.22,53.29,"4,598,207","1,276,483",9,5,2016
603,sidea group,yes,no,italy,management consulting,260.17,53.29,"2,429,590","674,560",49,8,2015
604,couteaujaponaiscom,no,no,france,retail,259.83,53.24,"4,579,102","1,272,558",17,5,2004
605,physidia,yes,no,france,health,259.66,53.21,"16,746,545","4,656,191",58,20,2010
606,horando deutschland,no,yes,germany,retail,259.32,53.17,"8,111,269","2,257,390",3,2,2013
607,diablochairs jan nowak,yes,yes,poland,ecommerce,259.15,53.14,"21,520,495","6,549,376",79,22,2004
608,parkster,yes,yes,sweden,technology,258.92,53.11,"55,139,984","15,711,602",28,16,2011
609,biotyfull,yes,no,france,ecommerce,258.88,53.10,"20,248,436","5,642,145",13,5,2015
610,bioksan,yes,no,spain,food & beverage,258.30,53.02,"5,914,732","1,650,756",51,14,2014
611,trippel,no,no,norway,support services,258.05,52.98,"3,057,807","910,070",118,37,1999
612,yourparkingspace limited,yes,yes,uk,technology,257.60,52.92,"13,863,431","3,904,618",32,15,2013
613,carslift,no,no,france,automobiles,257.42,52.89,"2,226,659","622,989",35,1,2012
614,zimmerei nordmann,no,no,germany,construction,257.35,52.89,"2,074,577","580,537",11,5,2009
615,si silicone innovation,yes,no,germany,industrial goods,257.32,52.88,"3,640,511","1,018,843",40,20,2015
616,aue genc warenhandels-ug,yes,yes,germany,retail,256.90,52.82,"19,890,000","5,573,000",12,8,2010
617,mgvision,no,no,italy,advertising,255.81,52.66,"4,010,560","1,127,170",18,10,2010
618,new general service,yes,no,italy,support services,255.07,52.56,"1,539,360","433,540",26,13,2015
619,anrenovation,no,no,france,construction,254.93,52.54,"11,594,389","3,266,703",41,15,2010
620,mdg components unipersonale,no,no,italy,industrial goods,254.41,52.46,"2,283,970","644,440",14,10,2017
621,amco-bulgaria,yes,no,bulgaria,retail,254.20,52.43,"6,298,606","1,778,274",22,5,2011
622,symprove,yes,no,uk,personal & household goods,254.09,52.42,"12,298,843","3,498,275",39,16,2005
623,tecknuovo,no,no,uk,technology,253.87,52.39,"26,273,556","7,477,852",22,10,2015
624,platformsh,no,no,france,technology,253.68,52.36,"22,077,678","6,242,232",217,62,2010
625,isg express logistik,yes,no,germany,transport,253.68,52.36,"5,822,692","1,646,307",46,5,2011
626,manelli impresa,yes,no,italy,construction,253.65,52.36,"43,355,980","12,259,540",173,55,2008
627,sa formacao,yes,yes,portugal,education,253.55,52.34,"3,647,652","1,031,733",53,22,2009
628,sm sektmanufaktur,no,no,germany,industrial goods,253.35,52.31,"2,408,586","681,652",14,3,2015
629,beauty consult deutschland,no,no,germany,health,253.11,52.28,"3,725,665","1,055,100",31,8,2011
630,finauto,no,no,italy,automobiles,251.91,52.10,"11,789,870","3,350,270",8,5,1977
631,aucoffrecom,no,no,france,financial services,251.66,52.07,"114,037,838","32,428,296",21,18,2009
632,divido,yes,no,uk,fintech,251.57,52.06,"3,786,036","1,084,616",46,37,2014
633,r&k ingenieure,no,no,germany,construction,251.56,52.05,"5,210,500","1,482,100",17,6,2016
634,nephos technologies,yes,no,uk,technology,251.48,52.04,"17,559,447","5,031,697",25,11,2011
635,la vida,yes,yes,uk,support services,250.06,51.84,"7,572,128","2,178,629",15,8,2002
636,midstream lighting,no,yes,uk,technology,249.64,51.78,"8,204,844","2,363,526",12,4,2012
637,propulse it,yes,yes,france,technology,249.58,51.77,"6,326,861","1,809,858",2,2,2014
638,additius santa maria,no,no,spain,agricultural commodities,248.98,51.68,"31,757,362","9,100,083",30,25,2012
639,conexio telecom,no,no,france,telecoms,248.88,51.67,"1,908,640","547,084",15,3,2017
640,tripin,no,no,germany,retail,248.43,51.60,"5,465,080","1,568,506",9,5,2012
641,continental wood kft,no,yes,hungary,industrial goods,247.28,51.43,"2,724,073","910,973",9,4,1996
642,geoteam,no,no,italy,energy,247.20,51.42,"7,623,730","2,195,780",120,71,2008
643,leascorp,no,no,france,financial services,247.05,51.40,"18,481,247","5,325,214",7,4,2014
644,positive healthcare,no,no,uk,management consulting,246.88,51.38,"6,731,831","1,954,609",19,3,2014
645,ralph schmolke,no,no,germany,retail,246.63,51.34,"2,281,929","658,317",8,4,2010
646,roomie milano,no,no,italy,property,245.48,51.17,"3,728,920","1,079,340",10,2,2016
647,trencadis corp,yes,no,romania,technology,245.45,51.17,"20,410,511","6,137,755",89,40,2007
648,worteks,no,no,france,technology,245.44,51.17,"1,870,845","541,582",11,4,2016
649,remove,yes,no,france,construction,244.64,51.05,"8,988,475","2,608,093",74,27,2015
650,citadelo,no,no,czech republic,cyber security,243.94,50.95,"1,556,521","452,557",27,15,2006
651,grill autoservice,no,no,germany,automobiles,243.36,50.86,"18,141,216","5,283,415",26,13,2017
652,inbrooll,no,no,spain,industrial goods,243.07,50.82,"2,663,110","776,268",15,8,2013
653,cross,yes,no,germany,retail,242.59,50.75,"88,590,000","25,858,983",4,3,2010
654,b1gas spa,yes,no,italy,energy,242.58,50.75,"41,474,660","12,106,480",6,2,2010
655,filva,no,no,italy,construction,242.17,50.69,"6,188,900","1,808,710",10,8,2009
656,archingest,yes,no,italy,construction,241.26,50.56,"3,515,000","1,030,000",6,2,2005
657,alpha fx group,no,yes,uk,financial services,241.26,50.55,"51,640,733","15,241,075",124,51,2009
658,lemonads,yes,no,switzerland,advertising,241.12,50.53,"4,952,255","1,451,770",50,7,2012
659,signicat,yes,no,norway,technology,240.39,50.43,"42,514,150","13,309,441",213,71,2007
660,alfred dopker,no,no,germany,construction,240.33,50.42,"77,358,225","22,730,529",55,41,1965
661,bavaria-ei,no,no,germany,retail,240.06,50.38,"13,067,279","3,842,670",88,42,2001
662,oxylabsio,no,no,lithuania,technology,239.23,50.26,"25,040,954","7,381,686",245,57,2015
663,ash automobile,yes,no,germany,automobiles,239.19,50.25,"2,333,452","687,958",5,2,2014
664,vascular,no,no,hungary,health,238.38,50.13,"29,099,679","9,987,236",57,18,2007
665,andjaro,no,no,france,support services,237.95,50.07,"3,189,298","943,718",57,30,2015
666,rohrtaler wertstoff,no,no,germany,waste management & recycling,237.58,50.01,"3,286,187","973,460",34,22,2013
667,autel karnetic,no,no,uk,technology,237.43,49.99,"8,520,830","2,543,343",7,6,2016
668,discoupcom,no,no,italy,advertising,236.58,49.86,"2,075,110","616,520",10,8,2013
669,hellas direct,yes,no,cyprus,insurance,236.55,49.86,"34,488,971","10,247,832",85,52,2011
670,herrles,yes,no,germany,automobiles,236.46,49.85,"10,242,075","3,044,054",45,30,2009
671,investmentpunk academy,no,no,austria,education,235.69,49.73,"3,179,000","947,000",12,6,2016
672,born stahlbau,no,yes,germany,industrial goods,235.05,49.64,"4,527,093","1,351,164",13,6,2015
673,rettel projektbau,yes,no,germany,construction,234.97,49.62,"8,073,458","2,410,212",7,5,2016
674,suntronic,no,no,italy,energy,234.87,49.61,"2,347,320","700,960",4,2,2005
675,tmt,yes,yes,italy,industrial goods,234.84,49.60,"12,763,524","3,811,838",42,6,2014
676,gedankenburg,no,no,germany,advertising,234.74,49.59,"2,950,010","881,275",5,2,2015
677,svop special vehicle operation,no,no,sweden,automobiles,234.07,49.49,"4,526,309","1,385,662",16,6,2013
678,glenholme healthcare group,no,no,uk,health,234.00,49.48,"14,845,073","4,476,517",415,132,2011
679,audensiel,yes,yes,france,technology,233.96,49.47,"57,451,279","17,203,160",720,230,2013
680,ivnosys,no,no,spain,technology,233.95,49.47,"8,743,069","2,618,069",106,34,2011
681,mulconsa,no,no,spain,construction,233.87,49.46,"6,687,402","2,002,982",45,30,2012
682,50nrth,no,no,germany,retail,233.75,49.44,"35,107,348","10,518,963",54,14,2004
683,delecto,no,no,croatia,retail,233.68,49.43,"2,649,288","793,957",10,6,2008
684,mardruk opakowania,no,no,poland,industrial goods,233.32,49.38,"3,226,645","1,058,063",47,7,2015
685,manang,no,no,france,construction,233.23,49.36,"6,205,559","1,862,272",40,15,2012
686,bestbion dx,no,no,germany,health,233.18,49.36,"14,863,628","4,461,170",27,21,2011
687,avamore capital,no,no,uk,financial services,232.57,49.27,"2,552,248","772,943",21,7,2015
688,solaris and more,no,no,germany,energy,231.75,49.14,"4,692,660","1,414,501",30,13,2011
689,clearcycle,no,no,uk,retail,231.73,49.14,"2,176,368","660,767",11,8,2015
690,opteamis,yes,yes,france,support services,231.45,49.10,"13,856,500","4,180,523",35,12,2005
691,codenor,no,no,spain,construction,231.36,49.08,"6,385,196","1,926,967",20,10,2010
692,happybulle,yes,no,france,ecommerce,231.14,49.05,"4,209,975","1,271,353",18,8,2015
693,aurora energy research,no,no,uk,energy,231.05,49.04,"15,079,425","4,587,687",158,46,2013
694,bacci,no,no,spain,fashion,231.00,49.03,"24,048,302","7,265,350",14,19,2003
695,emilia foods,yes,yes,italy,food & beverage,230.75,48.99,"26,824,140","8,110,160",25,8,2013
696,team - ti educa a migliorare,no,no,italy,health,230.22,48.91,"3,370,490","1,020,690",211,82,2001
697,brainhub,yes,no,poland,technology,230.16,48.90,"3,513,741","1,163,241",75,30,2016
698,assitech,yes,no,italy,construction,230.03,48.89,"2,675,750","810,750",9,10,2016
699,schott packaging,no,no,uk,ecommerce,229.61,48.82,"2,272,847","694,501",11,4,2016
700,alba,yes,no,italy,energy,229.36,48.78,"3,299,330","1,001,740",30,12,2010
701,fintru,yes,no,uk,financial services,229.03,48.73,"32,392,546","9,915,609",740,219,2013
702,global edilizia,no,no,italy,construction,228.55,48.66,"4,028,000","1,226,000",5,4,2011
703,tpximpact,no,no,uk,management consulting,228.30,48.62,"57,093,437","17,515,305",381,2,2016
704,lgs sportlab,no,no,italy,advertising,228.26,48.62,"4,014,220","1,222,870",9,6,2010
705,weiser brandschutz & technik,yes,no,germany,construction,227.87,48.56,"5,986,199","1,825,769",45,4,2005
706,fairfax and favor,no,no,uk,fashion,226.81,48.40,"18,178,322","5,602,279",47,13,2013
707,fao consulting,no,no,france,technology,226.39,48.34,"7,781,600","2,384,156",85,39,2014
708,gruppo del barba consulting,yes,yes,italy,financial services,226.35,48.33,"5,855,040","1,794,120",37,8,2010
709,exclaimer,yes,yes,uk,technology,226.05,48.28,"26,143,857","8,075,796",109,62,2003
710,join business management consulting,yes,no,italy,management consulting,225.69,48.23,"10,189,790","3,128,700",77,25,2013
711,vennes,no,no,germany,construction,225.10,48.14,"17,048,000","5,244,000",57,27,2003
712,piggy,no,no,the netherlands,technology,225.06,48.13,"2,946,126","906,341",31,7,2013
713,epassi,no,no,finland,fintech,224.82,48.10,"205,312,456","63,207,258",130,40,2007
714,atheneum partners,yes,yes,germany,technology,224.27,48.01,"33,400,000","10,300,000",315,150,2010
715,pharmacy2u,yes,no,uk,technology,223.91,47.96,"156,232,906","48,580,102",454,211,1999
716,phoenix developpement,no,no,france,support services,223.16,47.85,"1,797,294","556,159",18,6,2011
717,wiwie transport,no,no,germany,transport,223.08,47.83,"4,200,000","1,300,000",25,10,2016
718,mevas auto center,no,no,romania,automobiles,222.96,47.81,"2,595,034","834,708",31,23,2003
719,bk beachhouse mode,yes,no,germany,retail,222.78,47.79,"5,172,479","1,602,458",35,21,2015
720,flli urso,no,no,italy,construction,222.59,47.76,"2,009,090","622,800",9,3,2015
721,gohenry,yes,yes,uk,financial services,222.24,47.70,"22,020,382","6,882,489",166,61,2011
722,adrilog,yes,no,italy,transport,221.85,47.64,"57,057,180","17,727,950",816,634,2014
723,attachment,yes,yes,uk,advertising,221.77,47.63,"7,191,249","2,250,946",6,2,2015
724,paris herbes,yes,no,france,agricultural commodities,221.73,47.63,"12,934,943","4,020,469",25,15,2015
725,interlog logistic,no,no,france,transport,221.69,47.62,"5,480,946","1,703,819",28,37,2015
726,conglomerati bituminosi,yes,no,italy,construction,221.08,47.53,"33,371,870","10,393,680",75,34,1975
727,nikkel art,no,no,belgium,ecommerce,220.83,47.49,"3,762,160","1,172,617",26,5,2010
728,esyen,no,no,italy,technology,220.60,47.45,"3,868,940","1,206,770",25,9,2011
729,sav-eco packaging ltd,no,no,uk,industrial goods,220.27,47.40,"16,923,940","5,322,238",165,104,2014
730,elmar mair tiefbau,no,no,germany,construction,219.98,47.36,"2,302,685","719,638",19,8,2016
731,atlas innovative engineering,no,no,spain,energy,219.37,47.26,"3,495,981","1,094,666",15,12,2014
732,secure-ic,no,no,france,technology,219.33,47.26,"6,934,182","2,171,492",76,48,2010
733,datalyo,no,no,france,technology,218.82,47.18,"3,544,255","1,111,687",36,16,2014
734,signify technology,no,no,uk,management consulting,218.78,47.17,"2,547,992","805,029",29,14,2016
735,boxt,no,no,uk,ecommerce,218.69,47.16,"38,373,430","12,127,395",59,20,2017
736,james and james fulfilment,no,no,uk,ecommerce,218.67,47.16,"30,887,883","9,762,332",158,55,2010
737,armonie,no,no,italy,food & beverage,218.66,47.16,"2,803,150","879,670",9,5,2014
738,maverick group,no,no,italy,technology,217.27,46.94,"5,313,290","1,674,690",5,1,2017
739,brainpull,no,no,italy,advertising,217.21,46.93,"4,264,120","1,344,240",29,10,2012
740,wiseband,no,no,france,media,217.08,46.91,"1,636,674","516,164",15,4,2014
741,groupe ezdo la boulangerie des gourmets,yes,no,france,agricultural commodities,216.91,46.89,"40,777,823","12,867,410",15,4,2013
742,pakar service,yes,no,poland,support services,216.15,46.77,"9,729,642","3,363,800",396,257,2010
743,bio-uv,no,no,france,industrial goods,216.03,46.75,"32,175,000","10,181,000",117,62,2000
744,fg service,no,no,italy,construction,215.54,46.67,"2,554,140","809,450",14,2,2015
745,allways logistics system,yes,no,italy,transport,215.48,46.66,"9,569,120","3,033,150",125,2,2012
746,matsmart,yes,yes,sweden,ecommerce,215.40,46.65,"49,576,899","16,075,963",164,75,2013
747,autargo,no,no,germany,construction,215.35,46.64,"1,807,173","573,070",5,2,2016
748,brewshopno,yes,no,norway,food & beverage,215.26,46.63,"4,392,988","1,484,883",9,7,2015
749,visualitics,no,no,italy,technology,215.24,46.63,"2,131,000","676,000",15,3,2016
750,hifi extra,no,no,germany,retail,215.10,46.61,"49,190,436","15,610,826",32,14,2016
751,ankerkraut,yes,yes,germany,food & beverage,214.45,46.50,"26,010,474","8,271,702",150,70,2013
752,gda,no,no,italy,fashion,213.62,46.37,"20,745,690","6,615,000",205,98,2008
753,nexid,no,no,italy,technology,213.53,46.36,"2,696,270","859,960",25,9,2006
754,gs studio & service,no,no,italy,energy,213.26,46.32,"2,087,000","666,210",16,7,2013
755,neosperience,no,no,italy,technology,213.00,46.28,"16,367,000","5,229,000",160,60,2006
756,lunos,no,no,slovenia,technology,212.89,46.26,"6,356,404","2,031,522",16,11,2010
757,meic costruzioni,no,no,italy,construction,212.86,46.26,"10,456,300","3,342,120",71,39,2013
758,trident lifting solutions ltd,no,no,uk,construction,212.60,46.22,"15,846,632","5,105,700",14,12,2016
759,smart battery solutions,no,no,germany,technology,212.59,46.22,"10,203,000","3,264,000",69,28,2010
760,eu-bay commerce,no,no,germany,retail,212.23,46.16,"8,122,686","2,601,485",20,10,2003
761,jens rabe academy,no,no,germany,education,212.06,46.13,"3,655,345","1,171,373",20,6,2009
762,hyperoptic,yes,no,uk,telecoms,211.97,46.12,"57,766,084","18,649,681",1251,407,2010
763,sepale,no,no,france,energy,211.33,46.02,"7,879,983","2,531,055",21,2,2009
764,3a informatica,no,no,italy,telecoms,210.73,45.92,"1,970,000","633,990",33,19,2005
765,emsproto,yes,no,france,ecommerce,210.64,45.91,"3,136,947","1,009,846",22,10,2014
766,laboratoires dermosun,no,no,france,chemicals & pharmaceuticals,209.88,45.79,"5,626,849","1,815,835",13,9,2011
767,saico,no,no,italy,construction,209.36,45.71,"6,737,600","2,177,950",23,13,2013
768,nutis,yes,no,italy,food & beverage,209.01,45.66,"6,566,530","2,124,990",19,9,1956
769,ogrodosferapl,yes,yes,poland,ecommerce,208.73,45.61,"13,256,472","4,693,330",23,12,2011
770,svti,yes,no,france,industrial goods,208.55,45.58,"3,981,300","1,290,312",30,17,2010
771,enhancers,no,no,italy,technology,208.24,45.53,"3,352,210","1,087,520",38,13,2011
772,agripower france,no,no,france,waste management & recycling,208.20,45.53,"7,701,275","2,498,792",16,6,2012
773,next turbo technologies,yes,no,italy,industrial goods,207.77,45.46,"9,481,040","3,080,610",18,8,2014
774,velvet media italia,yes,yes,italy,advertising,207.54,45.42,"5,411,160","1,759,490",98,46,2013
775,booster box,yes,no,italy,advertising,206.87,45.32,"2,049,365","667,837",35,9,2016
776,rmf group,no,no,slovakia,food & beverage,206.86,45.32,"3,289,892","1,072,117",2,3,2014
777,darwin group limited,no,no,uk,construction,206.37,45.24,"70,393,894","23,141,358",140,89,2005
778,itfs,yes,yes,poland,technology,206.10,45.20,"10,446,862","3,730,405",230,90,2012
779,skillsday,no,yes,france,education,205.70,45.13,"3,154,795","1,031,988",25,9,2015
780,gapps,yes,no,finland,technology,205.51,45.10,"8,707,000","2,850,000",34,23,2010
781,maxfel,yes,no,italy,interiors,205.44,45.09,"2,201,160","720,650",15,6,1984
782,herrero brigantina,yes,yes,spain,insurance,204.74,44.98,"14,725,853","4,832,212",55,33,2012
783,manitech,yes,no,italy,industrial goods,203.53,44.79,"3,834,910","1,263,420",6,3,2016
784,tradeco,no,no,italy,industrial goods,202.87,44.68,"5,889,890","1,944,720",16,6,2016
785,mon chasseur immo,yes,no,france,property,202.35,44.60,"4,794,423","1,585,727",28,13,2012
786,upslide,no,yes,france,support services,202.23,44.58,"8,274,214","2,737,704",75,20,2013
787,cogeclim energies,yes,no,france,construction,201.99,44.54,"2,622,506","868,406",18,5,2015
788,cellarius,no,no,hungary,sales & marketing,201.67,44.49,"2,571,079","989,785",14,10,2004
789,careful-service,no,no,germany,health,201.37,44.44,"3,537,769","1,173,908",141,75,2014
790,softneta,no,no,lithuania,health,201.07,44.40,"1,778,249","590,642",30,24,2007
791,progeny,no,no,uk,financial services,200.64,44.33,"16,601,337","5,561,585",161,64,2016
792,web geo services,no,no,france,technology,200.58,44.32,"24,114,000","8,022,358",57,29,2009
793,spedition ibov,no,no,germany,transport,200.43,44.29,"3,424,863","1,140,000",,,2013
794,mypostcardcom,yes,yes,germany,retail,200.06,44.23,"6,358,307","2,119,022",25,21,2014
795,variosan,no,no,germany,retail,199.77,44.19,"3,233,968","1,078,808",3,2,2013
796,riedle bertsch,no,no,germany,technology,199.75,44.18,"2,331,579","777,849",36,8,2013
797,mobili fiver,no,no,italy,interiors,199.43,44.13,"11,897,820","3,973,460",50,23,1999
798,klc desamiantage,no,no,france,construction,199.36,44.12,"6,182,419","2,065,220",46,11,2015
799,secret arts of spirits,yes,yes,france,retail,199.23,44.10,"3,308,224","1,105,569",6,3,2014
800,mpb group limited,yes,no,uk,ecommerce,198.91,44.05,"72,503,245","24,429,686",184,68,2011
801,3zehn auto discount,yes,no,germany,automobiles,198.41,43.97,"25,448,057","8,527,777",12,5,2016
802,adikteev,no,no,france,technology,198.30,43.95,"45,616,000","15,292,051",67,50,2012
803,fundis reitsport,no,no,germany,retail,198.07,43.92,"7,066,208","2,370,645",50,3,2009
804,antriebstechnik ebner-seibold,no,no,germany,retail,198.06,43.91,"2,245,423","753,352",17,9,2009
805,invibes advertising,no,yes,belgium,technology,197.11,43.76,"11,530,000","3,880,663",102,30,2011
806,jointly il welfare condiviso,no,no,italy,support services,196.84,43.72,"2,400,550","808,700",34,18,2014
807,abtot mark & anlaggning ab,yes,no,sweden,construction,195.91,43.57,"9,983,094","3,450,305",23,10,2012
808,dusapro immobilien,yes,yes,germany,property,195.21,43.45,"33,903,865","11,484,801",36,10,2012
809,soldats films,no,no,france,media,194.81,43.39,"2,320,653","787,160",8,4,2012
810,eagleprojects,no,no,italy,telecoms,194.68,43.37,"15,140,480","5,137,900",287,120,2016
811,agile lab,yes,no,italy,technology,194.60,43.35,"5,590,450","1,897,650",43,15,2013
812,importprisno,no,no,norway,ecommerce,194.37,43.32,"3,113,197","1,126,971",8,4,2012
813,truu,yes,yes,germany,industrial goods,193.76,43.22,"12,472,561","4,245,861",72,18,2011
814,latelier,no,no,france,technology,193.45,43.17,"4,288,024","1,461,226",15,5,2016
815,frigoclim kalte-klima,yes,no,germany,construction,193.40,43.16,"3,890,690","1,326,082",22,7,2014
816,m coffee company,no,no,germany,retail,192.95,43.09,"2,117,442","722,795",5,3,2013
817,protextyl,no,no,france,retail,192.85,43.07,"5,324,116","1,818,032",22,12,2011
818,sp architecte,no,no,france,construction,192.84,43.07,"2,825,876","964,998",18,14,2009
819,embargos a lo bestia,no,no,spain,retail,192.62,43.03,"22,559,217","7,709,375",178,54,2011
820,snigel,yes,no,ireland,technology,192.57,43.02,"20,479,764","7,000,063",3,2,2011
821,irettungsdienst,no,no,germany,health,192.31,42.98,"1,900,000","650,000",120,5,2006
822,way2global sb,no,no,italy,support services,190.97,42.76,"2,411,600","828,820",16,1,2017
823,media access solutions,no,no,uk,support services,190.48,42.68,"3,407,930","1,181,642",33,3,2014
824,exadi,no,no,spain,sales and marketing,190.28,42.65,"42,525,086","14,649,568",44,21,2008
825,fiber-service-gesellschaft,no,no,germany,telecoms,190.17,42.63,"4,049,655","1,395,607",29,10,2014
826,tenderhut group,yes,yes,poland,technology,190.02,42.61,"10,264,611","3,868,483",280,140,2010
827,worldwide fishing company,yes,no,spain,food & beverage,189.88,42.58,"140,442,673","48,449,141",30,12,2016
828,doctor hail spa,yes,no,italy,automobiles,189.78,42.57,"18,101,114","6,246,592",43,26,2013
829,kbs group,yes,yes,germany,support services,189.70,42.55,"42,006,000","14,500,000",1500,650,2011
830,terre ehitus,no,no,estonia,construction,188.94,42.43,"2,089,215","723,064",12,5,2017
831,bauer energiekonzepte,yes,yes,germany,energy,188.54,42.36,"36,223,730","12,554,325",19,7,2013
832,new euroart,no,no,italy,construction,188.49,42.36,"9,307,640","3,226,280",77,26,2001
833,capelli for you,no,no,italy,beauty,188.42,42.34,"1,658,750","575,120",16,8,2015
834,ogury,yes,yes,uk,advertising,188.32,42.33,"108,758,853","37,992,902",371,133,2014
835,tft ernst,no,no,germany,construction,188.19,42.31,"2,012,427","698,300",17,7,2017
836,somerford associates,no,no,uk,technology,187.81,42.24,"18,757,685","6,564,162",55,31,2001
837,arcadia investment,yes,yes,germany,property,187.45,42.19,"8,102,218","2,818,652",38,12,2012
838,filoblu,yes,yes,italy,management consulting,187.14,42.13,"55,564,420","19,351,090",186,112,2009
839,tribus digital,no,no,uk,technology,186.89,42.09,"1,952,800","685,567",21,8,2016
840,doit,yes,no,italy,technology,186.79,42.08,"3,040,000","1,060,000",35,20,2014
841,global perspectives,yes,no,uk,health,186.71,42.06,"6,631,496","2,329,522",23,8,2009
842,pirene,no,no,italy,support services,186.54,42.04,"1,512,680","527,910",25,8,1999
843,ipulse,yes,no,uk,personal & household goods,186.27,41.99,"105,149,602","36,995,102",183,39,2012
844,blue networks,no,no,germany,technology,185.36,41.84,"6,626,713","2,322,241",47,23,2002
845,n schwegler,no,yes,germany,construction,185.24,41.82,"10,514,000","3,686,000",35,20,2009
846,marcus lutz bau,no,no,germany,construction,184.26,41.66,"1,874,438","659,402",15,7,2002
847,hkr-technik,no,no,germany,retail,184.14,41.64,"6,996,880","2,462,478",4,3,2008
848,licht strom,yes,no,germany,technology,183.54,41.54,"4,039,340","1,424,633",30,18,2007
849,die autowelt,yes,no,germany,automobiles,183.23,41.49,"16,754,654","5,915,499",40,15,2009
850,artheau aviation,no,no,france,aerospace & defence,183.17,41.48,"11,263,318","3,977,562",9,4,2012
851,cepo,no,no,italy,industrial goods,182.86,41.42,"4,503,670","1,592,170",22,13,2000
852,sneakers & jackets,yes,yes,france,financial services,182.41,41.35,"2,888,273","1,022,714",2,1,2013
853,89up,no,no,uk,advertising,182.41,41.35,"1,814,237","647,020",26,11,2009
854,luxury & performance selection,no,no,france,automobiles,182.39,41.35,"6,444,045","2,281,929",4,na,2016
855,grayce group,no,no,uk,management consulting,182.36,41.34,"17,890,928","6,381,674",395,117,2012
856,nemesi italia,no,no,italy,technology,182.02,41.28,"1,640,000","581,520",4,1,1993
857,halo service solutions,no,no,uk,technology,181.97,41.28,"5,037,087","1,799,189",40,12,1994
858,raspberry pi,no,no,uk,technology,181.29,41.16,"80,066,074","28,668,484",73,36,2012
859,giopato & coombes,yes,no,italy,interiors,181.27,41.16,"5,467,910","1,944,000",17,8,2010
860,ship it,no,no,germany,retail,180.95,41.10,"3,391,041","1,207,009",8,4,2016
861,rheinische scheidestatte,no,no,germany,retail,180.89,41.10,"83,044,963","29,564,866",47,19,2012
862,whites agency,no,no,poland,advertising,180.88,41.09,"4,076,348","1,586,246",90,34,2011
863,casa di riposo medicalizzata sempione,no,no,italy,health,180.66,41.06,"2,436,000","867,960",38,1,2017
864,cshark,yes,yes,poland,technology,180.55,41.04,"11,828,515","4,608,343",269,135,2014
865,zinox laser,yes,no,italy,interiors,180.41,41.02,"6,364,000","2,269,510",47,30,2015
866,tera automation,no,no,italy,industrial goods,180.39,41.01,"4,987,860","1,778,890",20,14,2013
867,innova hts,no,no,italy,health,180.22,40.98,"8,792,400","3,137,630",16,12,2014
868,kentigen,no,no,czech republic,technology,179.79,40.91,"1,507,867","554,004",20,8,2013
869,teal partners,no,no,belgium,technology,179.35,40.84,"3,873,750","1,386,701",23,13,2015
870,lm medical division,no,no,italy,health,179.23,40.82,"11,281,040","4,040,060",47,16,2010
871,bec,no,no,germany,technology,179.21,40.81,"7,843,183","2,809,036",47,25,2003
872,xylon,no,no,croatia,technology,178.97,40.77,"4,491,888","1,610,149",81,41,1995
873,spedition kai rindert,no,no,germany,transport,178.52,40.70,"3,018,684","1,083,821",9,2,2017
874,cogesa costruzioni generali saba,no,no,italy,construction,178.13,40.63,"3,453,730","1,241,760",22,16,2009
875,skargardstunnan/skargards,no,no,sweden,ecommerce,178.05,40.62,"15,082,088","5,547,537",20,13,2010
876,autonova milano,no,no,italy,automobiles,177.33,40.50,"2,790,680","1,006,280",14,1,2015
877,polarstern,no,no,germany,energy,177.06,40.45,"30,270,074","10,925,375",40,25,2011
878,halsdorfer ingenieure projekt,no,yes,germany,property,176.94,40.43,"31,038,460","11,207,566",15,5,2013
879,opna,yes,no,france,support services,176.53,40.36,"2,317,903","838,200",23,9,2015
880,stikets,yes,yes,spain,ecommerce,176.29,40.32,"9,318,626","3,372,820",39,25,2010
881,campustore,no,no,italy,education,175.75,40.23,"34,410,600","12,479,120",18,18,1994
882,ars futura,no,no,croatia,technology,175.70,40.22,"1,580,154","574,487",27,14,2013
883,cemir security,yes,no,italy,support services,175.61,40.21,"2,835,330","1,028,730",116,64,2015
884,borgy cz,no,no,czech republic,personal & household goods,175.59,40.20,"22,419,033","8,362,568",60,40,2009
885,groupe zephyr,no,no,france,health,175.27,40.15,"16,264,645","5,908,517",600,190,2007
886,dernier cri,no,no,france,technology,175.07,40.11,"3,956,061","1,438,184",57,25,2015
887,yesdevs,no,no,germany,technology,175.00,40.10,"2,200,000","800,000",37,10,2016
888,hydroflex group,no,yes,germany,retail,174.98,40.10,"13,166,000","4,788,000",36,19,2009
889,proteko service,no,no,italy,support services,174.64,40.04,"5,502,450","2,003,540",31,7,2016
890,minicrm,no,no,hungary,technology,174.60,40.03,"2,232,347","944,107",26,26,2012
891,cnq consorzio nazionale qualita,no,no,italy,waste management & recycling,174.56,40.03,"2,151,050","783,460",39,13,2001
892,accolade,no,yes,czech republic,property,174.26,39.98,"83,981,636","31,477,723",,,2010
893,panel sandwich,no,no,spain,construction,174.00,39.93,"9,637,845","3,517,519",27,9,2009
894,symbiose informatique,no,no,france,technology,173.97,39.93,"33,080,096","12,074,454",32,28,1991
895,gengineering,yes,no,italy,industrial goods,173.95,39.92,"16,504,780","6,024,830",51,24,2012
896,i-particuliers,no,no,france,property,173.47,39.84,"4,071,600","1,488,875",200,50,2011
897,henco,no,no,germany,retail,173.33,39.82,"6,970,679","2,550,263",48,25,2012
898,gigliocom,no,yes,italy,ecommerce,173.12,39.78,"25,355,630","9,283,620",53,25,2007
899,alphaspel,no,no,sweden,retail,172.99,39.76,"4,535,769","1,699,234",16,5,2013
900,sapiegos klinika,no,no,lithuania,health,172.45,39.67,"1,578,677","579,436",24,14,2014
901,opencorporates,no,no,uk,technology,172.17,39.62,"2,730,677","1,010,498",25,9,2010
902,be cloud,no,yes,france,support services,172.09,39.61,"10,371,094","3,811,605",49,22,2012
903,drukarnia pigapl,yes,yes,poland,ecommerce,172.02,39.59,"4,064,038","1,632,988",130,60,2014
904,groupe mister menuiserie,no,no,france,ecommerce,172.00,39.59,"68,009,314","25,003,047",227,84,2010
905,insetto,no,no,germany,retail,171.87,39.57,"6,010,130","2,210,651",79,51,1999
906,technophage,no,no,portugal,pharmaceuticals,171.71,39.54,"2,237,180","823,381",13,9,2005
907,skalis portage salarial,no,yes,france,support services,171.14,39.44,"6,202,068","2,287,420",68,25,2008
908,peoplegrapher,yes,no,germany,advertising,170.86,39.40,"3,561,298","1,314,806",11,5,2016
909,reveg fruit,yes,no,italy,food & beverage,170.85,39.39,"2,356,570","870,070",4,2,2016
910,sciant,yes,no,bulgaria,technology,170.83,39.39,"3,192,139","1,178,653",79,39,2016
911,boender & beutel,no,no,germany,industrial goods,170.63,39.36,"14,550,131","5,376,347",130,50,2012
912,ekinops,no,no,france,telecoms,170.62,39.36,"92,800,000","34,291,000",456,419,2003
913,sano-tecnica,no,no,portugal,health,170.53,39.34,"4,972,658","1,838,120",13,12,1938
914,mobelando,no,yes,germany,retail,170.52,39.34,"16,692,390","6,170,577",24,16,2013
915,democom,yes,yes,italy,telecoms,170.39,39.31,"3,347,950","1,238,210",37,12,2011
916,erbagil,no,no,italy,pharmaceuticals,169.82,39.22,"4,021,010","1,490,280",11,3,2009
917,axopar boats,yes,yes,finland,travel & leisure,169.30,39.13,"78,765,693","29,247,774",32,9,2014
918,advanced composites solutions,no,no,italy,automobiles,168.86,39.05,"5,393,690","2,006,100",54,11,2012
919,spartivento yachts & charter,no,no,italy,travel & leisure,168.79,39.04,"5,194,630","1,932,580",34,12,2000
920,seargin,yes,yes,poland,technology,168.70,39.02,"18,624,755","7,576,080",64,39,2014
921,ttp holding,no,no,germany,support services,168.68,39.02,"37,607,000","13,997,000",32,28,2009
922,sweef furniture,no,no,sweden,retail,168.54,39.00,"9,506,903","3,620,585",14,5,2011
923,sonic tanacsado es szolgaltato kft,no,no,hungary,technology,168.48,38.99,"4,646,080","2,009,719",10,5,2008
924,spotit,no,no,belgium,cyber security,168.03,38.91,"20,387,729","7,606,472",71,30,2014
925,label experience,yes,no,france,financial services,168.01,38.91,"1,756,470","655,366",27,11,2016
926,lmm logistics,yes,no,italy,transport,167.88,38.88,"14,113,040","5,268,390",724,2,2015
927,medicalfit,no,no,spain,health,167.73,38.86,"2,378,517","888,395",35,15,2008
928,nuova mg,no,no,italy,industrial goods,167.60,38.83,"2,126,840","794,770",26,23,2017
929,innov and co handicap,no,no,france,technology,167.55,38.83,"1,879,824","702,609",30,7,2016
930,alma entreprise,no,no,france,construction,167.54,38.82,"13,438,347","5,023,015",31,33,2003
931,radit,no,no,italy,support services,167.28,38.78,"1,879,520","703,190",15,8,2016
932,regional express,no,yes,france,transport,167.07,38.74,"22,841,800","8,552,857",220,80,2013
933,aravati,yes,no,france,support services,166.79,38.69,"6,671,500","2,500,644",59,26,2004
934,pohner hamburg,no,no,germany,retail,166.67,38.67,"15,603,000","5,851,000",7,4,2013
935,schreinerei huber,no,no,germany,construction,166.56,38.65,"2,629,044","986,286",21,18,2010
936,isr,no,no,france,technology,166.38,38.62,"4,637,943","1,741,112",12,12,1996
937,kinga mathe,yes,no,germany,retail,166.18,38.59,"1,800,494","676,431",5,2,2008
938,rivile,no,no,lithuania,technology,166.16,38.58,"3,905,042","1,467,195",24,20,1992
939,magarantie5ans,yes,no,france,retail,166.08,38.57,"9,253,546","3,477,788",20,8,2016
940,bebeboutik,no,no,france,retail,165.71,38.51,"29,080,296","10,944,325",98,36,2012
941,radar cyber security,no,yes,austria,technology,165.43,38.46,"12,727,043","4,794,822",122,88,2011
942,clair group,yes,yes,france,aerospace & defence,165.35,38.44,"38,960,985","14,683,064",121,49,2004
943,appsfactory,yes,no,germany,technology,165.29,38.43,"18,044,631","6,801,966",221,105,2009
944,stiltz homelifts,no,yes,uk,interiors,164.93,38.37,"36,960,953","14,051,407",250,142,2010
945,star stone,yes,no,romania,construction,164.83,38.35,"4,409,476","1,729,707",105,48,2012
946,coptrz,no,no,uk,aerospace & defence,164.78,38.34,"6,297,471","2,395,445",22,10,2016
947,nurole,no,yes,uk,technology,164.77,38.34,"3,249,493","1,236,098",35,15,2014
948,abao energy,yes,no,germany,construction,164.38,38.28,"2,406,917","910,386",15,10,2016
949,welol next,no,no,italy,technology,163.97,38.20,"2,685,440","1,017,320",32,16,2011
950,intent hq,no,no,uk,technology,163.93,38.20,"5,762,891","2,199,126",75,22,2010
951,cafe du cycliste,no,yes,france,ecommerce,163.42,38.11,"7,445,865","2,826,571",20,14,2009
952,langer luftungs- und klimaanlagen,no,no,germany,construction,163.42,38.11,"4,609,256","1,749,794",8,5,2016
953,formind,yes,yes,france,cyber security,163.27,38.08,"16,845,354","6,398,583",130,60,2010
954,oasis smart sim europe,no,no,france,telecoms,162.65,37.97,"3,065,165","1,167,000",20,4,2010
955,aferetica,yes,no,italy,health,162.51,37.95,"6,376,910","2,429,230",13,9,2013
956,zero,no,no,italy,energy,162.50,37.95,"42,000,000","16,000,000",37,15,2014
957,skills,yes,yes,france,support services,162.17,37.89,"11,650,138","4,443,710",70,20,2011
958,3e studio,no,no,italy,support services,161.84,37.83,"2,804,580","1,071,090",22,1,2015
959,pannonia steel,no,no,slovakia,construction,161.81,37.82,"1,768,886","675,645",5,1,2013
960,kronos,no,no,italy,fashion,161.72,37.81,"23,579,000","9,009,270",21,15,2009
961,lasaponaria,no,no,italy,beauty,161.63,37.79,"6,304,690","2,409,730",22,11,2007
962,die wuhlewanderer,yes,no,germany,health,161.58,37.78,"4,970,000","1,900,000",95,50,2013
963,imint vidhance,no,no,sweden,technology,161.54,37.78,"4,851,538","1,897,113",27,26,2007
964,arte e passione,yes,no,italy,restaurants,161.45,37.76,"1,671,730","639,410",47,18,2016
965,paul marius,no,no,france,retail,161.37,37.75,"24,869,602","9,515,000",87,29,2011
966,scalefocus,no,no,bulgaria,technology,161.21,37.72,"33,137,857","12,686,177",730,330,2012
967,whiskyzone,no,yes,germany,retail,161.11,37.70,"10,750,866","4,117,340",16,7,2014
968,targa telematics,yes,no,italy,technology,160.94,37.67,"37,386,150","14,327,610",113,63,2002
969,sian wholesale ltd,no,yes,uk,transport,160.04,37.51,"74,719,260","28,939,861",50,23,2003
970,visage technologies,yes,no,sweden,technology,159.98,37.50,"5,677,639","2,233,448",104,54,2002
971,riotloc,no,no,lithuania,games industry,159.92,37.49,"1,551,468","596,906",1,1,2016
972,bullionvault,no,no,uk,precious metals,159.81,37.47,"16,196,046","6,278,456",34,31,2003
973,3a antioxidants,no,no,spain,chemicals & pharmaceuticals,159.49,37.42,"7,704,000","2,968,892",23,9,2000
974,on metall,no,no,germany,industrial goods,159.42,37.40,"2,587,718","997,518",6,3,2016
975,scribbr,yes,yes,the netherlands,education,159.33,37.39,"8,862,818","3,417,536",39,22,2012
976,selectra,yes,no,france,energy,158.84,37.30,"62,951,353","24,320,734",1000,500,2007
977,energetic,no,no,italy,energy,158.58,37.26,"1,711,470","661,860",13,7,2010
978,faveod,no,no,france,support services,158.40,37.22,"2,598,585","1,005,658",9,7,2007
979,cye energia,yes,yes,spain,energy,158.39,37.22,"23,673,728","9,161,867",15,5,2013
980,integrata oy,yes,no,finland,financial services,157.99,37.15,"9,409,000","3,647,000",105,33,2008
981,regular trade,no,no,germany,retail,157.87,37.13,"11,671,000","4,526,000",25,15,2010
982,expleo,no,no,hungary,energy,157.82,37.12,"2,696,785","900,686",15,6,2011
983,confezioni velvet,no,no,italy,fashion,157.62,37.09,"3,355,870","1,302,640",21,21,2015
984,activ bilanz,yes,no,germany,property,157.55,37.07,"17,286,985","6,712,146",10,12,1998
985,family nation,no,no,italy,ecommerce,157.40,37.05,"5,300,370","2,059,190",12,5,2011
986,majar  matzaridis bros,yes,no,greece,technology,157.07,36.99,"13,224,865","5,144,442",19,13,1994
987,izertis,yes,no,spain,technology,156.87,36.95,"50,740,841","19,753,150",791,431,1996
988,fashion commerce,yes,no,italy,ecommerce,156.44,36.88,"2,349,000","916,000",5,1,2016
989,bulk tainer logistics limited,no,no,uk,transport,156.27,36.85,"56,054,130","21,717,432",105,41,2009
990,wingeco,no,no,italy,industrial goods,155.74,36.75,"3,407,310","1,332,330",22,12,2016
991,meblobraniepl,yes,yes,poland,ecommerce,155.48,36.71,"19,295,429","6,909,799",25,12,2021
992,queralto,no,no,spain,ecommerce,155.39,36.69,"21,900,903","8,575,344",67,39,1898
993,phobos,yes,no,slovakia,automobiles,155.23,36.66,"3,529,454","1,382,844",12,8,1993
994,archita engineering,no,no,italy,support services,155.02,36.62,"2,739,230","1,074,130",5,13,2013
995,celeritas,no,no,spain,transport,154.94,36.61,"58,139,933","22,805,398",27,10,2006
996,peopleforecast,no,no,germany,technology,154.86,36.59,"2,086,411","818,658",45,15,2014
997,digitalpa,no,no,italy,management consulting,154.82,36.59,"1,731,340","679,440",12,41,2014
998,faktenkontor,no,no,germany,advertising,154.81,36.59,"30,967,000","12,153,143",150,100,2003
999,clareo,yes,yes,france,retail,154.80,36.58,"18,854,708","7,399,729",53,13,2012
1000,laca trade,yes,yes,italy,property,154.60,36.55,"24,741,510","9,717,860",5,5,2013

