name,country,sector,revenue_2020_eu,revenue_2017_eu,employees_number_2020,employees_number_2017,founding_year
swappie,finland,technology,97611814,507000,218,1,2016
kilo health,lithuania,health,57318766,344428,177,10,2013
oci,uk,financial services,568322073,4325512,32,4,2012
onlyfans,uk,technology,316732986,2652185,800,4,2016
enpal,germany,energy,56109613,486165,365,9,2017
consulting,germany,waste management & recycling,13165586,150908,9,2,2017
thriva,uk,health,18732563,251668,57,12,2015
exotec,france,industrial goods,47597000,706700,200,15,2015
winelivery,italy,ecommerce,7337290,111500,10,1,2015
instabox,sweden,technology,24484879,392055,117,5,2015
waterdrop,austria,food & beverage,41205930,680197,180,12,2016
one lease,france,support services,9015211,153046,11,2,2016
datlas,italy,technology,9034926,155406,251,13,2017
zego,uk,fintech,12158046,229201,224,36,2016
hcl-logistics,germany,transport,11387156,238118,24,5,2017
popsa,uk,technology,21455864,454975,34,4,2016
unit8,switzerland,technology,7234981,149397,41,2,2017
luoto company,finland,technology,14338668,325585,49,6,2016
journi print,austria,ecommerce,6851839,160624,29,9,2014
portify,france,support services,11583215,274575,228,23,2017
tibber,norway,energy,30886935,782918,45,8,2015
rascal industry,poland,fashion,9008822,238451,18,6,2013
pegaso security,italy,support services,8375180,207120,509,20,2017
tide,uk,fintech,16136633,416562,581,72,2016
euro top brand,italy,retail,13888900,363010,1,1,2017
bold security group,uk,support services,6238378,181772,26,6,2011
play magnus group,norway,games industry,6461790,214673,140,10,2013
blue whale growth fund,uk,financial services,5189391,170950,7,1,2016
kazidomi,belgium,ecommerce,8042499,263663,65,3,2016
sun finance,latvia,fintech,121306296,4044537,800,90,2012
credimi,italy,financial services,11301520,381830,56,21,2015
sirplus,germany,retail,4540000,155043,133,8,2017
aihr | academy to innovate hr,the netherlands,education,3584553,125682,31,6,2016
logistics capital partners lcp,luxembourg,property,210563743,7403458,27,9,2015
sudwest invest,germany,property,5820402,210820,10,2,2017
corade plurimmo,france,property,56018731,2039961,7,7,2000
carranco,spain,food & beverage,4176440,155310,5,4,2006
telemedi,poland,health,4452513,182100,50,10,2014
inkitt,germany,technology,5926970,229713,56,22,2014
hktrading,italy,retail,5721590,225380,2,1,2016
attest,uk,technology,4864178,194090,124,16,2015
lgm immobilier,france,property,2549778,101311,11,na,2016
wolfram chain,the netherlands,management consulting,2431371,100711,29,7,2017
rightnow,germany,technology,8951132,379771,38,3,2017
eo charging,uk,technology,17158962,757323,63,7,2014
chetariffait,italy,support services,2495860,110200,9,2,2013
simply,uk,financial services,16483836,744092,90,26,2017
salary finance,uk,fintech,8593220,387995,187,24,2015
dbt,sweden,fintech,3837994,179204,10,2,2017
tutlo,poland,education,7778203,388565,140,15,2016
ponera,france,ecommerce,25901607,1186853,27,4,2013
active energy solutions,greece,energy,13312033,640056,2,0,2014
acteam enr,france,energy,2133691,103240,8,2,2012
everflow,uk,technology,64223085,3188715,70,8,2015
azure prism,uk,retail,4752777,238216,1,1,2016
wr logistics,germany,transport,11662200,585280,7,2,2017
iproov,uk,technology,7435887,376519,61,14,2011
spin up,italy,advertising,4009330,203950,5,1,2017
begreat,germany,retail,5141555,270090,16,4,2012
tsunami nutrition,italy,ecommerce,6945000,369000,17,2,2017
matt sleeps,the netherlands,interiors,9789240,535070,6,2,2016
tessian,uk,technology,15365580,858482,138,28,2013
solarisbank,germany,financial services,35938000,2007000,369,98,2016
m2dg myflexoffice,france,support services,6630617,375323,21,2,2016
eukon,italy,health,6393680,362320,11,2,2004
evolution adv,italy,advertising,14175780,805870,13,3,2016
making science,spain,technology,57670541,3306795,274,47,2001
everli,italy,ecommerce,109248030,6287460,207,45,2014
appfollow,finland,technology,2210636,128176,73,12,2014
synerise,poland,technology,3999023,255062,190,40,2013
chaikola,poland,food & beverage,5158786,330763,8,4,2010
scolution,germany,technology,1825546,107492,12,4,2015
jl&p,france,energy,2212606,131164,15,3,2017
efarmacom,italy,pharmaceuticals,20150800,1199580,50,8,2017
elvie,uk,technology,40813930,2474341,138,22,2013
farmarelax,italy,personal & household goods,4459170,270750,5,1,2010
omnisend,uk,technology,11761268,742746,99,20,2008
world trade group,italy,fashion,4897950,314150,5,1,2017
besteam conseil,france,technology,3871782,249176,32,2,2016
motorway,uk,automobiles,4838407,320411,96,5,2016
iso public services,germany,technology,10019903,672821,26,0,2014
octopus energy,uk,energy,2120071949,145398192,918,106,2015
cyberiam,uk,cyber security,5639335,387161,82,8,2017
cbweed,italy,personal & household goods,3500000,245000,17,2,2017
catraport,portugal,automobiles,7294549,518613,46,18,2015
ouihelp,france,support services,3686617,262421,106,13,2016
inpay,denmark,fintech,23803000,1702000,67,33,2013
mgi meccaniche generali irpine,italy,industrial goods,2610700,188680,10,4,2017
glencar construction,uk,construction,107860442,7930094,80,7,2016
qmee,uk,technology,12571314,925527,23,9,2010
myappfree,italy,advertising,5764870,422420,10,1,2015
investa dienstleistungen,germany,support services,2176136,159707,55,8,2014
polarium energy solutions,sweden,batteries,74065413,5581858,58,19,2014
baroni home,italy,ecommerce,1531358,113072,5,4,2016
dayshape,uk,technology,3320479,247465,45,6,2013
marketers company,italy,advertising,1880460,139300,8,3,2016
easo magno,spain,beauty,3061854,228076,5,2,2017
greyfood,germany,retail,9187050,684874,10,1,2016
misfits health,uk,food & beverage,2266155,171057,9,3,2016
meilleursbienscom,france,property,3864176,291481,5,1,2010
fasanara capital,uk,financial services,11527860,882099,36,5,2011
ntechlab,cyprus,technology,8730000,664000,122,44,2015
babylino sensitive,italy,personal & household goods,2851840,217460,5,2,2016
fastned,the netherlands,technology,6890000,530667,54,24,2012
oxray,portugal,health,5465756,427339,6,2,2009
zega invest,germany,property,3785340,299598,4,3,2017
abylon consulting,hungary,technology,1721315,159128,7,2,2016
milrab,norway,ecommerce,79302201,6753191,77,20,2005
urbantz,belgium,technology,3031099,242368,55,7,2015
tricas construction,uk,construction,15880745,1281462,32,6,2017
florence one,italy,technology,1629099,131691,10,6,2017
ergotopia,germany,retail,7664825,620283,35,8,2014
mculecom kft,hungary,chemicals & pharmaceuticals,2683264,252713,17,5,2011
filo,italy,technology,10049610,815690,18,9,2014
homepal,italy,property,1603990,130290,11,4,2014
staffbase,germany,technology,26894501,2201178,310,55,2014
ilon materiel,france,construction,2512300,207327,4,2,2016
bio-marine,ireland,personal & household goods,1612837,133200,25,7,2014
isodeco,france,construction,2906133,241411,18,2,2016
treedom,italy,support services,6709720,560150,42,18,2010
fenstermaxx24,germany,retail,8466121,712855,20,3,2016
pohl & sohne gerustbau,germany,construction,2124763,180824,31,7,2017
yso corp,france,media,6689503,570012,13,3,2013
gyada cosmetics,italy,beauty,1830610,156130,10,2,2017
privitar,uk,technology,9923965,855321,190,47,2014
delineate,uk,technology,3332661,288095,25,1,2015
spyrosoft,poland,technology,24721755,2326082,563,75,2016
bio energy solutions,slovakia,waste management & recycling,16006537,1383205,37,6,2014
increso,italy,management consulting,3230000,281000,51,2,2015
lsg - logistic & service group,italy,transport,8873180,777410,46,1,2016
energihem,sweden,construction,28004684,2527006,125,19,2015
amity,uk,technology,5743440,522712,164,48,2012
goyago,germany,retail,3729920,337525,43,4,2014
la regie de portage salarial,france,support services,7638731,692440,140,23,2016
dall energy,denmark,energy,6013000,551000,15,5,2007
appinio,germany,technology,3597000,330500,44,5,2014
pinsami,italy,food & beverage,4892000,455000,33,14,2015
aer trading,france,retail,17575388,1643572,1,1,2013
valumen,france,support services,2196424,205554,4,1,2014
follow,france,advertising,6844818,643299,14,4,2016
darpdecade,germany,retail,6624660,628384,173,4,2016
bolt,estonia,technology,221393889,21098843,1798,399,2013
kiteworldshopcom,italy,ecommerce,1671984,160539,5,2,2014
peter kenkel,germany,retail,22137000,2131000,19,10,2006
templafy,denmark,technology,15486451,1521010,292,32,2014
comservice,italy,support services,2016300,194780,99,17,2014
falcor presse,italy,industrial goods,2996770,291720,5,1,2017
roomraccoon,the netherlands,technology,1715334,167000,40,8,2017
signaturit,spain,technology,5639953,552355,95,37,2013
modulr,uk,fintech,12789098,1269382,191,31,2015
profishop,germany,ecommerce,43812068,4340517,63,17,2012
floer,the netherlands,interiors,2520013,249975,15,2,2015
audiosalus,italy,retail,1569480,156300,12,4,2011
statsbomb,uk,technology,2027170,204620,26,2,2016
theras biocare,italy,pharmaceuticals,26633230,2693390,8,2,2013
stenn,uk,fintech,29615571,3058141,61,32,2016
nanushka,hungary,fashion,20825934,2456563,180,30,2012
dpm - deutsches personal management,germany,support services,2267760,230800,60,10,2016
monese,uk,fintech,18196451,1870109,243,84,2013
arquimea,spain,technology,72044361,7450099,288,40,2005
groupe perspective,france,education,2709000,280390,18,4,2013
funnel,sweden,technology,11499031,1217338,155,37,2014
living quarter,germany,health,5016731,529371,49,5,2015
svea solar,sweden,energy,66146911,7177912,287,38,2013
bevcraft group,ireland,food & beverage,4046859,429505,16,6,2016
learning technologies group,uk,technology,19446429,2096570,932,767,2013
cura farma,italy,health,4436220,479290,9,2,2014
kamado bono,lithuania,personal & household goods,6801734,735758,7,2,2013
sipadan,spain,management consulting,3457203,374200,47,3,2007
dateio,czech republic,fintech,4710733,530785,45,18,2013
crest investment,germany,property,4857817,533144,16,4,2016
componenti digitali,italy,retail,2805850,308810,19,2,2017
immo-konzepte,germany,property,2269276,252871,6,3,2006
swipbox,denmark,technology,9391760,1052796,41,3,2014
nextory,sweden,media,26534087,3046667,85,9,2015
itds polska,poland,technology,8609941,1057443,176,32,2016
savait,italy,ecommerce,2108040,237410,5,4,2015
adpone,spain,advertising,11124512,1255372,18,3,2015
nord security,lithuania,cyber security,156623915,18035029,1000,350,2012
mews,the netherlands,technology,22386000,2531000,226,25,2012
titulae,spain,education,4870863,551128,35,9,2015
systemeio,ireland,ecommerce,2407982,273552,40,5,2016
eodh sa,greece,aerospace & defence,2597612,299988,30,20,2003
multix solutions,italy,health,11586460,1340430,5,2,2015
b2digit,france,technology,1978128,228982,12,2,2016
a million ads,uk,advertising,4882837,570564,47,5,2015
woodwatch,the netherlands,retail,5590390,651170,25,5,2013
fenetres du doubs,france,construction,2238347,262280,12,3,2010
koesea,germany,construction,3400000,400000,65,3,2016
podium advanced technologies,italy,automobiles,18025740,2133310,38,14,2011
spegra,croatia,construction,17059791,2025879,166,109,2010
gpainnova,spain,industrial goods,15245617,1815680,117,18,2013
soluzione tasse,italy,management consulting,18939430,2264940,23,4,2016
velocultour,germany,retail,2458500,295731,15,2,2016
butorpiachu,hungary,ecommerce,2184336,305268,7,2,2011
success solutions,czech republic,technology,2633664,327218,44,8,2016
bug bite thing europe,denmark,health,1577878,191679,1,1,1989
dexatel,estonia,technology,11087980,1349733,24,4,2015
gemco,italy,construction,3941900,481510,6,1,2015
lyonnaise de construction et renovation,france,construction,6640842,812371,n/a,n/a,2015
gousto,uk,food & beverage,210945370,26112757,702,204,2012
winter in venice,uk,beauty,12682062,1575522,6,4,2010
infratech bau,germany,construction,60067088,7415334,72,18,2007
4streets building innovation tunnels bridges roads,italy,construction,6739630,833230,46,3,2016
landbay,uk,fintech,8980496,1119178,95,31,2013
degoo,sweden,technology,1973775,249818,18,3,2012
franco fresco,germany,food & beverage,50723858,6280267,320,52,2016
lendable,uk,fintech,40305193,5026349,84,25,2014
ulrich muller wealth academy,germany,education,3516744,440369,6,2,2014
cerascreen,germany,health,10499782,1315000,84,19,2012
eqinov,france,energy,70183744,8811708,43,24,2011
serre famiglia pederiva viticoltori dal 1958,italy,food & beverage,9022020,1134730,12,7,1996
bloom & wild,uk,ecommerce,155595726,19757296,170,68,2013
brautigam,germany,automobiles,6315124,796207,29,9,2016
newil & bau,finland,construction,19420672,2448858,7,1,2006
id finance,spain,fintech,103634000,13157000,411,271,2015
kry,sweden,health,77764611,10152222,600,74,2014
sixth sense,italy,technology,3916570,500440,25,4,2015
nethive,italy,cyber security,3960770,506730,19,7,2014
latitude investment management,uk,financial services,1750466,225964,8,3,2016
qred,sweden,fintech,30414122,3989355,68,10,2015
oculavis,germany,technology,3924472,504357,55,15,2016
the information lab,italy,technology,4253110,548180,30,5,2015
md sonnenschutztechnik,germany,construction,4068621,524750,10,6,2015
syntio,croatia,technology,2127532,274966,43,7,2017
bomae,denmark,financial services,1662487,214713,13,3,2016
gophr,uk,technology,5738336,755191,18,6,2014
memory pc,germany,retail,57375000,7522000,110,20,2012
sollis solargrohandel,germany,retail,11860100,1556607,6,2,2017
spotawheel,greece,automobiles,15646588,2058315,123,37,2015
ooni pizza ovens,uk,personal & household goods,63879414,8508398,83,18,2012
robovox distributions,germany,retail,19427000,2570000,35,10,2015
centralnic group,uk,technology,197260279,26626422,650,92,2000
bernd andert transporte,germany,transport,4105262,546226,83,16,2003
bluewater bio,uk,technology,20201424,2708983,18,16,2007
tecma solutions,italy,technology,7319870,975140,107,25,2012
delante,poland,sales & marketing,2160094,316525,48,21,2015
intumind,germany,health,6560962,884885,15,8,2015
saljol,germany,health,4146403,559778,15,10,2016
tkd solutions,germany,telecoms,15874245,2146950,20,9,2014
kuori,finland,technology,2501902,340000,15,5,2016
ferroamp,sweden,energy,7645003,1062649,42,21,2010
valor real estate partners,uk,financial services,4534588,621636,23,6,2016
anexiti,france,technology,2565735,350019,14,2,2013
genius,france,support services,2417902,330522,23,6,2017
instilla,italy,advertising,2993310,410520,31,3,2015
footdistrict,spain,ecommerce,14942262,2051133,60,12,2012
spiideo,sweden,technology,4799358,674805,36,12,2012
contractpodai,uk,technology,4875622,670685,118,14,2012
tarhan bauausfuhrungen,germany,construction,1851000,255000,15,5,2017
matillion,uk,technology,24580709,3417815,218,44,2010
extra mile live service,germany,retail,2637501,364485,5,2,2017
littlebig connection,france,support services,111538883,15653388,173,17,2013
spc general service,italy,construction,6788660,954700,50,15,2011
jobandtalent,spain,technology,352879165,49833511,801,156,2008
financial house,uk,fintech,18766625,2669247,20,14,2016
mylead,poland,sales & marketing,2004501,309471,42,8,2013
mia-platform,italy,technology,6515510,923730,74,15,2016
tecnimed,italy,health,9551790,1354980,32,20,1976
longevity partners,uk,retail,2336243,335460,22,5,2015
nexumstp,italy,management consulting,25667400,3659630,345,56,2015
g-on,france,support services,1810459,259342,16,3,2016
picnic,uk,advertising,1508869,219999,10,3,2016
egomnia,italy,technology,1901140,276750,36,2,2012
loyaltylion,uk,technology,4483296,657382,40,10,2012
remarkable,norway,technology,115793390,18106514,142,22,2016
kubrick,uk,management consulting,32614354,4829922,673,119,2016
contrader,italy,technology,4682960,688860,35,7,2012
samont,germany,industrial goods,19577339,2880891,89,39,2008
sirive,italy,construction,4527690,667170,5,1,2017
multienergia verde,spain,energy,146453604,21640253,15,10,2014
wielandts upmt,belgium,technology,1529270,226295,6,1,2013
asket,sweden,fashion,6525278,991534,13,4,2015
central warehouse solution,czech republic,transport,1788545,274790,45,10,2015
chef in camicia,italy,advertising,2071960,310810,21,2,2015
piper homes,uk,construction,30436232,4601266,28,9,2015
alturas cubiertas y fachadas,spain,construction,9375243,1411811,33,12,2014
autosalon uhingen,germany,automobiles,10540000,1587500,11,2,2015
yumi beauty,france,chemicals & pharmaceuticals,2678257,404819,5,1,2013
for me lab,france,ecommerce,1652073,251795,7,2,2016
stockholelbolag,sweden,energy,32265912,5033032,25,7,2015
flohr,germany,waste management & recycling,21249638,3241629,84,21,1999
agricodem,italy,agricultural commodities,2856530,436610,4,1,2008
dach schutzbekleidung,germany,industrial goods,45227730,6936038,80,14,2005
em-tec energiemontagen,germany,construction,3002729,461000,16,7,2017
wave studio,romania,technology,4105688,656172,9,8,2014
bazzar,croatia,retail,6686617,1034093,17,3,2013
cybersprint,the netherlands,cyber security,2914738,449771,43,10,2015
brandon group,italy,ecommerce,32039000,4954590,34,19,2012
feiniko handelsgesellschaft,germany,retail,32168909,4979484,13,1,2014
pharmagrin,italy,health,2701410,422610,21,2,2015
life m,czech republic,technology,2001844,322050,3,1,2016
plasticos dao / sacos & saquetas,portugal,industrial goods,1946703,304833,16,5,2012
logipal24,germany,transport,4967568,789058,70,19,2010
pastbook,the netherlands,technology,33651532,5361088,22,23,2012
bluefin,uk,ecommerce,28993287,4653721,21,6,2013
milk & honey pr,uk,sales & marketing,1528900,245974,18,4,2016
prodeval,france,energy,73514217,11756712,220,70,1990
virta,finland,technology,11029402,1765457,110,23,2013
bizaway,italy,travel & leisure,1989950,318940,28,4,2015
karl & leon,france,retail,2391019,385266,6,2,2015
identity,uk,management consulting,22885804,3733539,80,39,2001
blackbelt holding,hungary,technology,5695000,923000,55,4,2016
dynveo,france,retail,3687780,598678,13,1,2010
favi,czech republic,ecommerce,24995030,4174549,29,7,2016
hopkins,finland,sales & marketing,4534346,737936,27,4,2016
ap italian luxury,italy,fashion,4283930,698300,7,3,2016
novicap,uk,fintech,3383802,551848,45,20,2015
iglm store,italy,ecommerce,7790420,1277410,5,1,2013
luis technology,germany,technology,10000511,1644899,41,8,1999
quantexa,uk,fintech,33902755,5643295,275,55,2016
enerbrain,italy,energy,4131370,685370,37,9,2014
brinckmann,germany,construction,6037461,1002579,28,7,2013
lmg building,italy,construction,6255970,1043440,12,6,1982
nordic unmanned,norway,aerospace & defence,6305237,1122907,33,12,2013
hemisphere,france,property,6484822,1091925,6,2,2017
therapiezentrumcom nw,germany,health,2916337,492860,87,23,2017
beauhurst,uk,technology,5355215,916511,82,39,2010
cun cargo carriers,romania,transport,7103702,1207613,49,43,2017
mg project,italy,telecoms,8208450,1396400,34,23,2016
bonmea,germany,retail,14597418,2484783,6,3,2015
oceanis yachts,italy,travel & leisure,3059130,521250,6,2,2007
opus db,france,construction,12171118,2076139,8,2,2016
devensys cybersecurity,france,technology,3403055,580644,27,9,2013
project agora,cyprus,advertising,19798875,3380420,104,25,2016
bettertrust,germany,advertising,4981938,853561,19,5,2012
banale,italy,ecommerce,2051370,352000,10,3,2014
maatwerk online,the netherlands,sales & marketing,1673382,287985,17,5,2013
les constructeurs du bois,france,property,5087783,877275,6,1,2011
esserre pharma,italy,pharmaceuticals,2556640,441260,10,6,2013
onbuycom,uk,ecommerce,2720319,473344,18,8,2014
gojob,france,support services,40546000,7007000,108,27,2015
newroom,germany,retail,3669217,638739,10,6,2016
christmas the original,italy,retail,1994200,347190,9,3,2016
dimaxbau,germany,construction,2003989,349641,16,5,2016
comnovis it,germany,technology,1900000,332372,9,2,2013
die direktkontakter,germany,support services,2818000,493000,8,4,2016
mega trasporti,italy,transport,18168170,3185180,400,30,2010
lehibou,france,technology,13816792,2423113,40,9,2014
stufe a pellet italia,italy,interiors,3598050,631500,13,3,2014
aquis exchange,uk,financial services,12824155,2267165,46,31,2012
chattermill,uk,technology,2306045,408336,50,8,2015
schonertel,germany,construction,16388546,2884392,45,10,2016
global work,italy,telecoms,3174000,558820,57,8,2011
allygatr,germany,support services,1914500,338300,9,1,2012
cru wine,uk,food & beverage,9235946,1644134,14,3,2013
abc rent,italy,automobiles,21818000,3878370,8,5,2004
superior wellness,uk,personal & household goods,54150622,9719653,57,20,2011
schrott24,austria,waste management & recycling,14641523,2610679,12,3,2016
mazzoni etech,italy,industrial goods,2344440,419240,14,3,2017
berdugo immobilier,france,property,15049845,2696485,6,4,1996
nova rent,lithuania,industrial goods,8900000,1600000,37,9,2016
rouvy,czech republic,games industry,4058269,751071,38,13,2013
business analysis & legal expertise - bale,italy,management consulting,2943020,532690,4,3,2015
jmb,poland,energy,70179000,12709000,381,172,2000
nocnoc,france,travel & leisure,1596167,289766,13,2,2016
crowdproperty,uk,fintech,2941537,539486,33,5,2013
tutosme,france,education,4989872,910963,42,4,2015
studio eko,italy,management consulting,1740660,318370,10,4,2011
beings,uk,technology,1881768,348129,7,2,2010
dmrgroupltdcom,poland,chemicals & pharmaceuticals,7050124,1418769,6,3,2013
ice telecommunications ltd,uk,telecoms,16067551,2982238,119,35,2014
gallas group,italy,support services,4640710,856790,95,18,2012
etracom,italy,ecommerce,22952660,4253600,10,4,2010
xalient,uk,technology,26199717,4893654,88,38,2015
labevolution,italy,health,7264130,1349250,n/a,5,2009
kuadra,italy,interiors,3400580,635400,20,9,2015
kyo electric,spain,telecoms,5402302,1013181,8,3,2014
sopost,uk,technology,7825138,1481398,32,13,2012
sfre,italy,construction,3004290,564910,44,7,2016
sportstech,germany,retail,108500233,20436426,262,60,2012
opera energie,france,energy,11218211,2127151,98,40,2014
routenote,uk,technology,38428858,7339330,76,28,2010
doctify,uk,health,2409255,461671,40,26,2016
fruugo,uk,ecommerce,21793194,4176347,67,30,2008
insidemarketing,germany,technology,2971846,569646,15,7,2012
falzi,italy,waste management & recycling,2037320,391540,11,2,2013
atrys health,spain,health,31396438,6035116,504,62,2015
il cantiere costruzioni,italy,construction,4297790,826430,4,1,2016
soorce,germany,support services,15639618,3013629,22,13,2004
sortlist,belgium,technology,3396000,655000,85,26,2013
virtuslab,poland,technology,12468548,2635420,234,90,2010
skalhusetse,sweden,ecommerce,7342811,1454711,16,5,2012
vipino,germany,retail,11067681,2148122,26,6,2013
gea service,italy,waste management & recycling,6673050,1304060,133,30,2015
gellify,italy,technology,5581540,1090920,62,12,2016
billion dollar boy,uk,advertising,13085484,2577297,92,42,2014
westrafo,italy,energy,22072700,4356500,58,19,2014
goboony,the netherlands,travel & leisure,1718442,340309,21,10,2015
multiservice ambrosiana,italy,support services,4266770,846360,180,60,2016
b&c systems,germany,construction,5339538,1061327,65,16,2016
s&g solar,bulgaria,energy,3980920,792093,10,31,2014
bittnet,romania,management consulting,22436395,4641712,120,40,2007
ibanfirst,belgium,fintech,12062697,2408187,204,47,2013
uplink network,germany,telecoms,28140196,5629906,46,20,2013
base organic food,france,agricultural commodities,10802997,2163006,25,6,2015
currentbody,uk,ecommerce,38002441,7671961,74,20,2009
apex aero,uk,aerospace & defence,3812785,770031,6,1,2016
startup development house,poland,technology,1514111,303615,59,25,2016
gruppo gheron,italy,health,58422800,11728040,806,8,2010
dyflowing,italy,technology,1696320,341370,30,5,2016
digital masters,germany,advertising,3019110,608053,40,22,2016
prusseit auto-outlet,germany,automobiles,2576602,520998,17,3,2017
techouse,norway,energy,31852584,6863940,72,30,2002
svs,italy,construction,9694310,1965560,8,3,2016
telcoswitch group,uk,telecoms,7519236,1543824,86,18,2017
bothe-reimann tortechnik,germany,construction,2277791,464354,8,3,2017
e-pol / personalizzalo,italy,ecommerce,16089160,3284400,12,8,2012
riluxa,spain,interiors,3428464,700007,18,3,2016
modalis,france,transport,19169652,3915724,8,6,2002
olympp,france,technology,5512134,1127652,27,8,2016
zeck fishing,germany,retail,6806664,1401463,25,4,2013
storpool storage,bulgaria,technology,3306191,681460,25,16,2011
vimcar,germany,technology,14674011,3035269,164,72,2013
joannes distribution sas,france,retail,7064900,1468200,8,5,2011
sourcing force,france,technology,12806965,2663699,30,8,2011
schalttechnik nord,germany,technology,12489032,2601157,60,16,2000
dgc,germany,cyber security,1577296,329298,27,5,2015
superprof,france,education,10168214,2136626,202,28,2013
improveasy,uk,management consulting,26446798,5602132,48,12,2011
viareno,france,construction,6937737,1459655,30,8,2014
cmt,slovakia,waste management & recycling,1951232,411858,19,10,2013
rets,poland,property,5206032,1201964,97,31,2014
mubi,uk,media,18356623,3954351,104,33,2007
dynamicom education,italy,education,9018160,1906790,27,3,2001
touch4it,slovakia,technology,2064141,437747,47,25,2015
tattahomecom,italy,interiors,2800000,595800,8,4,1986
speechmatics,uk,technology,7161145,1541070,90,37,2006
samy road,spain,advertising,19458114,4163750,118,20,2012
prometeo,italy,support services,3580500,766510,9,6,2006
dialectica,uk,management consulting,17078846,3688264,260,65,2015
wolf & badger,uk,ecommerce,11604670,2508842,62,32,2009
eco co2,france,support services,9220216,1982251,94,28,2009
lakogep kft,hungary,construction,25335854,6328462,20,3,2011
beyer betonwaren,germany,construction,2062749,443694,20,9,2017
fill up media,france,media,4999802,1081079,42,12,2011
zara imballaggi fabriano,italy,industrial goods,2297210,496790,6,4,1984
cd projekt,poland,games industry,468257487,110835763,1177,744,1994
vpace bikes,germany,retail,2643580,573145,10,1,2015
tooltester,spain,sales & marketing,3646507,790712,6,0,2014
bunker partner,estonia,energy,101726265,22060642,7,2,2015
tikamoon,france,ecommerce,56122322,12200275,130,40,2006
star digital,croatia,advertising,3211868,699907,8,10,2013
funding options,uk,fintech,5922043,1297717,62,29,2011
isimed,italy,health,4828920,1050660,14,8,2014
sonar sonarqube sonarcloud sonarlint,switzerland,technology,83632640,16861349,195,50,2008
scherer,germany,support services,4285766,934994,30,4,2016
mycroclean italia,italy,support services,3366730,736000,24,14,2002
piscor,italy,ecommerce,4842410,1061360,16,8,2015
marwincar,italy,automobiles,5083140,1114200,3,1,2016
brighton & hove albion football club,uk,travel & leisure,148505285,32824451,1038,288,1993
inpe transport,bulgaria,transport,1816274,398676,60,5,2015
rtb house,poland,technology,191601076,45981552,773,266,2013
obiz,france,media,15377000,3389300,38,27,2010
vmway,italy,technology,15901220,3525720,70,33,2012
legimi,poland,media,7007093,1698358,12,8,2009
beauty,germany,retail,2910737,645633,11,5,2011
leogra trading,germany,retail,5078464,1128243,11,4,2014
benefind,italy,technology,2262490,505520,32,10,2012
ab oil & gas service,italy,support services,2310000,516640,13,5,2017
mailtrack,spain,technology,3445698,775341,23,14,2013
bumper,uk,fintech,3394214,771504,33,15,2013
otl - online trainer,germany,health,6607564,1492190,46,22,2015
macingo technologies,italy,support services,1601000,361790,17,9,2014
mycs,germany,retail,39355846,8935361,210,120,2014
audience serv,germany,advertising,6107018,1389534,92,23,2008
start,italy,telecoms,3769100,857590,8,4,2012
mvh media,the netherlands,sales & marketing,2391654,544943,29,8,2010
pure gaming,france,ecommerce,6984956,1593667,2,1,2010
parcel compare,uk,transport,9085936,2091995,8,4,1998
ames centro polidiagnostico strumentale,italy,health,40391360,9235130,81,71,1979
arcadia italia,italy,energy,3249140,743130,6,1,2016
zia lucia,uk,restaurants,4853930,1119494,43,16,2016
travaglini costruzioni,italy,construction,4603740,1062010,37,16,1952
versa design zycle,spain,technology,9501888,2199640,81,10,2008
maucher consult,germany,construction,1952000,452091,15,5,2016
ayes,italy,technology,10827070,2510930,137,51,2015
brandup group,italy,advertising,2718640,630660,5,1,2016
opyn,italy,financial services,4168220,969930,19,11,2012
var capital,uk,financial services,2132001,499815,8,4,2014
storyterrace,uk,technology,2843048,667467,25,9,2017
blubit,slovenia,technology,2964852,691140,22,8,2009
zenup,france,insurance,1891361,441271,9,9,2014
lorcher bauunternehmen,germany,construction,3932792,917735,25,17,2001
barcode architects,the netherlands,architecture,4851997,1134256,62,23,2010
top chaleur,france,retail,7260096,1702165,27,9,2002
seingim,italy,construction,13479380,3163540,160,52,1999
amphibian scaffolding,uk,construction,4011415,948813,49,21,2008
beliani,liechtenstein,ecommerce,93438770,20298288,551,205,2009
hatstore,sweden,ecommerce,17453187,4195789,45,17,2011
carpenteria martino,italy,construction,9719750,2286000,27,19,2006
capitalontap,uk,fintech,82238372,19489369,147,61,2012
netguru,poland,technology,34677235,8933769,637,199,2008
fazio,italy,retail,3375810,799170,7,6,2014
grillfurst,germany,retail,38599408,9145411,84,37,2010
dealernet,italy,automobiles,22704300,5394020,18,14,2017
alpha real estate,germany,property,119161137,28378990,57,14,2013
appwise,belgium,technology,4546110,1084812,74,12,2013
convert group,greece,technology,2789489,666118,55,17,2014
revolution race,sweden,ecommerce,89332521,21841341,65,17,2013
gong galaxy,france,retail,11320706,2708258,40,11,2009
gcostruzioni,italy,construction,1573480,376440,8,8,2011
emporio elettrico,italy,ecommerce,1979050,473640,4,1,2015
exscientia ai,uk,technology,10807048,2606296,87,15,2012
featurespace,uk,fintech,23501473,5688822,324,128,2005
xl energies,france,energy,8358760,2013403,11,3,2016
claveria,spain,support services,4715363,1137450,43,20,2015
timberagents,germany,retail,5302985,1280989,4,3,2010
fermeture econhome,france,construction,1862632,451196,30,2,2012
nrse,sweden,management consulting,3268813,815449,70,20,2014
simwert,germany,telecoms,26386701,6450759,21,16,2011
flex legal,uk,law,4319146,1064498,24,2,2015
documaster,norway,technology,3328791,868552,41,15,2010
immo-team allgau,germany,construction,21974565,5381108,4,1,2014
creditshelf,germany,financial services,4899200,1201900,57,17,2014
blife,italy,food & beverage,4133980,1016480,10,7,2016
nohup,italy,technology,4785480,1177860,18,9,2004
noctuai,poland,technology,2443117,657377,56,17,2012
ares,germany,industrial goods,14000000,3450000,96,47,2013
moonpig group,uk,ecommerce,411390748,102139979,399,242,2000
wealth club,uk,financial services,6774867,1685348,22,15,2016
factory,france,property,12609000,3119000,25,4,2016
beck ingredients,spain,health,7532293,1865319,6,2,2016
mentors & partners group,hungary,management consulting,1822227,524552,3,3,2010
sb supply,the netherlands,ecommerce,4363977,1081844,9,4,2011
mediaboard,czech republic,media,2243594,572798,24,8,2015
dw trans,france,transport,9485173,2357096,80,20,2012
nacelexpert,france,industrial goods,2727392,679247,4,2,2006
keylight,germany,technology,3499555,871779,31,14,2015
technacy,italy,technology,3059440,762200,13,3,2011
genoskin,france,chemicals & pharmaceuticals,2810120,700823,25,12,2011
payment assist,uk,fintech,5993895,1518678,21,12,2013
my boo,germany,retail,4706000,1184000,65,14,2013
84codescom,sweden,technology,12120207,3118698,25,11,2012
klg liquida,germany,chemicals & pharmaceuticals,5034595,1267224,20,6,2013
ignimission,france,technology,2280542,574323,35,8,2011
adamant bionrg,italy,energy,117997000,29718000,7,4,2013
xplort,uk,interiors,2252358,571513,5,2,2015
bambridge accountants,uk,financial services,3368822,855283,12,7,2010
g2park,slovakia,property,2902148,732924,13,7,2016
pelizzari studio,italy,architecture,2625660,663100,5,2,2014
postex,the netherlands,technology,5248908,1334213,9,4,2014
consorzio stabile ambientemilia,italy,waste management & recycling,9752760,2492730,5,5,2013
yocabe,italy,ecommerce,3293860,842600,12,6,2016
chez nestor,france,property,8559263,2189720,33,19,2012
mint italia,italy,transport,2415110,621500,9,2,2016
sendcloud,the netherlands,ecommerce,81775452,21052232,233,27,2012
datakey software engineering,italy,technology,1898000,488940,10,6,2008
metaminds,romania,cyber security,32103084,8605113,41,21,2015
time vision,italy,education,2793340,721090,29,11,2012
werksrader24,germany,automobiles,14896000,3847000,36,16,2013
fod mobility group,uk,technology,13309945,3465675,70,35,2008
selferg,italy,energy,2050130,531960,60,10,2007
poppri fashion auctions,lithuania,ecommerce,13028856,3386414,94,45,2012
vizion network,uk,automobiles,117817156,30862156,194,156,2008
beyond law group,uk,law,8233616,2159010,66,27,2017
eda warehousing,germany,transport,4570000,1190000,14,13,2014
bpv,germany,telecoms,22704275,5923571,90,45,2013
ultra premium direct,france,agricultural commodities,20779890,5422583,81,29,2013
afr-ix telecom,spain,telecoms,9933867,2593649,24,12,2013
blue energy,poland,cyber security,4527970,1293181,44,28,2010
cjuste paris,france,retail,2404398,628388,15,5,2013
sos-accessoire,france,ecommerce,14690408,3848262,44,13,2007
hannes konig,germany,construction,8750671,2295632,27,18,2017
zanatta media group,germany,advertising,8383859,2202906,9,6,2007
wastepack,uk,waste management & recycling,22373295,5924389,20,18,1997
radar consulting italia,italy,support services,1580450,416960,17,7,2010
agriconomie,france,agricultural commodities,37248117,9838779,53,32,2014
anytech365,spain,technology,18743704,4985758,364,187,2014
cladspray solutions,uk,construction,1863819,499484,12,4,2013
im global partner,france,financial services,31463692,8392541,50,10,2015
confinvest,italy,precious metals,41130000,10982110,6,2,1983
ethic technology,france,technology,8340824,2229273,3,2,2012
bomax,italy,telecoms,71290680,19088830,7,6,2001
kk-trade,germany,retail,4383254,1174770,15,4,2017
marsapet,germany,retail,3960200,1061642,26,4,2015
gruppo tera,italy,ecommerce,20222750,5428300,16,8,2015
codiceplastico,italy,technology,3068430,824450,14,7,2009
tremend,romania,technology,20679155,5772716,426,185,2005
doofinder,spain,technology,6590434,1771758,61,17,2010
hostinger,lithuania,technology,25860664,6955394,780,80,2004
catalyx,switzerland,sales & marketing,6540543,1627160,39,9,2013
harness code,bulgaria,sales & marketing,2223308,599612,9,6,2016
nanoprom chemicals,italy,chemicals & pharmaceuticals,2779910,749940,17,5,2014
elite,spain,construction,10060550,2716240,49,27,2012
appunite,poland,technology,4424063,1310532,119,26,2012
eskalia et nakupenda,france,retail,1515414,410775,7,2,2006
lgx logistics,germany,transport,8070059,2191733,12,3,2006
polipop,portugal,industrial goods,3351671,910392,22,11,2015
stampasi,italy,ecommerce,2543820,691110,10,1,2016
cam,italy,industrial goods,12280490,3336600,67,45,1984
plug in digital,france,media,13767602,3743740,37,12,2012
predica,poland,technology,17589082,5233937,241,82,2009
ocean transport,spain,transport,4783846,1304073,19,2,2009
serinus,uk,energy,19651446,5474802,75,103,1997
demv deutscher maklerverbund,germany,financial services,5012841,1375943,50,20,2009
sti norland,spain,energy,199822150,54990779,221,53,1996
hd elektrotechnik,germany,technology,4207672,1158042,76,27,2011
engenie group,italy,technology,2025040,558480,9,1,2017
groupe nat,france,support services,4180122,1156596,64,25,2016
la sarraz pictures,italy,media,1513710,419430,5,2,2015
smart-planet,germany,retail,4598207,1276483,9,5,2016
sidea group,italy,management consulting,2429590,674560,49,8,2015
couteaujaponaiscom,france,retail,4579102,1272558,17,5,2004
physidia,france,health,16746545,4656191,58,20,2010
horando deutschland,germany,retail,8111269,2257390,3,2,2013
diablochairs jan nowak,poland,ecommerce,21520495,6549376,79,22,2004
parkster,sweden,technology,55139984,15711602,28,16,2011
biotyfull,france,ecommerce,20248436,5642145,13,5,2015
bioksan,spain,food & beverage,5914732,1650756,51,14,2014
trippel,norway,support services,3057807,910070,118,37,1999
yourparkingspace limited,uk,technology,13863431,3904618,32,15,2013
carslift,france,automobiles,2226659,622989,35,1,2012
zimmerei nordmann,germany,construction,2074577,580537,11,5,2009
si silicone innovation,germany,industrial goods,3640511,1018843,40,20,2015
aue genc warenhandels-ug,germany,retail,19890000,5573000,12,8,2010
mgvision,italy,advertising,4010560,1127170,18,10,2010
new general service,italy,support services,1539360,433540,26,13,2015
anrenovation,france,construction,11594389,3266703,41,15,2010
mdg components unipersonale,italy,industrial goods,2283970,644440,14,10,2017
amco-bulgaria,bulgaria,retail,6298606,1778274,22,5,2011
symprove,uk,personal & household goods,12298843,3498275,39,16,2005
tecknuovo,uk,technology,26273556,7477852,22,10,2015
platformsh,france,technology,22077678,6242232,217,62,2010
isg express logistik,germany,transport,5822692,1646307,46,5,2011
manelli impresa,italy,construction,43355980,12259540,173,55,2008
sa formacao,portugal,education,3647652,1031733,53,22,2009
sm sektmanufaktur,germany,industrial goods,2408586,681652,14,3,2015
beauty consult deutschland,germany,health,3725665,1055100,31,8,2011
finauto,italy,automobiles,11789870,3350270,8,5,1977
aucoffrecom,france,financial services,114037838,32428296,21,18,2009
divido,uk,fintech,3786036,1084616,46,37,2014
r&k ingenieure,germany,construction,5210500,1482100,17,6,2016
nephos technologies,uk,technology,17559447,5031697,25,11,2011
la vida,uk,support services,7572128,2178629,15,8,2002
midstream lighting,uk,technology,8204844,2363526,12,4,2012
propulse it,france,technology,6326861,1809858,2,2,2014
additius santa maria,spain,agricultural commodities,31757362,9100083,30,25,2012
conexio telecom,france,telecoms,1908640,547084,15,3,2017
tripin,germany,retail,5465080,1568506,9,5,2012
continental wood kft,hungary,industrial goods,2724073,910973,9,4,1996
geoteam,italy,energy,7623730,2195780,120,71,2008
leascorp,france,financial services,18481247,5325214,7,4,2014
positive healthcare,uk,management consulting,6731831,1954609,19,3,2014
ralph schmolke,germany,retail,2281929,658317,8,4,2010
roomie milano,italy,property,3728920,1079340,10,2,2016
trencadis corp,romania,technology,20410511,6137755,89,40,2007
worteks,france,technology,1870845,541582,11,4,2016
remove,france,construction,8988475,2608093,74,27,2015
citadelo,czech republic,cyber security,1556521,452557,27,15,2006
grill autoservice,germany,automobiles,18141216,5283415,26,13,2017
inbrooll,spain,industrial goods,2663110,776268,15,8,2013
cross,germany,retail,88590000,25858983,4,3,2010
b1gas spa,italy,energy,41474660,12106480,6,2,2010
filva,italy,construction,6188900,1808710,10,8,2009
archingest,italy,construction,3515000,1030000,6,2,2005
alpha fx group,uk,financial services,51640733,15241075,124,51,2009
lemonads,switzerland,advertising,4952255,1451770,50,7,2012
signicat,norway,technology,42514150,13309441,213,71,2007
alfred dopker,germany,construction,77358225,22730529,55,41,1965
bavaria-ei,germany,retail,13067279,3842670,88,42,2001
oxylabsio,lithuania,technology,25040954,7381686,245,57,2015
ash automobile,germany,automobiles,2333452,687958,5,2,2014
vascular,hungary,health,29099679,9987236,57,18,2007
andjaro,france,support services,3189298,943718,57,30,2015
rohrtaler wertstoff,germany,waste management & recycling,3286187,973460,34,22,2013
autel karnetic,uk,technology,8520830,2543343,7,6,2016
discoupcom,italy,advertising,2075110,616520,10,8,2013
hellas direct,cyprus,insurance,34488971,10247832,85,52,2011
herrles,germany,automobiles,10242075,3044054,45,30,2009
investmentpunk academy,austria,education,3179000,947000,12,6,2016
born stahlbau,germany,industrial goods,4527093,1351164,13,6,2015
rettel projektbau,germany,construction,8073458,2410212,7,5,2016
suntronic,italy,energy,2347320,700960,4,2,2005
tmt,italy,industrial goods,12763524,3811838,42,6,2014
gedankenburg,germany,advertising,2950010,881275,5,2,2015
svop special vehicle operation,sweden,automobiles,4526309,1385662,16,6,2013
glenholme healthcare group,uk,health,14845073,4476517,415,132,2011
audensiel,france,technology,57451279,17203160,720,230,2013
ivnosys,spain,technology,8743069,2618069,106,34,2011
mulconsa,spain,construction,6687402,2002982,45,30,2012
50nrth,germany,retail,35107348,10518963,54,14,2004
delecto,croatia,retail,2649288,793957,10,6,2008
mardruk opakowania,poland,industrial goods,3226645,1058063,47,7,2015
manang,france,construction,6205559,1862272,40,15,2012
bestbion dx,germany,health,14863628,4461170,27,21,2011
avamore capital,uk,financial services,2552248,772943,21,7,2015
solaris and more,germany,energy,4692660,1414501,30,13,2011
clearcycle,uk,retail,2176368,660767,11,8,2015
opteamis,france,support services,13856500,4180523,35,12,2005
codenor,spain,construction,6385196,1926967,20,10,2010
happybulle,france,ecommerce,4209975,1271353,18,8,2015
aurora energy research,uk,energy,15079425,4587687,158,46,2013
bacci,spain,fashion,24048302,7265350,14,19,2003
emilia foods,italy,food & beverage,26824140,8110160,25,8,2013
team - ti educa a migliorare,italy,health,3370490,1020690,211,82,2001
brainhub,poland,technology,3513741,1163241,75,30,2016
assitech,italy,construction,2675750,810750,9,10,2016
schott packaging,uk,ecommerce,2272847,694501,11,4,2016
alba,italy,energy,3299330,1001740,30,12,2010
fintru,uk,financial services,32392546,9915609,740,219,2013
global edilizia,italy,construction,4028000,1226000,5,4,2011
tpximpact,uk,management consulting,57093437,17515305,381,2,2016
lgs sportlab,italy,advertising,4014220,1222870,9,6,2010
weiser brandschutz & technik,germany,construction,5986199,1825769,45,4,2005
fairfax and favor,uk,fashion,18178322,5602279,47,13,2013
fao consulting,france,technology,7781600,2384156,85,39,2014
gruppo del barba consulting,italy,financial services,5855040,1794120,37,8,2010
exclaimer,uk,technology,26143857,8075796,109,62,2003
join business management consulting,italy,management consulting,10189790,3128700,77,25,2013
vennes,germany,construction,17048000,5244000,57,27,2003
piggy,the netherlands,technology,2946126,906341,31,7,2013
epassi,finland,fintech,205312456,63207258,130,40,2007
atheneum partners,germany,technology,33400000,10300000,315,150,2010
pharmacy2u,uk,technology,156232906,48580102,454,211,1999
phoenix developpement,france,support services,1797294,556159,18,6,2011
wiwie transport,germany,transport,4200000,1300000,25,10,2016
mevas auto center,romania,automobiles,2595034,834708,31,23,2003
bk beachhouse mode,germany,retail,5172479,1602458,35,21,2015
flli urso,italy,construction,2009090,622800,9,3,2015
gohenry,uk,financial services,22020382,6882489,166,61,2011
adrilog,italy,transport,57057180,17727950,816,634,2014
attachment,uk,advertising,7191249,2250946,6,2,2015
paris herbes,france,agricultural commodities,12934943,4020469,25,15,2015
interlog logistic,france,transport,5480946,1703819,28,37,2015
conglomerati bituminosi,italy,construction,33371870,10393680,75,34,1975
nikkel art,belgium,ecommerce,3762160,1172617,26,5,2010
esyen,italy,technology,3868940,1206770,25,9,2011
sav-eco packaging ltd,uk,industrial goods,16923940,5322238,165,104,2014
elmar mair tiefbau,germany,construction,2302685,719638,19,8,2016
atlas innovative engineering,spain,energy,3495981,1094666,15,12,2014
secure-ic,france,technology,6934182,2171492,76,48,2010
datalyo,france,technology,3544255,1111687,36,16,2014
signify technology,uk,management consulting,2547992,805029,29,14,2016
boxt,uk,ecommerce,38373430,12127395,59,20,2017
james and james fulfilment,uk,ecommerce,30887883,9762332,158,55,2010
armonie,italy,food & beverage,2803150,879670,9,5,2014
maverick group,italy,technology,5313290,1674690,5,1,2017
brainpull,italy,advertising,4264120,1344240,29,10,2012
wiseband,france,media,1636674,516164,15,4,2014
groupe ezdo la boulangerie des gourmets,france,agricultural commodities,40777823,12867410,15,4,2013
pakar service,poland,support services,9729642,3363800,396,257,2010
bio-uv,france,industrial goods,32175000,10181000,117,62,2000
fg service,italy,construction,2554140,809450,14,2,2015
allways logistics system,italy,transport,9569120,3033150,125,2,2012
matsmart,sweden,ecommerce,49576899,16075963,164,75,2013
autargo,germany,construction,1807173,573070,5,2,2016
brewshopno,norway,food & beverage,4392988,1484883,9,7,2015
visualitics,italy,technology,2131000,676000,15,3,2016
hifi extra,germany,retail,49190436,15610826,32,14,2016
ankerkraut,germany,food & beverage,26010474,8271702,150,70,2013
gda,italy,fashion,20745690,6615000,205,98,2008
nexid,italy,technology,2696270,859960,25,9,2006
gs studio & service,italy,energy,2087000,666210,16,7,2013
neosperience,italy,technology,16367000,5229000,160,60,2006
lunos,slovenia,technology,6356404,2031522,16,11,2010
meic costruzioni,italy,construction,10456300,3342120,71,39,2013
trident lifting solutions ltd,uk,construction,15846632,5105700,14,12,2016
smart battery solutions,germany,technology,10203000,3264000,69,28,2010
eu-bay commerce,germany,retail,8122686,2601485,20,10,2003
jens rabe academy,germany,education,3655345,1171373,20,6,2009
hyperoptic,uk,telecoms,57766084,18649681,1251,407,2010
sepale,france,energy,7879983,2531055,21,2,2009
3a informatica,italy,telecoms,1970000,633990,33,19,2005
emsproto,france,ecommerce,3136947,1009846,22,10,2014
laboratoires dermosun,france,chemicals & pharmaceuticals,5626849,1815835,13,9,2011
saico,italy,construction,6737600,2177950,23,13,2013
nutis,italy,food & beverage,6566530,2124990,19,9,1956
ogrodosferapl,poland,ecommerce,13256472,4693330,23,12,2011
svti,france,industrial goods,3981300,1290312,30,17,2010
enhancers,italy,technology,3352210,1087520,38,13,2011
agripower france,france,waste management & recycling,7701275,2498792,16,6,2012
next turbo technologies,italy,industrial goods,9481040,3080610,18,8,2014
velvet media italia,italy,advertising,5411160,1759490,98,46,2013
booster box,italy,advertising,2049365,667837,35,9,2016
rmf group,slovakia,food & beverage,3289892,1072117,2,3,2014
darwin group limited,uk,construction,70393894,23141358,140,89,2005
itfs,poland,technology,10446862,3730405,230,90,2012
skillsday,france,education,3154795,1031988,25,9,2015
gapps,finland,technology,8707000,2850000,34,23,2010
maxfel,italy,interiors,2201160,720650,15,6,1984
herrero brigantina,spain,insurance,14725853,4832212,55,33,2012
manitech,italy,industrial goods,3834910,1263420,6,3,2016
tradeco,italy,industrial goods,5889890,1944720,16,6,2016
mon chasseur immo,france,property,4794423,1585727,28,13,2012
upslide,france,support services,8274214,2737704,75,20,2013
cogeclim energies,france,construction,2622506,868406,18,5,2015
cellarius,hungary,sales & marketing,2571079,989785,14,10,2004
careful-service,germany,health,3537769,1173908,141,75,2014
softneta,lithuania,health,1778249,590642,30,24,2007
progeny,uk,financial services,16601337,5561585,161,64,2016
web geo services,france,technology,24114000,8022358,57,29,2009
spedition ibov,germany,transport,3424863,1140000,n/a,n/a,2013
mypostcardcom,germany,retail,6358307,2119022,25,21,2014
variosan,germany,retail,3233968,1078808,3,2,2013
riedle bertsch,germany,technology,2331579,777849,36,8,2013
mobili fiver,italy,interiors,11897820,3973460,50,23,1999
klc desamiantage,france,construction,6182419,2065220,46,11,2015
secret arts of spirits,france,retail,3308224,1105569,6,3,2014
mpb group limited,uk,ecommerce,72503245,24429686,184,68,2011
3zehn auto discount,germany,automobiles,25448057,8527777,12,5,2016
adikteev,france,technology,45616000,15292051,67,50,2012
fundis reitsport,germany,retail,7066208,2370645,50,3,2009
antriebstechnik ebner-seibold,germany,retail,2245423,753352,17,9,2009
invibes advertising,belgium,technology,11530000,3880663,102,30,2011
jointly il welfare condiviso,italy,support services,2400550,808700,34,18,2014
abtot mark & anlaggning ab,sweden,construction,9983094,3450305,23,10,2012
dusapro immobilien,germany,property,33903865,11484801,36,10,2012
soldats films,france,media,2320653,787160,8,4,2012
eagleprojects,italy,telecoms,15140480,5137900,287,120,2016
agile lab,italy,technology,5590450,1897650,43,15,2013
importprisno,norway,ecommerce,3113197,1126971,8,4,2012
truu,germany,industrial goods,12472561,4245861,72,18,2011
latelier,france,technology,4288024,1461226,15,5,2016
frigoclim kalte-klima,germany,construction,3890690,1326082,22,7,2014
m coffee company,germany,retail,2117442,722795,5,3,2013
protextyl,france,retail,5324116,1818032,22,12,2011
sp architecte,france,construction,2825876,964998,18,14,2009
embargos a lo bestia,spain,retail,22559217,7709375,178,54,2011
snigel,ireland,technology,20479764,7000063,3,2,2011
irettungsdienst,germany,health,1900000,650000,120,5,2006
way2global sb,italy,support services,2411600,828820,16,1,2017
media access solutions,uk,support services,3407930,1181642,33,3,2014
exadi,spain,sales and marketing,42525086,14649568,44,21,2008
fiber-service-gesellschaft,germany,telecoms,4049655,1395607,29,10,2014
tenderhut group,poland,technology,10264611,3868483,280,140,2010
worldwide fishing company,spain,food & beverage,140442673,48449141,30,12,2016
doctor hail spa,italy,automobiles,18101114,6246592,43,26,2013
kbs group,germany,support services,42006000,14500000,1500,650,2011
terre ehitus,estonia,construction,2089215,723064,12,5,2017
bauer energiekonzepte,germany,energy,36223730,12554325,19,7,2013
new euroart,italy,construction,9307640,3226280,77,26,2001
capelli for you,italy,beauty,1658750,575120,16,8,2015
ogury,uk,advertising,108758853,37992902,371,133,2014
tft ernst,germany,construction,2012427,698300,17,7,2017
somerford associates,uk,technology,18757685,6564162,55,31,2001
arcadia investment,germany,property,8102218,2818652,38,12,2012
filoblu,italy,management consulting,55564420,19351090,186,112,2009
tribus digital,uk,technology,1952800,685567,21,8,2016
doit,italy,technology,3040000,1060000,35,20,2014
global perspectives,uk,health,6631496,2329522,23,8,2009
pirene,italy,support services,1512680,527910,25,8,1999
ipulse,uk,personal & household goods,105149602,36995102,183,39,2012
blue networks,germany,technology,6626713,2322241,47,23,2002
n schwegler,germany,construction,10514000,3686000,35,20,2009
marcus lutz bau,germany,construction,1874438,659402,15,7,2002
hkr-technik,germany,retail,6996880,2462478,4,3,2008
licht strom,germany,technology,4039340,1424633,30,18,2007
die autowelt,germany,automobiles,16754654,5915499,40,15,2009
artheau aviation,france,aerospace & defence,11263318,3977562,9,4,2012
cepo,italy,industrial goods,4503670,1592170,22,13,2000
sneakers & jackets,france,financial services,2888273,1022714,2,1,2013
89up,uk,advertising,1814237,647020,26,11,2009
luxury & performance selection,france,automobiles,6444045,2281929,4,na,2016
grayce group,uk,management consulting,17890928,6381674,395,117,2012
nemesi italia,italy,technology,1640000,581520,4,1,1993
halo service solutions,uk,technology,5037087,1799189,40,12,1994
raspberry pi,uk,technology,80066074,28668484,73,36,2012
giopato & coombes,italy,interiors,5467910,1944000,17,8,2010
ship it,germany,retail,3391041,1207009,8,4,2016
rheinische scheidestatte,germany,retail,83044963,29564866,47,19,2012
whites agency,poland,advertising,4076348,1586246,90,34,2011
casa di riposo medicalizzata sempione,italy,health,2436000,867960,38,1,2017
cshark,poland,technology,11828515,4608343,269,135,2014
zinox laser,italy,interiors,6364000,2269510,47,30,2015
tera automation,italy,industrial goods,4987860,1778890,20,14,2013
innova hts,italy,health,8792400,3137630,16,12,2014
kentigen,czech republic,technology,1507867,554004,20,8,2013
teal partners,belgium,technology,3873750,1386701,23,13,2015
lm medical division,italy,health,11281040,4040060,47,16,2010
bec,germany,technology,7843183,2809036,47,25,2003
xylon,croatia,technology,4491888,1610149,81,41,1995
spedition kai rindert,germany,transport,3018684,1083821,9,2,2017
cogesa costruzioni generali saba,italy,construction,3453730,1241760,22,16,2009
skargardstunnan/skargards,sweden,ecommerce,15082088,5547537,20,13,2010
autonova milano,italy,automobiles,2790680,1006280,14,1,2015
polarstern,germany,energy,30270074,10925375,40,25,2011
halsdorfer ingenieure projekt,germany,property,31038460,11207566,15,5,2013
opna,france,support services,2317903,838200,23,9,2015
stikets,spain,ecommerce,9318626,3372820,39,25,2010
campustore,italy,education,34410600,12479120,18,18,1994
ars futura,croatia,technology,1580154,574487,27,14,2013
cemir security,italy,support services,2835330,1028730,116,64,2015
borgy cz,czech republic,personal & household goods,22419033,8362568,60,40,2009
groupe zephyr,france,health,16264645,5908517,600,190,2007
dernier cri,france,technology,3956061,1438184,57,25,2015
yesdevs,germany,technology,2200000,800000,37,10,2016
hydroflex group,germany,retail,13166000,4788000,36,19,2009
proteko service,italy,support services,5502450,2003540,31,7,2016
minicrm,hungary,technology,2232347,944107,26,26,2012
cnq consorzio nazionale qualita,italy,waste management & recycling,2151050,783460,39,13,2001
accolade,czech republic,property,83981636,31477723,n/a,n/a,2010
panel sandwich,spain,construction,9637845,3517519,27,9,2009
symbiose informatique,france,technology,33080096,12074454,32,28,1991
gengineering,italy,industrial goods,16504780,6024830,51,24,2012
i-particuliers,france,property,4071600,1488875,200,50,2011
henco,germany,retail,6970679,2550263,48,25,2012
gigliocom,italy,ecommerce,25355630,9283620,53,25,2007
alphaspel,sweden,retail,4535769,1699234,16,5,2013
sapiegos klinika,lithuania,health,1578677,579436,24,14,2014
opencorporates,uk,technology,2730677,1010498,25,9,2010
be cloud,france,support services,10371094,3811605,49,22,2012
drukarnia pigapl,poland,ecommerce,4064038,1632988,130,60,2014
groupe mister menuiserie,france,ecommerce,68009314,25003047,227,84,2010
insetto,germany,retail,6010130,2210651,79,51,1999
technophage,portugal,pharmaceuticals,2237180,823381,13,9,2005
skalis portage salarial,france,support services,6202068,2287420,68,25,2008
peoplegrapher,germany,advertising,3561298,1314806,11,5,2016
reveg fruit,italy,food & beverage,2356570,870070,4,2,2016
sciant,bulgaria,technology,3192139,1178653,79,39,2016
boender & beutel,germany,industrial goods,14550131,5376347,130,50,2012
ekinops,france,telecoms,92800000,34291000,456,419,2003
sano-tecnica,portugal,health,4972658,1838120,13,12,1938
mobelando,germany,retail,16692390,6170577,24,16,2013
democom,italy,telecoms,3347950,1238210,37,12,2011
erbagil,italy,pharmaceuticals,4021010,1490280,11,3,2009
axopar boats,finland,travel & leisure,78765693,29247774,32,9,2014
advanced composites solutions,italy,automobiles,5393690,2006100,54,11,2012
spartivento yachts & charter,italy,travel & leisure,5194630,1932580,34,12,2000
seargin,poland,technology,18624755,7576080,64,39,2014
ttp holding,germany,support services,37607000,13997000,32,28,2009
sweef furniture,sweden,retail,9506903,3620585,14,5,2011
sonic tanacsado es szolgaltato kft,hungary,technology,4646080,2009719,10,5,2008
spotit,belgium,cyber security,20387729,7606472,71,30,2014
label experience,france,financial services,1756470,655366,27,11,2016
lmm logistics,italy,transport,14113040,5268390,724,2,2015
medicalfit,spain,health,2378517,888395,35,15,2008
nuova mg,italy,industrial goods,2126840,794770,26,23,2017
innov and co handicap,france,technology,1879824,702609,30,7,2016
alma entreprise,france,construction,13438347,5023015,31,33,2003
radit,italy,support services,1879520,703190,15,8,2016
regional express,france,transport,22841800,8552857,220,80,2013
aravati,france,support services,6671500,2500644,59,26,2004
pohner hamburg,germany,retail,15603000,5851000,7,4,2013
schreinerei huber,germany,construction,2629044,986286,21,18,2010
isr,france,technology,4637943,1741112,12,12,1996
kinga mathe,germany,retail,1800494,676431,5,2,2008
rivile,lithuania,technology,3905042,1467195,24,20,1992
magarantie5ans,france,retail,9253546,3477788,20,8,2016
bebeboutik,france,retail,29080296,10944325,98,36,2012
radar cyber security,austria,technology,12727043,4794822,122,88,2011
clair group,france,aerospace & defence,38960985,14683064,121,49,2004
appsfactory,germany,technology,18044631,6801966,221,105,2009
stiltz homelifts,uk,interiors,36960953,14051407,250,142,2010
star stone,romania,construction,4409476,1729707,105,48,2012
coptrz,uk,aerospace & defence,6297471,2395445,22,10,2016
nurole,uk,technology,3249493,1236098,35,15,2014
abao energy,germany,construction,2406917,910386,15,10,2016
welol next,italy,technology,2685440,1017320,32,16,2011
intent hq,uk,technology,5762891,2199126,75,22,2010
cafe du cycliste,france,ecommerce,7445865,2826571,20,14,2009
langer luftungs- und klimaanlagen,germany,construction,4609256,1749794,8,5,2016
formind,france,cyber security,16845354,6398583,130,60,2010
oasis smart sim europe,france,telecoms,3065165,1167000,20,4,2010
aferetica,italy,health,6376910,2429230,13,9,2013
zero,italy,energy,42000000,16000000,37,15,2014
skills,france,support services,11650138,4443710,70,20,2011
3e studio,italy,support services,2804580,1071090,22,1,2015
pannonia steel,slovakia,construction,1768886,675645,5,1,2013
kronos,italy,fashion,23579000,9009270,21,15,2009
lasaponaria,italy,beauty,6304690,2409730,22,11,2007
die wuhlewanderer,germany,health,4970000,1900000,95,50,2013
imint vidhance,sweden,technology,4851538,1897113,27,26,2007
arte e passione,italy,restaurants,1671730,639410,47,18,2016
paul marius,france,retail,24869602,9515000,87,29,2011
scalefocus,bulgaria,technology,33137857,12686177,730,330,2012
whiskyzone,germany,retail,10750866,4117340,16,7,2014
targa telematics,italy,technology,37386150,14327610,113,63,2002
sian wholesale ltd,uk,transport,74719260,28939861,50,23,2003
visage technologies,sweden,technology,5677639,2233448,104,54,2002
riotloc,lithuania,games industry,1551468,596906,1,1,2016
bullionvault,uk,precious metals,16196046,6278456,34,31,2003
3a antioxidants,spain,chemicals & pharmaceuticals,7704000,2968892,23,9,2000
on metall,germany,industrial goods,2587718,997518,6,3,2016
scribbr,the netherlands,education,8862818,3417536,39,22,2012
selectra,france,energy,62951353,24320734,1000,500,2007
energetic,italy,energy,1711470,661860,13,7,2010
faveod,france,support services,2598585,1005658,9,7,2007
cye energia,spain,energy,23673728,9161867,15,5,2013
integrata oy,finland,financial services,9409000,3647000,105,33,2008
regular trade,germany,retail,11671000,4526000,25,15,2010
expleo,hungary,energy,2696785,900686,15,6,2011
confezioni velvet,italy,fashion,3355870,1302640,21,21,2015
activ bilanz,germany,property,17286985,6712146,10,12,1998
family nation,italy,ecommerce,5300370,2059190,12,5,2011
majar  matzaridis bros,greece,technology,13224865,5144442,19,13,1994
izertis,spain,technology,50740841,19753150,791,431,1996
fashion commerce,italy,ecommerce,2349000,916000,5,1,2016
bulk tainer logistics limited,uk,transport,56054130,21717432,105,41,2009
wingeco,italy,industrial goods,3407310,1332330,22,12,2016
meblobraniepl,poland,ecommerce,19295429,6909799,25,12,2021
queralto,spain,ecommerce,21900903,8575344,67,39,1898
phobos,slovakia,automobiles,3529454,1382844,12,8,1993
archita engineering,italy,support services,2739230,1074130,5,13,2013
celeritas,spain,transport,58139933,22805398,27,10,2006
peopleforecast,germany,technology,2086411,818658,45,15,2014
digitalpa,italy,management consulting,1731340,679440,12,41,2014
faktenkontor,germany,advertising,30967000,12153143,150,100,2003
clareo,france,retail,18854708,7399729,53,13,2012
laca trade,italy,property,24741510,9717860,5,5,2013

