ceo,country,market_value_jan_2020,market_value_jan_2021,market_value_jan_2022,name,employees_2022,revenue_2022,sector
bernard arnault,france,237807000000.0,313500000000.0,409480000000,lvmh,"150,000",70765000,fashion and luxury goods
ulf mark schneider,switzerland,311592000000.0,336110000000.0,372720000000,nestle ag,"276,000",92575000,consumer defensive
severin schwan,switzerland,279684000000.0,295780000000.0,356150000000,roche holding ag,"100,920",66757000,healthcare
peter wennink,netherlands,127542000000.0,205120000000.0,307330000000,asml holding,"28,000",20509000,technology
bob van dijk,netherlands,125912000000.0,176280000000.0,254550000000,prosus,"23,874",6866000,communication services
jean paul agon,france,165742000000.0,211890000000.0,249140000000,l'oreal,"85,392",35580000,consumer defensive
julie sweet,ireland,134170999999.0,173070000000.0,234500000000,accenture,"699,000",50533000,technology
lars fruergaard jorgensen,denmark,137602000000.0,163070000000.0,231350000000,novo nordisk a/s,"45,971",20838000,healthcare
vasant narasimhan,switzerland,215018000000.0,217770000000.0,201260000000,novartis ag,"104,323",52877000,healthcare
ben van beurden,netherlands,237102000000.0,136150000000.0,181560000000,royal dutch shell,"86,000",180640000,energy
pascal soriot,uk,135300000000.0,130990000000.0,178120000000,astrazeneca,"83,100",37417000,healthcare
axel dumas,france,78337000000.0,112040000000.0,172040000000,hermes international,"15,417",9898000,consumer cyclical
sanjiv lamba,uk,114005000000.0,136550000000.0,171940000000,linde ag,"74,207",30793000,basic materials
christian klein,germany,169596000000.0,155850000000.0,162540000000,sap se,"107,415",30682000,technology
pietro beccari,france,93276000000.0,99873000000.0,143380000000,christian dior,"128,339",70765000,consumer cyclical
geoffrey s martha,ireland,153912000000.0,157670000000.0,141390000000,medtronic,"90,000",31677000,healthcare
roland busch,germany,108756000000.0,114390000000.0,138710000000,siemens,"303,000",68616000,industries
patrick pouyanne,france,144694000000.0,114130000000.0,138010000000,totalenergies se,"105,476",184630000,energy
alan jope,netherlands,151747000000.0,157180000000.0,137220000000,unilever group,"149,000",57793000,consumer defensive
herbert diess,germany,111302000000.0,99864000000.0,134250000000,volkswagen,"662,575",250120000,consumer cyclical
noel quinn,uk,160680000000.0,105160000000.0,132940000000,hsbc holdings,"223,448",63644000,financial services
paul hudson,france,127049000000.0,120410000000.0,126370000000,sanofi,"95,442",43171000,healthcare
ivan menezes,uk,103621000000.0,91733000000.0,123290000000,diageo,"28,025",18200000,consumer defensive
jakob stausholm,uk,115285000000.0,93792000000.0,116980000000,rio tinto group,"49,000",63495000,basic materials
dame emma walmsley,uk,116685000000.0,91765000000.0,110320000000,glaxosmithkline,"99,000",44655000,healthcare
michel doukeris,belgium,163224000000.0,136860000000.0,109500000000,anheuser-busch inbev,"164,000",54304000,consumer defensive
alexey miller,russia,93956000000.0,69570000000.0,108150000000,gazprom,"473,800",168300000,energy
jean-pascal tricoire,france,57457000000.0,79856000000.0,107120000000,schneider electric,"166,025",31853000,power equipment
guillaume faury,netherlands,117260000000.0,85683000000.0,105090000000,airbus,"125,888",57468000,industries
oliver bate,germany,105918000000.0,100760000000.0,103280000000,allianz se,"150,269",114040000,financial services
belen garijo,germany,52675000000.0,74308000000.0,102500000000,merck kgaa on,"58,408",21695000,healthcare
francois-henri pinault,france,84010000000.0,90434000000.0,101130000000,kering,"38,553",19445000,consumer cyclical
pablo isla,spain,110958000000.0,99765000000.0,98655000000,inditex industria de diseno textil,"144,116",27708000,consumer cyclical
bernard looney,uk,128560000000.0,70503000000.0,97619000000,bp plc,"60,000",157740000,energy
timotheus hottges,germany,78317000000.0,87242000000.0,92028000000,deutsche telekom ag,"226,291",119890000,communication services
jean-laurent bonnafe,france,74764000000.0,65494000000.0,90457000000,bnp paribas,"190,000",0,financial services
anders opedal,norway,67450000000.0,54549000000.0,89918000000,equinor asa,"21,245",88744000,energy
jack bowles,uk,100584000000.0,84670000000.0,89470000000,british american tobacco,"55,000",33620000,consumer defensive
ola kallenius,germany,61298000000.0,75286000000.0,89412000000,mercedec benz group ag,"288,481",203830000,consumer cyclical
francesco milleri,france,66781000000.0,67824000000.0,89047000000,essilor luxottica,"151,017",21842000,healthcare
evan g greenberg,switzerland,70056000000.0,69474000000.0,86661000000,chubb,"31,000",40963000,financial services
nick hayek jr,switzerland,14536000000.0,14068000000.0,85629000000,swatch group ag,"32,424",7774000,consumer cyclical
jerome lambert,switzerland,45102000000.0,51795000000.0,84500000000,compagnie financiere richemont sa,"34,760",19915000,consumer cyclical
francois jackow,france,70861000000.0,77178000000.0,84264000000,air liquide,"67,000",25714000,basic materials
herman gref,russia,90327000000.0,78877000000.0,83756000000,sberbank of russia,"285,555",0,financial services
bernd montag,germany,47672000000.0,55393000000.0,81178000000,siemens healthineers ag,"52,000",19833000,healthcare
francesco starace,italy,82055000000.0,102430000000.0,79770000000,enel,"66,438",94862000,utilities
frank appel,germany,47723000000.0,61106000000.0,78472000000,deutsche post ag,"571,974",90085000,industries
mats rahmstrom,sweden,49329000000.0,59441000000.0,78380000000,atlas copco ab,"40,000",11646000,industries
johan forssell,sweden,43995000000.0,55421000000.0,77328000000,investor ab publ,"20,054",5459000,financial services
bjorn rosengren,switzerland,53280000000.0,58228000000.0,76037000000,abb,"105,000",28945000,industries
igor sechin,russia,77998000000.0,56470000000.0,75445000000,rosneft oil company,"315,000",78849000,energy
pieter van der,netherlands,24983000000.0,70244000000.0,75414000000,adyen,"1,750",6606000,technology
thomas buberl,france,68456999999.0,56640000000.0,74588000000,axa,"96,595",111660000,financial services
jose ignacio sanchez galan,spain,63052000000.0,86565000000.0,72100000000,iberdrola,"45,000",43104000,utilities
bernard charles,france,42904000000.0,53310000000.0,71224000000,dassault systemes,"19,789",5356000,technology
gary nagle,switzerland,42021000000.0,42453000000.0,70870000000,glencore,"134,878",203750000,basic materials
,germany,54028000000.0,56772000000.0,70505000000,bayerische motoren werke bmw,"120,726",111210000,consumer cyclical
leonid viktorovich mikhelson,russia,61322000000.0,51530000000.0,69387000000,novatek,"16,821",10411000,energy
,germany,70793000000.0,72387000000.0,68991000000,basf se,"110,302",86615000,basic materials
soren skou,denmark,28030000000.0,41974000000.0,68834000000,ap moller - maersk a/s,"80,000",61787000,industries
mario greco,switzerland,62111000000.0,61899000000.0,67906000000,zurich insurance group ag,"52,930",65801000,financial services
craig arnold,ireland,39310000000.0,47888000000.0,66905000000,eaton corporation,"85,947",19628000,industries
ralph hamers,switzerland,46416000000.0,51211000000.0,66672000000,ubs group ag,"71,551",0,financial services
carlos tavares,netherlands,,47530000000.0,64800000000,stellantis nv,"189,512",164660000,automobile
benedetto vigna,italy,42029000000.0,57566000000.0,62961000000,ferrari,"4,556",4706000,consumer cyclical
laxman narasimhan,uk,57941000000.0,63484000000.0,62297000000,reckitt benckiser group,"43,000",17323000,consumer defensive
jose antonio alvarez,spain,71788000000.0,54044000000.0,61025000000,banco santander,"191,189",0,financial services
martin lundstedt,sweden,35336000000.0,48101000000.0,60845000000,ab volvo,"95,850",39083000,industries
xavier huillard,france,64245000000.0,55686000000.0,60651000000,vinci,"217,731",55080000,industries
alexanricard,france,47441000000.0,49849000000.0,60061000000,pernod ricard,"18,500",8821000,consumer defensive
duncan wanblad,uk,39779000000.0,45192000000.0,59386000000,anglo american,"90,000",41554000,basic materials
reinhard ploss,germany,29405000000.0,49718000000.0,59352000000,infineon technologies ag,"50,288",12188000,technology
vagit alekperov,russia,66226000000.0,45541000000.0,59246000000,pjsc lukoil,"101,000",110010000,energy
kurt sievers,netherlands,35769000000.0,44483000000.0,58859000000,nxp semiconductors,"31,000",11063000,technology
erik engstrom,uk,48354000000.0,47199000000.0,58743000000,relx,"33,500",9482000,communication services
pierre-alain ruffieux,switzerland,27306000000.0,47276000000.0,57618000000,lonza group,"16,218",5750000,healthcare
steven van rijswijk,netherlands,47989000000.0,36659000000.0,56183000000,ing group,"57,000",0,financial services
rolf habben jansen,germany,15139000000.0,19669000000.0,55995000000,hapag-lloyd,"14,100",24545000,industries
michael strugl,austria,17611000000.0,29551000000.0,55641000000,verbund ag,"2,980",4776000,utilities
paul schuler,switzerland,26539000000.0,38362000000.0,55610000000,sika ag,"24,848",9835000,basic materials
,russia,,,55251000000,open joint stock company omz,,387000000,industries
kasper rorsted,germany,64440000000.0,70751000000.0,54843000000,adidas,"62,285",23400000,consumer cyclical
werner baumann,germany,78085000000.0,57610000000.0,54460000000,bayer,"99,538",48577000,healthcare
olivier andries,france,65788000000.0,60282000000.0,54377000000,safran,"76,800",16677000,industries
carlo messina,italy,46651000000.0,45193000000.0,53948000000,intesa sanpaolo,"105,615",22427000,financial services
david schwimmer,uk,35743000000.0,43305000000.0,53536000000,london stock exchange group,"24,158",8823000,financial services
jens bjorn andersen,denmark,26448000000.0,37874000000.0,52508000000,dsv panalpina,"56,000",26981000,industries
john pettigrew,uk,43268000000.0,41826000000.0,52115000000,national grid transco,"23,683",21730000,utilities
terrence curtin,switzerland,32389000000.0,40043000000.0,51743000000,te connectivity,"89,000",14293000,technology
claudio descalzi,italy,56976000000.0,37260000000.0,51734000000,eni spa,"31,495",84380000,energy
,germany,8122999999.0,19629000000.0,51375000000,biontech se,"1,941",18970000,healthcare
charlie nunn,uk,58757000000.0,35299000000.0,51001000000,lloyds banking group,"61,576",0,financial services
lance uggla,uk,30142000000.0,37882000000.0,50254000000,ihs markit,"16,000",1860000,industries
frank vang-jensen,finland,34476000000.0,32835000000.0,49607000000,nordea bank abp,"28,051",0,financial services
charles f lowrey,uk,50487000000.0,47903000000.0,49339000000,prudential,"18,687",26500000,financial services
christian sinding,sweden,11604000000.0,24261000000.0,48284000000,eqt ab publ,"1,160",150000000,financial services
,uk,,5823000000.0,6537000000,f&c investment trust,,1275000,investments
c s venkatakrishnan,uk,42108000000.0,34698000000.0,47535000000,barclays plc,"83,000",0,financial services
simon a borrows,uk,13982000000.0,27376000000.0,47296000000,3i group,282,4882000,financial services
vladimir potanin,russia,49697000000.0,51115000000.0,47226000000,mmc norilsk nickel,"75,901",17852000,basic materials
mads nipper,denmark,43383000000.0,85753000000.0,46812000000,orsted a/s,"6,429",11496000,utilities
philippe brassac,france,42590000000.0,36631000000.0,46250000000,credit agricole,"73,037",0,financial services
gilles andrier,switzerland,29034000000.0,38532000000.0,46065000000,givaudan sa,"16,842",7105000,basic materials
kevin p clark,ireland,24587000000.0,35182000000.0,45844000000,aptiv,"151,000",15618000,consumer cyclical
jean-marc chery,switzerland,24827000000.0,33637000000.0,45434000000,stmicroelectronics,"48,254",13249000,technology
,ireland,,34427000000.0,44959000000,trane technologies plc,"37,000",14136000,industry machinery
joachim wenning,germany,42927000000.0,41423000000.0,43178000000,munchener ruckversicherungs-gesellschaft,"39,642",76540000,financial services
nick read,uk,51930000000.0,44228000000.0,43005000000,vodafone group,"105,000",53685000,communication services
daniel ek,sweden,26472000000.0,59655000000.0,42828000000,spotify technology,"6,617",10654000,communication services
brian cassin,ireland,30293000000.0,34833000000.0,42818000000,experian,"17,800",6288000,industries
rolf eberhard buch,germany,29359000000.0,41167000000.0,41881000000,vonovia se,"10,622",3622000,real estate
onur genc,spain,38366000000.0,33030000000.0,41592000000,banco bilbao vizcaya argentaria,"110,432",0,financial services
dominic blakemore,uk,40778000000.0,33247999999.0,41111000000,compass group,"478,070",23442000,consumer cyclical
albert manifold,ireland,32174999999.0,32392000000.0,41041000000,crh plc,"79,200",30981000,basic materials
veronique penchienati bosetta,switzerland,53720000000.0,42539000000.0,40795000000,da,"101,911",26758000,consumer defensive
ola rollen,sweden,21601000000.0,33334000000.0,40645000000,hexagon ab publ,"20,532",4784000,technology
david layton,switzerland,24318000000.0,31213000000.0,40541000000,partners group holding ag,"1,519",2688000,financial services
david j endicott,switzerland,27556000000.0,32945999999.0,39766000000,alcon,"23,655",8291000,healthcare
peter vanacker,finland,27033000000.0,55316000000.0,39108000000,neste oyj,"4,825",16693000,energy
aiman ezzat,france,20904000000.0,25017000000.0,38876000000,capgemini se,"289,501",20012000,technology
joachim kreuzburg,germany,15435000000.0,28673000000.0,38531000000,sartorius stedim biotech,"9,016",3180000,healthcare
benoit bazin,france,22564000000.0,24203000000.0,38477000000,compagnie de saint-gobain,"167,552",48664000,ceramic products
kevin murphy,uk,20269000000.0,27339000000.0,38468000000,ferguson,"34,352",22792000,industries
detlef trefzger,switzerland,20313000000.0,27533000000.0,38466000000,kuehne nagel international ag,"78,249",34867000,industries
johan thijs,belgium,31905000000.0,29064000000.0,38016000000,kbc group nv,"33,916",0,financial services
alison rose,uk,39388000000.0,27807000000.0,37790000000,natwest group,"59,900",0,banking services
borje ekholm,sweden,30747000000.0,39838000000.0,37525000000,ericsson,"101,322",24393000,technology
dimitri de vreeze,netherlands,23047000000.0,29568000000.0,37187000000,dsm,"23,127",9201000,basic materials
jean-bernard levy,france,34932000000.0,48662000000.0,37063000000,edf electricite de france,"20,477",93076000,utilities
henrik ehrnrooth,finland,33917000000.0,41954000000.0,36770000000,kone oyj,"61,380",11586000,industries
brendan horgan,uk,14376000000.0,21123000000.0,36701000000,ashtead group,"19,386",7962000,industries
kjerstin braathen,norway,29967000000.0,30189000000.0,36683000000,dnb asa,"9,200",0,financial services
catherine macgregor,france,39782000000.0,36848000000.0,36436000000,engie,"171,000",63768000,utilities
carsten knobel,germany,42232000000.0,44557000000.0,35831000000,henkel ag,"52,600",22113000,consumer defensive
andrea orcel,italy,33729000000.0,20837000000.0,35779000000,unicredit,"90,836",18591000,financial services
pekka lundmark,finland,22288000000.0,21769000000.0,35653000000,nokia corporation,"87,927",24467000,technology
stefan widing,sweden,25713000000.0,30542000000.0,35192000000,sandvik ab,"37,125",10406000,industries
frans muller,netherlands,27665000000.0,29466000000.0,35061000000,ahold delhaize,"232,000",83312000,consumer defensive
leonhard birnbaum,germany,24333000000.0,28779000000.0,34939000000,eon se,"78,126",77335000,utilities
kristian villumsen,denmark,26318000000.0,32457000000.0,34558000000,coloplast a/s,"12,568",2875000,healthcare
tobias martinez gimeno,spain,14069000000.0,29097000000.0,34194000000,cellnex telecom,"2,877",2437000,communication services
nico delvaux,sweden,28633000000.0,27207000000.0,33270000000,assa abloy ab publ,"48,000",9976000,industries
frans van houten,netherlands,44275000000.0,48973000000.0,33229999999,philips,"81,592",17151000,healthcare
philippe donnet,italy,32607000000.0,27258000000.0,33226000000,assicurazioni generali,"72,644",92763000,financial services
bhavesh v patel,netherlands,31312000000.0,30607000000.0,32482999999,lyondellbasell industries,"19,200",46173000,basic materials
,germany,,,2888000000,software aktiengesellschaft,,833000000,technology
jan jenisch,switzerland,21645000000.0,33813000000.0,32100000000,holcim ltd,"67,409",28525000,basic materials
helena helmersson,sweden,35101000000.0,38477000000.0,32080000000,h & m hennes & mauritz ab,"153,000",20892000,consumer cyclical
luis maroto,spain,35212000000.0,32656000000.0,31937000000,amadeus it group,"19,000",2942000,technology
lakshmi mittal,luxembourg,18120000000.0,24556000000.0,31726000000,arcelormittal,"167,743",76571000,basic materials
guillaume daniellot,switzerland,15499000000.0,18350000000.0,31426000000,straumann holding ag,"7,340",2148000,healthcare
hans dieter potsch,germany,23572000000.0,21034000000.0,31386000000,porsche automobil holding se,916,0,consumer cyclical
,france,29859000000.0,17460000000.0,31344000000,societe generale,"152,050",0,financial services
francisco miguel reynes massanet,spain,24667000000.0,22387000000.0,31139000000,naturgy energy group,"10,540",24398000,utilities
florent menegaux,france,21983000000.0,22792000000.0,31126000000,michelin,"117,500",26222000,consumer cyclical
benoit coquart,france,21989000000.0,23764000000.0,31083000000,legrand sa,"36,726",7707000,industries
dieter weisskopf,switzerland,21060000000.0,23241000000.0,31017000000,chocoladefabriken lindt & sprungli ag,"13,500",4874000,consumer defensive
johan torgeby,sweden,21828000000.0,22339000000.0,30552000000,skandinaviska enskilda banken ab publ,"15,500",0,financial services
theodor weimer,germany,29108000000.0,31104000000.0,30349000000,deutsche borse,"7,238",4899000,financial services
ken murphy,uk,32996000000.0,30989000000.0,30115000000,tesco,"367,321",72299000,consumer defensive
gerteric lindquist,sweden,10359000000.0,16710000000.0,29791000000,nibe industrier ab publ,"18,700",3237000,industries
christian mumenthaler,switzerland,32403000000.0,26019000000.0,29683000000,swiss re,"13,189",46001000,financial services
christian sewing,germany,16857000000.0,22724000000.0,29519000000,deutsche bank,"84,512",25306000,financial services
helena hedblom,sweden,15363000000.0,21320000000.0,29023000000,epiroc ab publ,"13,840",4163000,industries
urs schaeppi,switzerland,27457000000.0,27664000000.0,28912000000,swisscom ag,"19,062",11888000,communication services
carl hess,uk,25967000000.0,27148000000.0,28854000000,willis towers watson public company,"46,600",8998000,financial services
christian buhl,switzerland,20337000000.0,22682000000.0,28741000000,geberit ag,"11,908",3678000,industries
nancy mckinstry,netherlands,19591000000.0,22070000000.0,28489000000,wolters kluwer,"19,169",5258000,communication services
stephane richard,france,39294000000.0,31509000000.0,28197000000,orange sa,"142,150",46859000,communication services
henrik andersen,denmark,19452000000.0,46277000000.0,28082000000,vestas wind systea/s,"29,378",17177000,industries
thomas oetterli,switzerland,26586000000.0,29319000000.0,28054000000,schindler holding ag,"66,674",11944000,industries
martin carlesund,sweden,5793000000.0,21440000000.0,27955000000,evolution gaming group ab publ,"5,054",1177000,consumer cyclical
torbjorn magnusson,finland,24582000000.0,23379000000.0,27885000000,sampo oyj,"9,813",14823000,financial services
edmond scanlon,ireland,22023000000.0,28633000000.0,27278000000,kerry group,"26,000",8100000,consumer defensive
stephan sturm,germany,37793000000.0,30278000000.0,27032000000,fresenius se,"311,269",41347000,healthcare
peter jackson,ireland,20132000000.0,36058000000.0,26926000000,flutter entertainment,"14,802",7901000,consumer cyclical
dolf van den brink,netherlands,27795000000.0,26960000000.0,26890000000,heineken holding,"84,000",24179000,consumer defensive
markus krebber,germany,18740000000.0,28467000000.0,26492000000,rwe,"19,498",24519000,utilities
damian paul gammell,uk,23649000000.0,22085000000.0,26436000000,coca-cola europacific partners plc,"33,200",15167000,consumer defensive
michael o'leary,ireland,18407000000.0,25366000000.0,26286000000,ryanair holdings,"15,016",4799000,industries
markus rauramo,finland,22066000000.0,21309000000.0,26201000000,fortum oyj,"19,933",123860000,utilities
daniel julien,france,14376000000.0,20518000000.0,26036000000,teleperformance se,"383,233",7841000,industries
magdalena martullo-blocher,switzerland,15334000000.0,22332000000.0,25924000000,ems-chemie holding ag,"2,653",2339000,basic materials
antoine frerot,france,15152000000.0,13786000000.0,25903000000,veolia environnement,"171,450",28500000,industries
jose maria alvarez-pallete lopez,spain,37098000000.0,20749000000.0,25322000000,telefonica sa,"114,042",43283000,communication services
,ireland,14142000000.0,14254000000.0,25068000000,kingspan group,"15,500",7160000,industries
nigel wilson,uk,24020000000.0,21720000000.0,24974000000,legal & general group,"13,876",58239000,financial services
maurici lucena betriu,spain,28411000000.0,25974000000.0,24610000000,aena sme,"8,771",2554000,industries
cees 't hart,denmark,21859000000.0,23423000000.0,24428000000,carlsberg a/s,"40,010",9862000,consumer defensive
thomas gottstein,switzerland,33894000000.0,31600000000.0,24376000000,credit suisse group,"48,770",0,financial services
niklas oestberg,germany,14969000000.0,30812000000.0,24268000000,delivery hero se,"22,000",5853000,online food delivery
frankie ng,switzerland,20839000000.0,23990000000.0,24206000000,sgs sa,"94,000",6809000,industries
vicente reynal,ireland,14759000000.0,19028000000.0,24170000000,ingersoll-rand ireland,"15,900",5150000,industries
johan hjertonsson,sweden,10218000000.0,15444000000.0,24169000000,investment ab latour publ,,1950000,financial services
gonzalo gortazar rotaeche,spain,19263000000.0,15292000000.0,24065000000,caixabank,"36,597",0,financial services
,uk,24674000000.0,21512000000.0,24023000000,bae systems,"90,500",25553000,industries
philip jansen,uk,26305000000.0,17934000000.0,23734000000,bt group,"99,700",24558000,communication services
jan g j van de winkel,denmark,14474000000.0,26503000000.0,23695000000,genmab a/s,781,1255000,healthcare
,germany,23664000000.0,18937000000.0,23677000000,hannover ruck se,"3,073",28844000,financial services
alistair phillips-davies,uk,19795000000.0,21373000000.0,23668000000,sse plc,"12,489",10139000,utilities
,uk,10630000000.0,24444000000.0,23531000000,scottish mortgage investment trust,,"-2,986 million usd",financial services
dan carestio,ireland,12904000000.0,16172000000.0,23486000000,steris,"13,000",4584000,healthcare
jose d bogas galvez,spain,28364000000.0,28813000000.0,23401000000,endesa,"9,591",23031000,utilities
frank mastiaux,germany,15774000000.0,18471000000.0,23389000000,enbw energie baden-wurttemberg ag,"23,293",32137999,utilities
vincent warnery,germany,27097000000.0,26085000000.0,23055000000,beiersdorf,"20,465",8405000,consumer defensive
arnd kaldowski,switzerland,14554000000.0,16591000000.0,23019000000,sonova holding ag,"14,508",3492000,healthcare
jens henriksson,sweden,17388000000.0,19524000000.0,22817000000,swedbank ab publ,"17,373",0,financial services
magnus groth,sweden,23832000000.0,22900000000.0,22550000000,essity ab publ,"46,000",12796000,consumer defensive
steve cutler,ireland,9088000000.0,10290000000.0,22366000000,icon public company,"37,960",5480000,healthcare
timothy p walbert,ireland,6720000000.0,16145000000.0,22265000000,horizon therapeutics public company,"1,395",3226000,healthcare
amanda blanc,uk,21918000000.0,17469000000.0,22112000000,aviva,"31,700",43116000,financial services
carina akerstrom,sweden,22579000000.0,20173000000.0,22068000000,svenska handelsbanken ab publ,"22,000",0,financial services
george g weston,uk,26625000000.0,24510000000.0,22066000000,associated british foods,"128,000",18174000,consumer defensive
,germany,26749000000.0,29982000000.0,21978000000,continental ag,"236,386",33755000,consumer cyclical
pavel sergeevich grachev,russia,22766000000.0,27861000000.0,21976000000,pjsc polyus,"20,000",3287000,basic materials
sigve brekke,norway,25459000000.0,23666000000.0,21969000000,telenor asa,"18,000",12347000,communication services
,uk,12967000000.0,15440000000.0,21946000000,segro,355,715000000,real estate
ignacio madridejos fernandez,spain,22219000000.0,20174000000.0,21934000000,ferrovial,"18,515",7469000,industries
ester baiget,denmark,13801000000.0,15999000000.0,21906000000,novozymes a/s,"6,527",2213000,healthcare
scott w wine,uk,15322000000.0,17351000000.0,21872000000,cnh industrial,"64,016",19474000,industries
gilles g martin,luxembourg,10135000000.0,15941000000.0,21550000000,eurofins scientific se,"55,000",7402000,healthcare
,spain,10161000000.0,24462000000.0,21292000000,edp renovaveis,"1,566",1936000,utilities
stefan bomhard,uk,23870000000.0,19871000000.0,21145000000,imperial brands,"30,300",42923000,consumer defensive
jussi pesonen,finland,18589000000.0,,20972000000,upm-kymmene oyj,"17,512",10815000,basic materials
paolo bertoluzzo,italy,9200000000.0,12492000000.0,20896000000,nexi,"1,996",3084000,technology
thierry vanlancker,netherlands,22070000000.0,20392000000.0,20741000000,akzo nobel,"32,200",10565000,basic materials
jean-christophe tellier,belgium,15043000000.0,19456000000.0,20612000000,ucb sa,"8,006",6366000,healthcare
oliver hughes,russia,4853000000.0,4619000000.0,20605000000,tcs group holding,"528,748",0,financial services
joao manuel brito martins,portugal,15771000000.0,24766000000.0,20438000000,edp - energias de portugal,"12,236",16511000,utilities
bill winters,uk,30742000000.0,20108000000.0,20378000000,standard chartered,"84,740",0,financial services
john elkann,netherlands,18068000000.0,18676000000.0,20374000000,exor,"268,979",33607000,financial services
alfred stern,austria,18424000000.0,13137000000.0,20210000000,omv group,"25,391",39182000,energy
daniel benes,czech republic,12049000000.0,12806000000.0,20163000000,cez a s,"27,200",9595000,utilities
bernhard spalt,austria,15609000000.0,12317000000.0,19926000000,erste group bank ag,"44,596",7597000,financial services
patrick frost,switzerland,15924000000.0,14950000000.0,19922000000,swiss life holding ag,"9,823",22872000,financial services
heinz-juergen bertram,germany,13640000000.0,17876000000.0,19804000000,symrise ag,"10,531",4215000,basic materials
benjamin loh,netherlands,5604000000.0,10620000000.0,19787000000,asm international nv,"2,583",1905000,technology
arkady volozh,russia,14488000000.0,24519000000.0,19592000000,yandex,"11,864",3206000,communication services
marco alvera,italy,17350000000.0,18317000000.0,19225000000,snam,"3,388",3284000,utilities
david schneider,germany,12794000000.0,27576000000.0,19103000000,zalando se,"14,194",11410000,consumer cyclical
rice powell,germany,22203000000.0,24319000000.0,18809000000,fresenius medical care ag & co kgaa,"125,364",19416000,healthcare
remo ruffini,italy,11469000000.0,15434000000.0,18758000000,moncler,"4,561",2255000,consumer cyclical
patrice caine,france,22328000000.0,19414000000.0,18756000000,thales,"80,702",17844000,industries
fabien simon,netherlands,,,18578000000,jde peet's nv,"19,000",7715000,consumer defensive
steve foots,uk,8745000000.0,12542000000.0,18577000000,croda international,"4,000",2473000,basic materials
christian bruch,germany,,26230000000.0,18494000000,siemens energy,"91,000",31387000,engineering products
vladimir bogdanov,russia,34556000000.0,17600000000.0,18439000000,surgutneftegas,"116,000",17669000,energy
mark read,uk,17603000000.0,13405000000.0,18269000000,wpp plc,"100,000",16757000,communication services
vivek badrinath,germany,,,18162000000,vantage towers ag,327,1022999,industries
josu jon imaz,spain,23062000000.0,15345000000.0,18162000000,repsol,"23,739",54819000,energy
ivan arriagada,uk,11854000000.0,19419000000.0,18128000000,antofagasta,"23,248",7470000,basic materials
aleksanshevelev,russia,12842000000.0,14926000000.0,17528000000,pao severstal,"52,200",6870000,basic materials
bjorn gulden,germany,11312000000.0,16982000000.0,17486000000,puma se,"14,374",7499000,consumer cyclical
markus weber,germany,11391000000.0,11861000000.0,17301000000,carl zeiss meditec ag,"3,000",1814000,healthcare
arthur sadoun,france,10824000000.0,12182000000.0,17224000000,publicis groupe,"79,051",12935000,communication services
david knibbe,netherlands,12993000000.0,14075000000.0,17104000000,nn group,"15,417",25930000,financial services
matteo del fante,italy,14853000000.0,13180000000.0,17079000000,poste italiane spa,"118,523",31629000,industries
stephane dedeyan,france,13796000000.0,11012000000.0,17021000000,cnp assurances sa,"5,353",48298000,financial services
grigory vitalevich fedorishin,russia,14074000000.0,17079000000.0,16921000000,novolipetsk steel,"52,800",16196000,basic materials
klaus-dieter maubach,germany,12178000000.0,12576000000.0,16886000000,uniper se,"11,644",180700000,utilities
rolv erik ryssdal,norway,8271000000.0,11346000000.0,16683000000,adevinta asa,"4,700",1139000,communication services
ian gallienne,belgium,16524000000.0,15336000000.0,16677000000,groupe bruxelles lambert sa,"59,000",8495000,financial services
aengus kelly,ireland,8202999999.0,5914000000.0,16582999999,aercap holdings,376,4587000,industries
valerie baudson,france,15945000000.0,16379999999.0,16574000000,amundi,"4,700",3531000,financial services
jack truong,ireland,13897000000.0,16976000000.0,16504999999,james hardie industries,"4,861",3613000,basic materials
tom erixon,sweden,11115000000.0,11482000000.0,16501000000,alfa laval ab publ,"17,883",4296000,industries
hilde merete aasheim,norway,7527000000.0,9466000000.0,16447000000,norsk hyasa,"34,240",15410000,basic materials
morten hubbe,denmark,8899000000.0,9516000000.0,16442000000,tryg a/s,"4,000",3691000,financial services
gilles grapinet,france,13156000000.0,26854000000.0,16384000000,worldline,"20,000",3688000,technology
tim hauwermeiren,netherlands,6933000000.0,14022000000.0,16128000000,argenx se,336,497000000,healthcare
jan michael mrosik,germany,16828000000.0,21805000000.0,16125000000,knorr-bremse,"29,000",6703000,consumer cyclical
,france,13429000000.0,13946000000.0,16110000000,carrefour sa,"322,164",81863000,consumer defensive
,france,13104000000.0,12070000000.0,16011000000,bollore,"79,207",19765000,communication services
harold boel,belgium,7317000000.0,11377000000.0,16000000000,sofina societe anonyme,,2650000,financial services
tim steiner,uk,11894000000.0,23415000000.0,15933000000,ocado group,"17,121",3270000,consumer defensive
allison kirkby,sweden,18383000000.0,16799000000.0,15857000000,telia company ab publ,"20,700",9276000,communication services
roland diggelmann,uk,21055000000.0,18518000000.0,15688000000,smith & nephew,"17,500",5212000,healthcare
jerre stead,uk,5218000000.0,18003000000.0,15685000000,clarivate plc,"8,300",1876000,technology
stefano antonio donnarumma,italy,13404000000.0,15286000000.0,15647000000,terna spa,"4,735",2462000,utilities
carlo bertazzo,italy,19043000000.0,14658000000.0,15611000000,atlantia,"30,745",7043000,industries
andrew williams,uk,10914000000.0,12671000000.0,15584000000,halma,"7,120",1796000,industries
andreas nauen,spain,11972000000.0,27381000000.0,15524000000,siemens gamesa renewable energy,"24,500",11237000,industries
robert kunze-concewitz,italy,10541000000.0,12785000000.0,15491000000,davide campari-milano,"4,000",2394000,consumer defensive
christian kullmann,germany,14321000000.0,15140000000.0,15424000000,evonik industries ag,"33,004",16480000,basic materials
carsten rasch egeriis,denmark,14286000000.0,14088000000.0,15411000000,danske bank a/s,"21,754",0,financial services
,russia,20544000000.0,13970000000.0,15311000000,transneft,"115,900",15816000,energy
alexanmerieux,france,10573000000.0,16797999999.0,15281000000,biomerieux,"12,000",3720000,healthcare
michael zahn,germany,14834000000.0,18289000000.0,15251000000,deutsche wohnen se,"1,339",2271000,real estate
nicholas j anderson,uk,10528000000.0,11789000000.0,15248000000,spirax-sarco engineering,85,1759000,industries
miuccia prada,italy,12543000000.0,16898000000.0,15139000000,prada,"13,331",3708000,consumer cyclical
annica bresky,finland,12362000000.0,15005000000.0,15063000000,stora enso oyj,"22,094",11201000,basic materials
robert swaak,netherlands,17404000000.0,9181000000.0,15059000000,abn abank,"17,813",0,financial services
mike fries,uk,14020000000.0,13905000000.0,15016000000,liberty global,"11,200",10311000,communication services
peter cowgill,uk,10574000000.0,11445000000.0,15001000000,jd sports fashion,"61,053",10086000,consumer cyclical
evgenii nikitin,russia,7366000000.0,7333000000.0,14968000000,united company rusal,,11994000,basic materials
sasndor csanyi,hungary,14823000000.0,12280000000.0,14752000000,otp bank nyrt,"38,626",0,financial services
philipp rickenbacher,switzerland,11248000000.0,12707000000.0,14734000000,julius bar gruppe ag,"6,606",0,financial services
,russia,29337000000.0,29590000000.0,14690000000,pjsc tatneft,"60,000",11843000,energy
pemanuel de castro soares dos santos,portugal,10498000000.0,10576000000.0,14681000000,jeronimo martins sgps,"123,458",23020000,consumer defensive
anthony smurfit,ireland,9381000000.0,12111000000.0,14596000000,smurfit kappa group,"46,000",11138000,consumer cyclical
iwona duda,poland,10978000000.0,10020000000.0,14476000000,pko bank polski en,"23,693",,financial services
warren east,uk,17247000000.0,12729000000.0,14458000000,rolls-royce holdings,"50,000",14684000,industries
didier michaud-daniel,france,11824000000.0,11905000000.0,14433000000,bureau veritas sa,"78,395",5489000,industries
bertrand camus,france,9469000000.0,12408000000.0,14416000000,suez sa,"86,195",20307000,utilities
,monaco,13656000000.0,12158000000.0,14241000000,hal trust,"51,397",7311000,financial services
arnaud de puyfontaine,france,34413000000.0,35068000000.0,14134000000,vivendi,"42,800",10548000,communication services
rob smith,germany,8500999999.0,11358000000.0,14105000000,kion group ag,"39,602",11344000,industries
simon wolfson,uk,12111000000.0,12883000000.0,14071000000,next plc,"25,491",5447000,consumer cyclical
dominik von achten,germany,14598000000.0,15242000000.0,14035000000,heidelberg cement ag,"51,209",18713000,basic materials
christian kohlpaintner,germany,8471000000.0,11917000000.0,13934000000,brenntag ag,"17,237",15849000,basic materials
martin bouygues,france,16359000000.0,15598000000.0,13909000000,bouygues sa,"129,000",41423000,industries
henri poupart-lafarge,france,10843000000.0,16911999999.0,13861000000,alstom sa,"75,000",15466000,industries
bracken p darrell,switzerland,7946000000.0,16635000000.0,13772000000,logitech international,"9,000",5691000,technology
michael allison,switzerland,5051000000.0,7411000000.0,13761000000,vat group ag,,958000000,industries
andy ransom,uk,10983000000.0,12922000000.0,13741000000,rentokil initial,"44,500",3869000,industries
helena stjernholm,sweden,10820000000.0,14257000000.0,13700000000,ab industrivarden publ,15,2820000,financial services
augustin de romanet,france,19584000000.0,12784000000.0,13570000000,aeroports de paris sa,"22,448",3060000,industries
fredrik lundberg,sweden,11419000000.0,13217000000.0,13450000000,l e lundbergforetagen ab publ,"3,287",2607000,financial services
denis machuel,france,17256000000.0,12310000000.0,13308000000,sodexo,"412,088",19206000,industries
paolo rocca,luxembourg,13626000000.0,9618000000.0,13234000000,tenaris,"19,399",6521000,energy
jette nygaard-andersen,uk,,9490000000.0,13233000000,entain plc,,5013000,casinos
axel wachtmeister,sweden,6199000000.0,8670000000.0,13168000000,lifco ab publ,"6,265",1835000,industries
,uk,,,13132000000,wise plc,"2,243",658000000,digital payment solution services
,norway,11273000000.0,10855000000.0,13126000000,yara international asa,"16,818",16617000,basic materials
,switzerland,12062000000.0,13187000000.0,13023000000,barry callebaut ag,"12,783",7661000,consumer defensive
,netherlands,12764000000.0,12728000000.0,13014000000,kpn,"10,102",5792000,communication services
,switzerland,12237000000.0,11842000000.0,12999000000,coca-cola hbc ag,"26,000",7899000,consumer defensive
,germany,13721000000.0,13693000000.0,12896000000,traton se,"82,600",30611000,industries
,sweden,7612000000.0,12209000000.0,12777000000,svenska cellulosa aktiebolaget sca publ,"4,253",1976000,basic materials
,netherlands,11262000000.0,12085000000.0,12763000000,randstad,"34,680",27148000,industries
,sweden,8904000000.0,12323000000.0,12748000000,swedish match ab publ,"6,735",1941000,consumer defensive
,sweden,8767000000.0,9338000000.0,12743000000,fastighets ab balder publ,784,940000000,real estate
,italy,8649000000.0,11362000000.0,12714000000,recordati industria chimica e farmaceutica,"4,362",1580000,healthcare
,uk,9391000000.0,11258000000.0,12678000000,bunzl,"19,853",13463000,consumer defensive
,germany,8780000000.0,11905000000.0,12615000000,covestro ag,"17,883",17525000,basic materials
,uk,14230000000.0,12079000000.0,12609000000,schroders,"5,500",3873000,financial services
,finland,6854000000.0,10220000000.0,12580000000,kesko oyj,"17,650",12453000,consumer defensive
,uk,12537000000.0,11675000000.0,12579000000,intercontinental hotels group,"350,000",2907000,consumer cyclical
,uk,9809000000.0,12584000000.0,12576000000,aveva group,"6,250",1396000,technology
,uk,8891000000.0,11790000000.0,12546000000,admiral group,"11,445",2029000,financial services
,uk,11288000000.0,11417000000.0,12465000000,mondi,"26,000",8511000,basic materials
,belgium,12149000000.0,12322000000.0,12455000000,solvay sa,,12601000,basic materials
,belgium,11853000000.0,12199000000.0,12455000000,umicore sa,,26508000,industries
,germany,12576000000.0,9777000000.0,12435000000,talanx ag,"23,527",43116000,financial services
,uk,12384000000.0,12464000000.0,12318000000,intertek group,"43,800",3647000,industries
,germany,8007000000.0,8494999999.0,12312000000,nemetschek se,"3,300",681000000,technology
,uk,8254000000.0,8327999999.0,12264000000,st james's place,"2,014",23498000,financial services
,norway,13404000000.0,11447000000.0,12256000000,mowi asa,"11,684",4631000,consumer defensive
,uk,7310000000.0,9396000000.0,12136000000,evraz,"69,619",13486000,basic materials
,uk,11430000000.0,12068000000.0,12121000000,persimmon,"5,000",4725000,consumer cyclical
,france,12624000000.0,13896000000.0,12103000000,edenred sa,"10,000",1793000,financial services
,norway,10427000000.0,11092000000.0,12078000000,gjensidige forsikring asa,"3,700",3661000,financial services
,denmark,7678000000.0,9507000000.0,12074000000,demant a/s,"15,000",2726000,healthcare
,sweden,9720000000.0,9997000000.0,11908000000,ica gruppen ab publ,"24,043",15154000,consumer defensive
,denmark,4154000000.0,11142000000.0,11812000000,pandora a/s,"22,236",3462000,consumer cyclical
,germany,3573000000.0,13444000000.0,11707000000,hellofresh se,"4,477",6604000,consumer cyclical
,norway,11808000000.0,8956000000.0,11615000000,aker bp asa,"1,742",5639000,energy
,sweden,9647000000.0,11756000000.0,11604000000,ab skf publ,"42,602",8582000,industries
,germany,15006000000.0,13784000000.0,11584000000,mtu aero engines ag,"10,313",4187000,industries
,switzerland,11799000000.0,9740000000.0,11546000000,vifor pharma ag,"2,384",1865000,healthcare
,germany,7677000000.0,12089000000.0,11462000000,qiagen,"5,610",2251000,healthcare
,uk,10715000000.0,8723000000.0,11445000000,sage group,"11,785",2416000,technology
,uk,,,11390000000,allfunds group plc,,3142000,financial services
,russia,9515000000.0,9662000000.0,11361000000,alrosa,"32,475",2988000,basic materials
,ireland,11576000000.0,10711000000.0,11358000000,allegion,"11,000",2867000,industries
,netherlands,4614000000.0,7220000000.0,11329000000,imcd,"3,049",3785000,basic materials
,netherlands,1390000000.0,925000000.0,11322000000,eurocommercial properties,,237000000,real estate
,france,14132000000.0,12644000000.0,11287000000,renault sa,"179,565",50927000,consumer cyclical
,france,6152000000.0,9316000000.0,11237000000,remy cointreau sa,"1,832",1312000,consumer defensive
,germany,8337999999.0,8019000000.0,11192000000,commerzbank ag,"46,724",0,financial services
,netherlands,9269000000.0,8071000000.0,11152000000,aegon,"22,322",46124000,financial services
,italy,6432000000.0,9304000000.0,11131000000,amplifon spa,"11,265",2147000,healthcare
,uk,14483000000.0,11277000000.0,11092000000,informa plc,"11,000",2354000,communication services
,germany,9246000000.0,10543000000.0,11071000000,rational ag,"2,216",779000000,industries
,spain,21151000000.0,17417000000.0,11020000000,grifols,"23,668",5436000,healthcare
,sweden,2426000000.0,5264000000.0,11009000000,samhallsbyggnadsbolaget i norden ab publ,,623000000,real estate
,spain,10940000000.0,11005000000.0,10989000000,red electrica corporacion,"2,051",2151000,utilities
,sweden,4504000000.0,7750000000.0,10980000000,indutrade ab publ,"7,000",2280000,industries
,italy,5841000000.0,11611000000.0,10961000000,infrastrutture wireless italiane,,865000000,communication services
,france,8067000000.0,8735000000.0,10936000000,arkema,"19,794",10490000,basic materials
,uk,3423000000.0,21687000000.0,10907000000,farfetch,"5,441",2256000,consumer cyclical
,uk,16829999999.0,10852000000.0,10857000000,international consolidated airlines group,"64,734",9312000,industries
,sweden,5627000000.0,6329000000.0,10831000000,getinge ab,"10,818",2840000,healthcare
,italy,13134000000.0,10082000000.0,10821000000,telecom italia,"52,347",15311000,communication services
,sweden,2547000000.0,10056000000.0,10813000000,embracer group ab publ,"5,500",1606000,communication services
,italy,7447000000.0,9934000000.0,10812000000,finecobank banca fineco,"1,225",0,financial services
,netherlands,7952000000.0,16734000000.0,10712000000,just eat takeawaycom,"5,423",4953000,retail
,germany,10112000000.0,10510000000.0,10661000000,kabel deutschland holding ag,"4,081",2630000,communication services
,sweden,10233000000.0,10454000000.0,10603000000,skanska ab publ,"31,517",15106000,industries
,belgium,11242000000.0,9922000000.0,10560000000,ageas sa/nv,"10,045",13033000,financial services
,sweden,9849000000.0,7646000000.0,10560000000,lundin energy ab publ,,0,energy
,russia,7500000000.0,8500999999.0,10489000000,magnitogorsk iron & steel works mmk,"17,887",11869000,basic materials
,denmark,10505000000.0,13537000000.0,10437000000,chr hansen holding a/s,"3,700",1187000,basic materials
,sweden,5270000000.0,6993000000.0,10390000000,ab sagax publ,77,326000000,real estate
,france,22188000000.0,10890000000.0,10389000000,unibail-rodamco-westfield,"3,495",2776000,real estate
,netherlands,5800000000.0,7660000000.0,10375000000,euronext,"1,400",1430000,financial services
,uk,10007000000.0,9298000000.0,10253000000,barratt developments,"6,655",5667000,consumer cyclical
,spain,5686000000.0,7751000000.0,10238000000,acciona,"38,967",8931000,industries
,switzerland,,,10215000000,on holding ag,883,768000000,
,france,13215000000.0,11313000000.0,10197000000,gecina sa,504,676000000,real estate
,italy,9741000000.0,7902000000.0,10176000000,mediobanca banca di credito finanziario,,2584000,financial services
,belgium,3777000000.0,4398000000.0,10153000000,d'ieteren sa,,3703000,consumer cyclical
,germany,8208000000.0,11156000000.0,10144000000,leg immobilien ag,"1,400",1058000,real estate
,sweden,10770000000.0,9047000000.0,10059000000,tele2 ab publ,"9,000",2813000,communication services
,austria,8477000000.0,6674000000.0,10044000000,raiffeisen bank international ag,,0,financial services
,uk,15334000000.0,11828000000.0,10033000000,melrose industries,"55,621",9010000,industries
,norway,4763000000.0,7177000000.0,9995000000,tosysteasa,"4,530",1222000,industries
,uk,8667000000.0,8297000000.0,9970000000,sensata technologies holding,"19,200",3820000,technology
,uk,8876000000.0,8317000000.0,9912000000,united utilities group,"5,354",2193000,utilities
,uk,8045999999.0,7477000000.0,9908000000,severn trent,"6,800",2289000,utilities
,italy,6393000000.0,9324000000.0,9903000000,prysmian,"28,000",14035000,industries
,france,11262000000.0,9527000000.0,9902000000,eiffage sa,"72,500",21155000,industries
,russia,5080000000.0,5468000000.0,9857000000,pjsc phosagro,,3784000,basic materials
,uk,6309000000.0,7803000000.0,9857000000,kingfisher,"78,000",15527000,consumer cyclical
,sweden,7334000000.0,5948000000.0,9846000000,ssab ab publ,"14,500",10069000,basic materials
,finland,8826000000.0,8747000000.0,9813000000,elisa oyj,,2201000,communication services
,russia,4144999999.0,5274000000.0,9777000000,pik group,,8016000,real estate
,france,11052000000.0,9083000000.0,9762000000,dassault aviation sa,"12,757",7985000,industries
,luxembourg,,,9749000000,allegroeu sa,,1258000,consumer cyclical
,uk,11873000000.0,9904000000.0,9748000000,burberry group,"9,892",3329000,consumer cyclical
,norway,10460000000.0,10093000000.0,9741000000,orkla asa,"18,110",5649000,consumer defensive
,finland,,,9699000000,metso outotec oyj,,4668000,industries
,switzerland,11433000000.0,10190000000.0,9642000000,temenos ag,"7,500",967000000,technology
,italy,7122000000.0,11346000000.0,9625000000,diasorin,"2,024",1237000,healthcare
,germany,9049000000.0,7557000000.0,9597000000,deutsche lufthansa ag,"138,353",18526000,industries
,luxembourg,4808000000.0,7090000000.0,9570000000,ternium,"20,173",16090000,basic materials
,germany,6103000000.0,6436000000.0,9497000000,gea group,"18,232",5182000,industries
,sweden,7380000000.0,14023000000.0,9333000000,kinnevik ab,40,177000000,financial services
,sweden,7629000000.0,8044000000.0,9243000000,autoliv,"61,000",8230000,consumer cyclical
,poland,8371000000.0,5119000000.0,9217000000,santander bank polska,,0,financial services
,uk,7046000000.0,7874000000.0,9205000000,auto trader group,909,509000000,ecommerce
,france,12666000000.0,9422000000.0,9107000000,accor sa,"260,000",2429000,consumer cyclical
,uk,7080000000.0,9573000000.0,9101000000,phoenix group holdings,"5,752",32009999,financial services
,switzerland,2166000000.0,6194000000.0,9007000000,bachem holding ag,,522000000,basic materials
,poland,5906000000.0,8458000000.0,8999000000,polskie gornictwo naftowe i gazownictwo,"24,608",14692000,energy
,sweden,6687000000.0,6995000000.0,8934000000,castellum ab publ,,667000000,real estate
,switzerland,5096000000.0,7358000000.0,8856000000,sig combibloc group ag,,2271000,consumer cyclical
,uk,12014000000.0,9891000000.0,8838000000,hargreaves lansdown,"1,610",687000000,financial services
,sweden,4919000000.0,7383000000.0,8827000000,husqvarna ab publ,,4941000,industries
,poland,,,8817000000,dino polska sa,,3140000,consumer defensive
,portugal,13908000000.0,8840000000.0,8809000000,galp energia sgps,"6,114",18119000,energy
,uk,7417000000.0,7770000000.0,8805000000,rightmove,650,398000000,communication services
,france,9392000000.0,9289000000.0,8793000000,getlink se,,853000000,industries
,sweden,1751000000.0,10239000000.0,8747000000,sinch ab publ,"1,892",1699000,communication services
,uk,6731000000.0,6859000000.0,8725000000,j sainsbury,"111,900",35211000,consumer defensive
,belgium,5495000000.0,8151999999.0,8707000000,elia system operator sa,,2811000,utilities
,uk,8646000000.0,8555999999.0,8688000000,whitbread,"35,455",2005999,consumer cyclical
,france,7545000000.0,9101000000.0,8653000000,seb sa,"34,000",8880000,consumer cyclical
,greece,8006000000.0,,8617000000,hellenic telecommunications organization,"16,291",3712000,communication services
,luxembourg,7606000000.0,7432000000.0,8611000000,rtl group sa,"16,264",6635000,communication services
,finland,6713000000.0,5893000000.0,8608000000,wartsila oyj abp,"18,307",5265000,industries
,czech republic,6199000000.0,7559000000.0,8600000000,avast,"1,803",941000000,technology
,uk,8510000000.0,8236000000.0,8574999999,taylor wimpey,"6,029",5608000,consumer cyclical
,italy,6203000000.0,6614000000.0,8555999999,edison spa,"13,351",11736000,utilities
,germany,6030000000.0,9125000000.0,8475000000,bechtle ag,"11,487",5303000,technology
,belgium,4730000000.0,6012000000.0,8439999999,warehouses de pauw,,306000000,real estate
,germany,7185000000.0,8529999999.0,8439999999,dws group gmbh & co kgaa,"3,600",2846000,financial services
,switzerland,10370000000.0,10733000000.0,8426000000,adecco group ag,"30,264",23086000,industries
,france,5148000000.0,8701000000.0,8375999999,la francaise des jeux societe anonyme,,2254000,consumer cyclical
,russia,9813000000.0,6660000000.0,8282999999,vtb bank,,0,financial services
,germany,8757000000.0,8170000000.0,8281000000,telefonica deutschland holding ag,"8,500",8557000,communication services
,ireland,8353000000.0,9196000000.0,8263000000,jazz pharmaceuticals,"1,620",3094000,healthcare
,luxembourg,5236000000.0,7064000000.0,8242000000,b&m european value retail,"32,000",5504000,consumer defensive
,uk,6343000000.0,6744000000.0,8241000000,intermediate capital group,,900000000,financial services
,netherlands,,,8231000000,ctp nv,,407000000,real estate
,uk,6269000000.0,11381000000.0,8210000000,fresnillo,"5,510",2703000,basic materials
,ireland,8494999999.0,6978000000.0,8205999999,dcc,"12,773",17556000,energy
,poland,4235000000.0,4139000000.0,8205000000,lpp sa,,14025000,consumer cyclical
,czech republic,6939000000.0,5762000000.0,8192000000,komercni banka,,0,financial services
,netherlands,7778000000.0,7880000000.0,8164000000,grandvision,"33,681",3000000,consumer cyclical
,hong kong,13154000000.0,7799000000.0,8125000000,swire pacific,"130,716",11532000,industries
,denmark,4970000000.0,7650000000.0,8119999999,rockwool international a/s,"11,700",3403000,industries
,norway,6975000000.0,9231000000.0,8105000000,schibsted asa,"5,182",1638000,communication services
,ireland,6173000000.0,4868000000.0,8068000000,bank of ireland group,"9,211",0,financial services
,italy,8173000000.0,7470000000.0,8042000000,unipolsai assicurazioni,,16253000,financial services
,sweden,5219000000.0,7826000000.0,8010000000,holmen aktiebolag publ,,2045000,basic materials
,norway,5825000000.0,6600000000.0,7995000000,salmar asa,"1,702",1685000,consumer defensive
,uk,2773000000.0,4664000000.0,7965000000,endava,"6,624",525000000,technology
,uk,6528000000.0,4983000000.0,7937000000,meggitt,"10,000",1949000,industries
,france,9994000000.0,8592000000.0,7885000000,covivio,,858000000,real estate
,uk,,,7845000000,oxford nanopore technologies plc,628,174000000,healthcare
,uk,9771000000.0,6832000000.0,7833000000,land securities group,530,800000000,real estate
,germany,6294000000.0,7158000000.0,7827000000,hella gmbh & co kgaa,"39,000",6324000,consumer cyclical
,switzerland,8371000000.0,7916000000.0,7821000000,baloise holding ag,,9381000,financial services
,germany,3852000000.0,7032000000.0,7800000000,wacker chemie ag,"14,542",6711000,basic materials
,france,7535000000.0,6840000000.0,7703000000,ipsen,"5,700",3243000,healthcare
,switzerland,5418000000.0,6427000000.0,7695000000,wizz air holdings,,1663000,industries
,denmark,6094000000.0,10303000000.0,7624000000,gn store nord a/s,"6,525",2293000,healthcare
,sweden,7631000000.0,5761000000.0,7611000000,beijer ref ab publ,,1778000,industries
,uk,3875000000.0,5593000000.0,7604000000,electrocomponents,"7,044",2615000,industries
,france,8564999999.0,9413000000.0,7584000000,valeo sa,"110,300",18664000,consumer cyclical
,sweden,5676000000.0,5984000000.0,7533000000,trelleborg ab publ,"22,209",3562000,industries
,uk,8372000000.0,6574000000.0,7512000000,m&g plc,"5,961",19279000,financial services
,uk,6978000000.0,7031000000.0,7502000000,ds smith,"29,300",8529000,consumer cyclical
,switzerland,4617000000.0,5287000000.0,7500000000,belimo holding ag,,811000000,industries
,italy,3399000000.0,5285000000.0,7483000000,interpump group,"7,418",1734000,industries
,denmark,6781000000.0,6932000000.0,7478000000,kobenhavns lufthavne a/s,,237000000,industries
,germany,4408000000.0,4791000000.0,7446000000,sixt se,"8,500",2467000,industries
,russia,5346000000.0,7874000000.0,7445000000,magnit,"300,000",24871000,consumer defensive
,germany,3979000000.0,6029000000.0,7422000000,evotec se,"3,030",618000000,healthcare
,italy,7371000000.0,6349000000.0,7400000000,banca mediolanum,"2,321",7067000,financial services
,germany,6281000000.0,6365000000.0,7397000000,cts eventim ag & co kgaa,"3,202",440000000,communication services
,switzerland,3264000000.0,4890000000.0,7339000000,datwyler holding,"7,000",1004000,industries
,uk,5256000000.0,5631000000.0,7336000000,howden joinery group,"10,000",2734000,consumer cyclical
,netherlands,4967000000.0,4929000000.0,7327000000,aalberts nv,"16,094",3221000,industries
,france,11156000000.0,6451000000.0,7308000000,klepierre sa,"1,100",1352000,real estate
,italy,,,7306000000,pirelli & c spa,"31,575",5764000,consumer cyclical
,italy,5988000000.0,5398000000.0,7301000000,pirelli & c,"31,600",5329000,consumer cyclical
,germany,6653000000.0,7850000000.0,7300000000,united internet ag,"9,638",6104000,communication services
,uk,4516000000.0,5898000000.0,7286000000,janus henderson group,"2,000",2767000,financial services
,switzerland,8753000000.0,7390000000.0,7283000000,swiss prime site ag,,776000000,real estate
,germany,5523000000.0,6970000000.0,7277000000,gsw immobilien ag,,378000000,real estate
,uk,10352000000.0,8416000000.0,7267000000,abrdn plc,"6,029",2236000,financial services
,uk,8000000000.0,8082000000.0,7254000000,berkeley group holdings,"2,709",2766000,consumer cyclical
,germany,9112000000.0,6158000000.0,7243000000,thyssenkrupp ag,"103,598",37519000,industries
,spain,12155000000.0,9409000000.0,7216000000,acs actividades de construccion y servicios,"65,000",30703000,industries
,poland,5048000000.0,9875000000.0,7184000000,kghm polska miedz,"18,444",6259000,basic materials
,spain,2714000000.0,4926000000.0,7182000000,fluidra,"5,500",2446000,industries
,russia,120000000.0,134000000.0,7143000000,x5 retail group,"339,716",36232000,consumer defensive
,ireland,9285000000.0,5557000000.0,7131000000,aib group,"9,520",2419000,financial services
,uk,,3885000000.0,7094000000,airtel africa,"3,300",4714000,telecom
,uk,7887000000.0,6176000000.0,7090000000,british land company,783,483000000,real estate
,luxembourg,10928000000.0,10084000000.0,7077000000,aroundtown sa,500,1085000,real estate
,russia,3743000000.0,3267000000.0,7030000000,vsmpo-avisma corporation,,1463000,basic materials
,uk,3027000000.0,4618000000.0,7026000000,royal mail,"177,047",14973000,industries
,norway,4801000000.0,4785000000.0,7026000000,aker asa,"28,000",668000000,energy
,sweden,2375000000.0,2833000000.0,7009000000,vitrolife ab publ,,178000000,healthcare
,switzerland,7350000000.0,6938000000.0,6968000000,clariant ag,,4539000,basic materials
,russia,9394000000.0,7930000000.0,6920000000,mobile telesystems,"58,415",4847000,communication services
,uk,7969000000.0,17615000000.0,6878000000,novocure,"1,023",535000000,healthcare
,austria,5087000000.0,6370000000.0,6864000000,voestalpine ag,"49,000",14923000,basic materials
,uk,5806000000.0,3646000000.0,6830000000,marks and spencer group,,12821000,consumer cyclical
,sweden,7085000000.0,6652000000.0,6815000000,ab electrolux publ,"48,000",13317000,technology
,italy,2939000000.0,4497000000.0,6809000000,reply,"9,059",1636000,technology
,netherlands,2268000000.0,2720000000.0,6791000000,hunter douglas,"22,000",4606000,consumer cyclical
,france,7380000000.0,6987000000.0,6746000000,faurecia se,"104,739",17226000,consumer cyclical
,uk,6391000000.0,7937000000.0,6713000000,hikma pharmaceuticals,"8,578",2553000,healthcare
,france,3351000000.0,5803000000.0,6707000000,somfy sa,,1477000,consumer cyclical
,switzerland,3878000000.0,5861000000.0,6698000000,bkw ag,"10,500",3617000,utilities
,switzerland,6979000000.0,9250000000.0,6694000000,banque cantonale vaudoise,"1,896",1022999,financial services
,luxembourg,7025000000.0,7408000000.0,6679000000,cpi property group,"4,353",663000000,real estate
,denmark,7511000000.0,8909000000.0,6653000000,ascendis pharma a/s,482,8000000,healthcare
,france,5283000000.0,5490000000.0,6650000000,eurazeo se,270,6147000,financial services
,uk,,,6630000000,pepco group nv,,4191000,consumer defensive
,uk,3868000000.0,5102000000.0,6583000000,dechra pharmaceuticals,"1,753",716000000,healthcare
,switzerland,3320000000.0,5800000000.0,6579000000,tecan group,"2,050",1012000,healthcare
,france,6335000000.0,5683000000.0,6567000000,ald sa,,11536000,industries
,switzerland,6967000000.0,5516000000.0,6563000000,helvetia holding ag,"11,687",12977000,financial services
,france,4049000000.0,4754000000.0,6540000000,rexel,"24,000",16203000,industries
,germany,7823000000.0,5553000000.0,6540000000,fraport ag,"22,514",2364000,industries
,uk,,5823000000.0,6537000000,f&c investment trust,,1275000,investments
,netherlands,5430000000.0,5548000000.0,6512000000,asr nederland,"3,934",10866000,financial services
,belgium,5144000000.0,5021000000.0,6501000000,ackermans & van haaren nv,,4756000,industries
,netherlands,4025000000.0,5247000000.0,6405000000,signify,"37,926",7567000,industries
,uk,7493000000.0,5187000000.0,6405000000,easyjet,"14,000",1935000,industries
,france,8397000000.0,8460000000.0,6390000000,orpea sa,,4297000,healthcare
,finland,3637000000.0,4252000000.0,6381000000,valmet oyj,,4340000,industries
,sweden,4767000000.0,6589000000.0,6300000000,sweco ab publ,,2310000,industries
,france,3793000000.0,4062000000.0,6295000000,financiere de l'odet sa,,26066000,industries
,uk,4342000000.0,3962000000.0,6287000000,nvent electric,"8,800",2462000,industries
,belgium,9323000000.0,6376000000.0,6257000000,proximus,"11,423",6107000,communication services
,uk,7970000000.0,5879000000.0,6253000000,itv,"6,273",4582000,communication services
,switzerland,4642000000.0,5458000000.0,6250000000,emmi ag,,4184999,consumer defensive
,netherlands,2906000000.0,4361000000.0,6240000000,be semiconductor industries,"1,618",826000000,technology
,uk,5211000000.0,7063000000.0,6227000000,weir group,"13,500",2565000,industries
,uk,6723000000.0,6918000000.0,6163000000,pearson plc,"32,000",4549000,education
,switzerland,3609000000.0,2543000000.0,6160000000,goodyear tire & rubber company,"62,000",17478000,consumer cyclical
,denmark,4141000000.0,10713000000.0,6160000000,ambu a/s,"3,500",594000000,healthcare
,uk,4175000000.0,4336000000.0,6143000000,imi,"10,776",1135000,industries
,belgium,1848000000.0,3098000000.0,6140000000,vgp nv,,49000000,real estate
,sweden,2464000000.0,3890000000.0,6088000000,thule group ab publ,,1101000,consumer cyclical
,uk,,3946000000.0,6005000000,tritax big box reit,,244000000,real estate
,luxembourg,3463000000.0,3657000000.0,6002000000,l'occitane international,"9,000",1780000,consumer defensive
,norway,1111000000.0,3054000000.0,5965000000,nordic semiconductor asa,767,610000000,technology
,italy,6446000000.0,5325000000.0,5945000000,hera,,7808000,utilities
,spain,6710000000.0,5721000000.0,5942000000,enagas,361,1075000,utilities
,norway,2904000000.0,3645000000.0,5914000000,kongsberg gruppen asa,,2826000,industries
,france,4336000000.0,3886000000.0,5890000000,alten sa,,2924000,technology
,uk,7056000000.0,3722000000.0,5883000000,centrica,"26,932",24284000,utilities
,uk,6160000000.0,5690000000.0,5868000000,unite group,"1,400",353000000,real estate
,finland,4595000000.0,5447000000.0,5868000000,kojamo oyj,296,431000000,real estate
,sweden,5699000000.0,4853000000.0,5860000000,axfood ab publ,,6136000,consumer defensive
,germany,7231000000.0,8457000000.0,5857000000,scout24 ag,"1,530",389000000,communication services
,austria,5416000000.0,5119000000.0,5840000000,telekom austria ag,"18,153",4664000,communication services
,uk,1841000000.0,2330000000.0,5838000000,future,,804000000,communication services
,germany,7186000000.0,5543000000.0,5797000000,schaeffler ag,"87,700",15279000,consumer cyclical
,france,7911000000.0,5978000000.0,5772000000,scor se,"2,945",19625000,financial services
,uk,,4428000000.0,5768000000,rit capital partners,,1242000,investments
,italy,5823000000.0,4939000000.0,5764000000,a2a,"12,978",12739000,utilities
,sweden,2171000000.0,3720000000.0,5762000000,addtech ab publ,"3,000",1323000,industries
,germany,7909000000.0,3758000000.0,5759000000,tui ag,"48,330",5218000,consumer cyclical
,germany,5968000000.0,6599000000.0,5741000000,lanxess,"14,866",8335000,basic materials
,germany,,14428000000.0,5739000000,curevac,500,102000000,healthcare
,france,8426000000.0,11823000000.0,5737000000,ubisoft entertainment sa,"18,045",2124000,communication services
,netherlands,4422000000.0,4011999999.0,5729000000,oci,"3,147",6318000,basic materials
,germany,4010000000.0,4316000000.0,5718000000,lechwerke ag,,1621000,utilities
,switzerland,5588000000.0,5364000000.0,5709000000,flughafen zurich ag,,728000000,industries
,sweden,4075000000.0,5102000000.0,5699000000,wallenstam ab publ,,246000000,real estate
,russia,2980000000.0,3274000000.0,5695000000,acron,,1970000,basic materials
,france,6583000000.0,4827000000.0,5691000000,jcdecaux sa,"10,234",2521000,communication services
,finland,6580000000.0,6414000000.0,5691000000,orion oyj,"3,337",1148000,healthcare
,belgium,7213000000.0,8005000000.0,5674000000,etn fr colruyt nv,,10046000,consumer defensive
,luxembourg,3381000000.0,3835000000.0,5622000000,shurgard self storage,751,331000000,real estate
,denmark,4460000000.0,5650000000.0,5599000000,royal unibrew a/s,"2,631",1294000,consumer defensive
,sweden,1621000000.0,3037000000.0,5588000000,medicover ab publ,,130000000,healthcare
,france,8073000000.0,5666000000.0,5569000000,icade,,1831000,real estate
,switzerland,6322000000.0,6150000000.0,5568000000,psp swiss property ag,,862000000,real estate
,luxembourg,,,5566000000,ardagh metal packaging sa,"16,400",4054999,consumer cyclical
,germany,6670000000.0,7134000000.0,5545000000,fuchs petrolub se,"5,600",2870000,basic materials
,germany,9060000000.0,6841000000.0,5534000000,hochtief,"46,644",23579000,industries
,austria,4162000000.0,4070000000.0,5528000000,bawag group ag,"4,353",1338000,financial services
,germany,,,5504000000,synlab ag,,4152000,healthcare
,uk,4424000000.0,4480000000.0,5499000000,spectris,"8,450",1714000,technology
,sweden,4958000000.0,5082000000.0,5494000000,aak ab publ,"3,978",3758000,consumer defensive
,germany,4042000000.0,5944000000.0,5467000000,gelsenwasser ag,"1,595",6298000,utilities
,ireland,6922000000.0,6104000000.0,5447000000,perrigo company,"11,500",4138000,healthcare
,uk,3042000000.0,3733000000.0,5433000000,diploma plc,,1044000,industries
,finland,4019999999.0,4851000000.0,5432000000,nokian renkaat oyj,,1891000,automobile parts
,uk,6198000000.0,4984000000.0,5418000000,bellway,"2,889",3677000,real estate
,uk,7603000000.0,6396000000.0,5417000000,johnson matthey,"15,352",18875000,basic materials
,germany,6775000000.0,6761000000.0,5416000000,fielmann,"22,245",1678000,consumer cyclical
,belgium,2367000000.0,3633000000.0,5406000000,lotus bakeries nv,"2,155",827000000,consumer defensive
,switzerland,3596000000.0,4407000000.0,5387000000,sfs group ag,"10,692",2029999,industries
,poland,6152000000.0,5224000000.0,5384000000,cyfrowy polsat,,2613000,communication services
,uk,3101000000.0,3205000000.0,5365000000,frasers group,"19,962",4270000,consumer cyclical
,denmark,2684000000.0,4474000000.0,5340000000,alk-abello a/s,,580000000,healthcare
,italy,5078000000.0,5124000000.0,5308000000,italgas,,1427000,utilities
,austria,3482000000.0,3879000000.0,5294000000,evn ag,"7,428",2641000,utilities
,italy,3198000000.0,4694000000.0,5283000000,de'longhi,"8,607",3219000,consumer cyclical
,switzerland,3531000000.0,4846000000.0,5280000000,dksh holding,,11883000,industries
,uk,2720000000.0,3632000000.0,5271000000,mimecast,"1,800",501000000,technology
,sweden,1678000000.0,4367000000.0,5258000000,avanza bank holding ab publ,450,408000000,financial services
,uk,5755000000.0,5903000000.0,5255000000,direct line insurance group,"10,762",4285000,financial services
,france,5839000000.0,5227000000.0,5249000000,wendel,,8276000,financial services
,uk,5201000000.0,5460000000.0,5225000000,convatec group,"9,400",2037999,healthcare
,greece,4157000000.0,4529000000.0,5217000000,greek organization of football prognostics,"1,503",1245000,consumer cyclical
,spain,4824000000.0,4368000000.0,5196000000,fomento de construcciones y contratas,,6657000,industries
,sweden,5714000000.0,5135000000.0,5181000000,fabege ab publ,,313000000,real estate
,austria,4497000000.0,4453000000.0,5179000000,andritz ag,"28,400",7129000,industries
,switzerland,3353000000.0,10903000000.0,5178000000,crispr therapeutics ag,410,914000000,healthcare
,poland,6228000000.0,4961000000.0,5174000000,powszechny zaklad ubezpieczen sa,"43,310",,financial services
,uk,5921000000.0,4740000000.0,5170000000,derwent london,,318000000,real estate
,denmark,4277000000.0,3785000000.0,5159000000,topdanmark a/s,,4653000,financial services
,germany,5597000000.0,5818000000.0,5157000000,varta ag,"4,800",902000000,industries
,poland,9076000000.0,7420000000.0,5140000000,cd projekt,"1,111",,communication services
,poland,4370000000.0,2048000000.0,5132000000,mbank,,,financial services
,switzerland,3574000000.0,4643000000.0,5125000000,bucher industries ag,,3398000,industry machinery
,germany,2507000000.0,4643000000.0,5122000000,jungheinrich,"18,019",4238000,industries
,spain,6677000000.0,4403000000.0,5116000000,merlin properties socimi,218,516000000,real estate
,iceland,3872000000.0,4529000000.0,5115000000,marel,,1500000,industries
,luxembourg,,,5059000000,inpost sa,,4580000,industries
,belgium,3832000000.0,4008000000.0,5057000000,cofinimmo sa,,323000000,real estate
,uk,,,5053000000,martens plc,,1069000,footwear
,hungary,4160000000.0,4607000000.0,5027000000,richter gedeon vegyeszeti gyar nyilvanosan mukodo,,1829000,healthcare
,spain,6505000000.0,4934000000.0,4990000000,inmobiliaria colonial socimi,200,316000000,real estate
,switzerland,4006999999.0,4406000000.0,4977000000,vontobel holding ag,"2,094",2080000,financial services
,uk,,7000000000.0,4970000000,deliveroo plc,"2,300",2148000,online food delivery
,sweden,6840000000.0,5860000000.0,4958000000,securitas ab,"355,000",11416000,industries
,spain,6721000000.0,4842000000.0,4948000000,bankinter,"8,668",2036000,financial services
,norway,3697000000.0,3452000000.0,4933000000,storebrand asa,"2,200",13218000,financial services
,ireland,3422000000.0,4179000000.0,4922000000,glanbia,"7,385",4628000,consumer defensive
,denmark,7588000000.0,6811000000.0,4912000000,h lundbeck a/s,"5,806",2412000,healthcare
,italy,3805000000.0,3818000000.0,4897000000,banca generali,"72,644",1406000,financial services
,switzerland,4451000000.0,4604000000.0,4894000000,bb biotech ag,,-367 million usd,healthcare
,uk,,,4893000000,atotech ltd,"3,862",1234000,electronics
,france,9172000000.0,10112000000.0,4881000000,atos se,"110,000",10836000,technology
,switzerland,,,4875000000,sportradar,"2,300",561000000,media
,italy,3470000000.0,3322000000.0,4854000000,banco bpm societa per azioni,"22,000",4362000,financial services
,uk,3428000000.0,4365000000.0,4853000000,ig group holdings,,1157000,financial services
,uk,5391000000.0,4644000000.0,4829000000,travis perkins,"30,000",6086000,industries
,switzerland,4771000000.0,5098000000.0,4824000000,dufry ag,,4189000,consumer cyclical
,germany,4604000000.0,4388000000.0,4804000000,1&1 ag,"3,163",4312000,communication services
,germany,2401000000.0,3758000000.0,4799000000,dermapharm holding se,,942000000,healthcare
,italy,4067999999.0,4260000000.0,4780000000,brembo,,2784000,consumer cyclical
,uk,,,4767000000,harbour energy plc,,3478000,energy
,italy,,,4757000000,stevanato group spa,,930000000,medical equipment
,uk,3687000000.0,4802000000.0,4752000000,abcam,"1,492",613000000,healthcare
,denmark,2314000000.0,5018000000.0,4738000000,netcompany group a/s,,537000000,technology
,norway,3967000000.0,4149000000.0,4736000000,leroy seafood group asa,,2630000,consumer defensive
,france,5205000000.0,4907000000.0,4729000000,colas sa,,14588000,industries
,uk,3668000000.0,3461000000.0,4728000000,inchcape,"17,300",10138000,consumer cyclical
,uk,,4328000000.0,4725000000,polar capital technology trust,,-300 million usd,investments
,sweden,3531000000.0,3664000000.0,4723000000,hexpol ab publ,,1697000,basic materials
,sweden,,,4722000000,oatly group ab,792,643000000,non-alcoholic beverages
,belgium,3120000000.0,3897000000.0,4710000000,melexis nv,"1,449",709000000,technology
,italy,2463000000.0,2957000000.0,4697000000,brunello cucinelli,"2,127",785000000,consumer cyclical
,sweden,5245000000.0,5104000000.0,4686000000,elekta ab publ,,1371000,healthcare
,uk,1282000000.0,1895000000.0,4686000000,watches of switzerland group,,1458000,consumer cyclical
,uk,3653000000.0,5734000000.0,4675000000,sophos group,"3,500",709000000,technology
,italy,3202000000.0,4243000000.0,4662000000,erg spa,,1359000,utilities
,france,3404000000.0,4181000000.0,4650000000,tikehau capital,,454000000,financial services
,austria,3328000000.0,5950000000.0,4642000000,aag,"30,000",5557000,technology
,belgium,3124000000.0,3956000000.0,4635000000,aedifica sa,,255000000,real estate
,uk,,4608000000.0,4627000000,hicl infrastructure,491,437000000,investments
,germany,3102000000.0,4680000000.0,4619000000,siltronic ag,"3,800",1550000,technology
,uk,,,4577000000,arrival,"1,300",0,electric vehicles
,luxembourg,8090999999.0,5343000000.0,4573000000,ses,"2,159",1966000,communication services
,france,1958000000.0,2709000000.0,4563000000,interparfusa,396,618000000,consumer defensive
,ireland,2069000000.0,3265000000.0,4557000000,adient,"77,000",13680000,consumer cyclical
,finland,4878000000.0,5370000000.0,4547000000,huhtamaki oyj,"18,600",3942000,consumer cyclical
,france,3886000000.0,3630000000.0,4547000000,compagnie du cambodge,,200000000,industries
,germany,2791000000.0,3410000000.0,4531000000,aurubis ag,"7,400",17978000,basic materials
,belgium,3211000000.0,4523000000.0,4507000000,financiere de tubize sa,,421000000,healthcare
,uk,,,4459000000,greencoat uk wind,,561000000,asset management
,germany,4514000000.0,5581000000.0,4454000000,stroer se & co kgaa,"13,000",1627000,communication services
,switzerland,4981000000.0,4524000000.0,4454000000,stadler rail ag,"8,500",3888000,industries
,italy,3611000000.0,3373000000.0,4452000000,salvatore ferragamo,,1252000,consumer cyclical
,france,,,4438000000,nexans sa,,8134000,industries
,uk,3208000000.0,3733000000.0,4436000000,softcat,"1,500",1362000,technology
,sweden,,,4432000000,nordnet ab publ,,331000000,financial services
,uk,,3305000000.0,4429000000,smithson investment trust,,709000000,asset management
,russia,3886000000.0,4904000000.0,4424000000,moscow exchange micex-rts,,500000000,financial services
,uk,2612000000.0,5020000000.0,4421000000,games workshop group,"2,436",488000000,consumer cyclical
,sweden,1237000000.0,920000000.0,4412000000,corem property group ab publ,,297000000,real estate
,sweden,3050000000.0,3986000000.0,4403000000,dometic group ab publ,,2281000,technology
,luxembourg,2666000000.0,3326000000.0,4398000000,aperam,"9,500",5100000,basic materials
,uk,3573000000.0,3218000000.0,4395000000,livanova,"4,000",1034999,healthcare
,netherlands,7002000000.0,6649000000.0,4389000000,vopak,"5,688",1353000,energy
,uk,,,4350000000,petershill partners plc,,,financial services
,austria,3585000000.0,3555000000.0,4343000000,strabag se,,15293000,industries
,russia,3771000000.0,4585000000.0,4341000000,federal hydro-generating company - rushydro,,5360000,utilities
,uk,4766000000.0,4320000000.0,4337000000,tate & lyle,"4,193",1620000,consumer defensive
,uk,,3755000000.0,4337000000,3i infrastructure,,485000000,investments
,france,2141000000.0,3149000000.0,4331000000,nexans,,8134000,industries
,italy,4385000000.0,4485000000.0,4306000000,acea spa,,4381000,utilities
,france,3232000000.0,3473000000.0,4306000000,spie sa,"45,500",7714000,industries
,uk,,,4301000000,diversey holdings ltd,"8,500",2618000,fmcg
,uk,5663000000.0,5481000000.0,4299000000,pennon group,"5,239",933000000,utilities
,sweden,858000000.0,,4280000000,addlife ab publ,,847000000,healthcare
,uk,2682000000.0,3821000000.0,4277999999,computacenter,,8924000,technology
,luxembourg,2482000000.0,2898000000.0,4276000000,brederode sa,,1106000,financial services
,germany,4992000000.0,4542000000.0,4261000000,rheinmetall ag,"25,767",6241000,industries
,uk,,3972000000.0,4253999999,alliance trust,,763000000,financial services
,uk,4835000000.0,2482000000.0,4240000000,greggs,"19,000",1631000,consumer defensive
,belgium,5216000000.0,4864000000.0,4230000000,telenet group holding nv,,2862000,communication services
,austria,2710000000.0,4019000000.0,4227000000,mayr-melnhof karton ag,"9,938",3068000,consumer cyclical
,uk,,,4224999999,ihs holding ltd,,1579000,telecom
,russia,1165000000.0,1450000000.0,4221000000,raspadskaya,,2098000,basic materials
,spain,1556000000.0,2556000000.0,4216000000,laboratorios farmaceuticos rovi,,715000000,healthcare
,italy,4883000000.0,4565000000.0,4211000000,buzzi unicem,,3444000,basic materials
,denmark,4600000000.0,5893000000.0,4206000000,simcorp a/s,"1,901",547000000,technology
,uk,3893000000.0,3796000000.0,4205000000,rotork,"3,400",755000000,industries
,russia,,,4200999999,united aircraft corporation,,7694000,industries
,austria,3398000000.0,3566000000.0,4179999999,wienerberger ag,,4380000,basic materials
,spain,6800000000.0,2416000000.0,4173000000,banco de sabadell,"23,458",5486000,financial services
,france,2937000000.0,6489000000.0,4171999999,neoen,255,367000000,utilities
,uk,,4268000000.0,4159000000,monks investment trust,,-730 million usd,investments
,uk,,2730000000.0,4159000000,man group,"1,456",1481000,financial services
,italy,6773000000.0,4138000000.0,4149000000,leonardo,"49,882",15591000,industries
,switzerland,2428000000.0,3561000000.0,4149000000,vz holding ag,"1,030",415000000,financial services
,uk,,3655000000.0,4138000000,s4 capital,,808000000,advertising
,uk,,3327000000.0,4115999999,the renewables infrastructure group limited,,231000000,renewable energy
,switzerland,,,4115000000,polypeptide group ag,973,282000000,healthcare
,norway,3032000000.0,4070000000.0,4114000000,entra asa,,294000000,real estate
,russia,5933000000.0,5325000000.0,4114000000,inter rao ues,,16207999,utilities
,uk,2709000000.0,3747000000.0,4111000000,genus,,676000000,healthcare
,uk,2544000000.0,2636000000.0,4106000000,big yellow group,361,201000000,real estate
,spain,4199000000.0,4187000000.0,4097000000,grupo catalana occidente,"7,587",4602000,financial services
,isle of man,5417000000.0,3829000000.0,4082000000,nepi rockcastle,,536000000,real estate
,luxembourg,5100000000.0,4699000000.0,4054999999,iwg,"12,000",2955000,industries
,uk,3166000000.0,4026000000.0,4054999999,fevertree drinks,,413000000,consumer defensive
,germany,832000000.0,2355000000.0,4053000000,verbio vereinigte bioenergie ag,,1026000,utilities
,netherlands,2041000000.0,2960000000.0,4035999999,arcadis nv,"28,000",2828000,industries
,germany,3397000000.0,2293000000.0,4034000000,hugo boss ag,,3073000,consumer cyclical
,sweden,1820000000.0,2408000000.0,4033000000,veoneer,,1657000,consumer cyclical
,uk,3666000000.0,3036000000.0,4019000000,beazley,,3291000,financial services
,france,2044000000.0,3400000000.0,4006999999,trigano,"10,021",3235000,consumer cyclical
,uk,4073000000.0,1783000000.0,4001000000,investec group,,2292000,financial services
,france,4616000000.0,3671000000.0,3987000000,elis sa,"45,000",3362000,industries
,germany,5943000000.0,4070000000.0,3977000000,metro ag,"97,639",27316000,consumer defensive
,uk,,2248000000.0,3966000000,safestore holdings,700,247000000,property investments
,belgium,4006999999.0,3335000000.0,3963000000,kbc ancora sca,,532000000,financial services
,greece,,,3954000000,public power corporation sa,"13,832",5704000,utilities
,norway,2943000000.0,2678000000.0,3953000000,sparebank 1 sr-bank asa,969,,financial services
,italy,4175000000.0,3401000000.0,3952000000,unipol gruppo,"11,836",16280000,financial services
,uk,,3749000000.0,3947000000,international public partnerships ld,,154000000,investments
,germany,3302000000.0,3200000000.0,3946000000,alstria office reit-ag,167,245000000,real estate
,italy,3356000000.0,3064000000.0,3936000000,azimut holding,"1,162",1635000,financial services
,sweden,1707000000.0,3416000000.0,3932000000,sectra ab publ,820,184000000,healthcare
,sweden,2567000000.0,3641000000.0,3931000000,billerudkorsnas ab publ,"4,407",2778000,basic materials
,denmark,2258000000.0,2643000000.0,3924000000,ringkjobing landbobank a/s,626,343000000,financial services
,germany,3665000000.0,4614000000.0,3922000000,tag immobilien ag,"1,354",481000000,real estate
,spain,3124000000.0,3299000000.0,3919000000,cie automotive,,3606000,consumer cyclical
,france,4101000000.0,5006000000.0,3916000000,compagnie plastic omnium sa,"31,000",7978000,consumer cyclical
,ireland,,3026000000.0,3903000000,grafton group plc,,2799000,construction materials
,switzerland,2013000000.0,3028000000.0,3898000000,siegfried holding ag,"3,500",1179000,healthcare
,switzerland,2158000000.0,3631000000.0,3895000000,also holding ag,"4,081",13671000,technology
,germany,689000000.0,1478000000.0,3893000000,zooplus ag,,1800000,consumer cyclical
,uk,5393000000.0,4823000000.0,3887000000,homeserve,,1683000,industries
,ireland,3114000000.0,3175000000.0,3883000000,alkermes,"2,245",1173000,healthcare
,france,2834000000.0,3231000000.0,3864000000,lagardere sca,,5169000,consumer cyclical
,greece,3823000000.0,2582000000.0,3861000000,eurobank ergasias,,1933000,financial services
,france,3868000000.0,3646000000.0,3856000000,societe fonciere lyonnaise sa,75,192000000,real estate
,austria,2521000000.0,2677000000.0,3855000000,lenzing,,2420000,basic materials
,switzerland,3664000000.0,3797000000.0,3853000000,luzerner kantonalbank ag,"1,049",607000000,financial services
,netherlands,3480000000.0,3575000000.0,3847000000,royal boskalis westminster,"7,484",2955000,industries
,italy,4019000000.0,3338000000.0,3846000000,iren spa,"8,000",4908000,utilities
,luxembourg,4080000000.0,4386000000.0,3841000000,grand city properties,800,578000000,real estate
,austria,3677000000.0,3242000000.0,3839000000,vienna insurance group ag,"25,000",10974000,financial services
,switzerland,638000000.0,692000000.0,3824000000,dottikon es holding ag,630,261000000,basic materials
,sweden,2604000000.0,3738000000.0,3820000000,nordic entertainment group ab publ,"1,900",1342000,communication services
,uk,2709000000.0,4051000000.0,3805000000,atlantica yield,,1211000,utilities
,france,2232000000.0,2445000000.0,3803000000,virbac sa,"4,900",1063000,healthcare
,france,86000000.0,2985000000.0,3798000000,altarea,,2981000,real estate
,france,3759000000.0,2993000000.0,3798000000,altarea sca,"1,983",2981000,real estate
,austria,3965000000.0,3491000000.0,3782000000,ca immobilien anlagen ag,,296000000,real estate
,poland,3911000000.0,3279000000.0,3770000000,pge polska grupa energetyczna,"40,141",11073000,utilities
,germany,,,3770000000,dmg mori aktiengesellschaft,"12,160",2263000,industries
,spain,,,3770000000,zardoya otis sa,,889000000,industries
,denmark,2799000000.0,2777000000.0,3761000000,jyske bank a/s,"3,593",1288000,financial services
,uk,3099000000.0,3357000000.0,3741000000,dunelm group,"6,519",1574000,consumer cyclical
,germany,3507000000.0,4700000000.0,3730000000,compugroup medical societas europaea,,1131000,healthcare
,czech republic,3235000000.0,3507000000.0,3720000000,o2 czech republic,"4,993",1655000,communication services
,faroe islands,4482000000.0,4160999999.0,3709000000,p/f bakkafrost,"1,699",747000000,consumer defensive
,uk,,,3707000000,darktrace plc,900,281000000,artificial intelligence
,germany,3582000000.0,3777000000.0,3706000000,prosiebensat1 media se,,4957000,communication services
,spain,3109000000.0,2975000000.0,3679000000,acerinox,"8,331",7396000,basic materials
,sweden,3094000000.0,3198000000.0,3663000000,peab ab publ,"15,000",6246000,industries
,finland,2486000000.0,3732000000.0,3661000000,metsa board oyj,"2,389",2299000,basic materials
,switzerland,3031000000.0,3258000000.0,3659000000,galenica ag,"7,048",4102000,healthcare
,uk,3632000000.0,2646000000.0,3657000000,virgin money uk,"8,613",1793000,financial services
,austria,3873000000.0,3626000000.0,3656000000,oberbank ag,,597000000,financial services
,uk,,2844000000.0,3638000000,londonmetric property,,157000000,real estate
,uk,2734000000.0,2828000000.0,3637000000,bovis homes group,,2137000,consumer cyclical
,finland,2387000000.0,3909000000.0,3631000000,tietoevry corporation,"23,632",3114000,technology
,uk,,10430000000.0,3624000000,thg plc,"7,000",2566000,ecommerce
,belgium,2756000000.0,2611000000.0,3624000000,compagnie d'entreprises cfe sa,,1125000,industries
,germany,2951000000.0,3419000000.0,3624000000,mainova ag,"2,853",3741000,utilities
,sweden,,,3623000000,fortnox ab publ,,99000000,technology
,uk,3403000000.0,3150000000.0,3610000000,jet2 plc,,1450000,industries
,finland,3693000000.0,3874000000.0,3609000000,tietoevry oyj,"23,632",3114000,technology
,uk,,2855000000.0,3592000000,vistry group,"1,227",3130000,real estate
,france,3476000000.0,3991000000.0,3592000000,imerys,"16,300",4833000,basic materials
,france,3288000000.0,3257000000.0,3572000000,sopra steria group sa,"46,000",5164000,technology
,switzerland,1887000000.0,2526000000.0,3564000000,interroll holding ag,,664000000,industries
,russia,2999000000.0,4011999999.0,3556000000,rostelecom,,5261000,communication services
,denmark,4557000000.0,3196000000.0,3545000000,iss a/s,"471,056",10562000,industries
,luxembourg,3661000000.0,3449000000.0,3545000000,reinet investments,,1223000,financial services
,germany,2458000000.0,1833000000.0,3534000000,ks,,3544000,basic materials
,switzerland,4046999999.0,4755000000.0,3531000000,idorsia ltd,,37000000,healthcare
,poland,,,3503000000,bnp paribas bank polska sa,,12388000,financial services
,sweden,4647000000.0,3828000000.0,3501000000,saab ab publ,,4150000,industries
,spain,3173000000.0,2762000000.0,3501000000,corporacion financiera alba,"1,783",259000000,financial services
,switzerland,3149000000.0,3622000000.0,3484000000,allreal holding ag,,598000000,real estate
,finland,589000000.0,1682000000.0,3456000000,qt group oyj,,133000000,technology
,germany,645000000.0,1976000000.0,3452000000,tradegate ag wertpapierhandelsbank,,252000000,financial services
,austria,1254000000.0,1805000000.0,3440000000,pierer mobility ag,"4,586",2040000,consumer cyclical
,france,2153000000.0,2302000000.0,3440000000,rothschild & co sca,"3,500",2761000,financial services
,uk,4061000000.0,3747000000.0,3426000000,quilter,"4,325",6218000,financial services
,germany,2307000000.0,3836000000.0,3426000000,hypoport ag,"2,049",446000000,financial services
,germany,2984000000.0,2681000000.0,3412000000,freenet ag,"4,004",2555000,communication services
,uk,3222000000.0,2965000000.0,3408000000,britvic,"4,460",1864000,consumer defensive
,switzerland,3964000000.0,3423000000.0,3404000000,oc oerlikon corporation ag,,2834000,industries
,sweden,1531000000.0,5592000000.0,3403000000,q-linea ab publ,200,1000000,healthcare
,belgium,13756000000.0,6475000000.0,3397000000,galapagos nv,"1,319",593000000,healthcare
,switzerland,1915000000.0,2207000000.0,3374000000,inficon holding ag,,515000000,technology
,finland,2285000000.0,2656000000.0,3368000000,cargotec corporation,"11,552",3656000,industries
,germany,2427000000.0,2541000000.0,3362000000,krones ag,,3633000,industries
,uk,2500000000.0,2591000000.0,3353000000,onesavings bank,"1,828",,financial services
,france,3666000000.0,3575000000.0,3346000000,gaztransport & technigaz sa,553,347000000,energy
,uk,3492000000.0,3278000000.0,3344000000,hays,"11,377",7760000,industries
,france,3928000000.0,4005000000.0,3310000000,korian,,4754000,healthcare
,netherlands,2108000000.0,2199000000.0,3307000000,basic-fit,"5,110",375000000,consumer cyclical
,sweden,,,3301000000,cint group ab publ,299,138000000,technology
,germany,1658000000.0,1817000000.0,3300000000,kuka,"13,676",3285000,industries
,sweden,2981000000.0,3447000000.0,3297000000,wihlborgs fastigheter ab publ,236,324000000,real estate
,uk,3440000000.0,2753000000.0,3283000000,redrow,"2,368",2284000,real estate
,finland,2484000000.0,2773000000.0,3269000000,konecranes,,3513000,industries
,switzerland,3788000000.0,3542000000.0,3263000000,sulzer ltd,"15,054",3376000,industries
,germany,2400000000.0,2814000000.0,3263000000,durr,,,industries
,sweden,1692000000.0,2633000000.0,3254000000,bure equity ab publ,350,,financial services
,france,6198000000.0,4950000000.0,3253000000,rubis,,4588000,utilities
,france,2299000000.0,2612000000.0,3250000000,fromageries bel sa,,4078000,consumer defensive
,switzerland,2719000000.0,2721000000.0,3242000000,forbo holding ag,"5,317",1342000,industries
,uk,,2892000000.0,3236000000,ninety one,,795000000,asset management
,uk,1562000000.0,2036000000.0,3236000000,drax group,"3,015",6865000,utilities
,switzerland,,,3235000000,softwareone holding ag,,1030999,technology
,uk,3769000000.0,2989000000.0,3229000000,shaftesbury,,149000000,real estate
,germany,3731000000.0,2902000000.0,3193000000,sudzucker ag,"20,129",7596000,consumer defensive
,romania,3340000000.0,2695000000.0,3167000000,sngn romgaz sa,,1306000,energy
,sweden,4102000000.0,3170000000.0,3164000000,intrum ab publ,,1886000,financial services
,uk,,2125000000.0,3158000000,harbourvest global private equity limited,,1056000,asset management
,isle of man,1681000000.0,1806000000.0,3142000000,playtech,,1205000,consumer cyclical
,austria,2734000000.0,2404000000.0,3140000000,immofinanz ag,325,375000000,real estate
,uk,2174000000.0,2848000000.0,3132000000,rws holdings,,921000000,industries
,greece,3148000000.0,2493000000.0,3128000000,national bank of greece,"9,107",2027000,financial services
,uk,2474000000.0,2613000000.0,3119000000,grainger,"23,100",13022000,real estate
,sweden,,,3108000000,vimian group ab publ,,173000000,consumer cyclical
,france,4908000000.0,2664000000.0,3096000000,air france-klm sa,"82,132",15789000,industries
,uk,2658000000.0,3356000000.0,3094000000,countryside properties,,1819000,consumer cyclical
,sweden,2155000000.0,2448000000.0,3089000000,jm ab publ,,1659000,consumer cyclical
,uk,1884000000.0,2846000000.0,3089000000,pets at home group,,1551000,consumer cyclical
,uk,9680000000.0,4274000000.0,3087000000,technipfmc,"37,966",6403000,energy
,sweden,551000000.0,1649000000.0,3077000000,mips ab publ,,64000000,consumer cyclical
,uk,486000000.0,3668000000.0,3077000000,itm power,190,5000000,technology
,sweden,1461000000.0,2209000000.0,3076000000,arjo ab publ,,961000000,healthcare
,uk,1985000000.0,2013999999.0,3070000000,ultra electronics holdings,"4,500",1000999,industries
,uk,,,3069000000,the schiehallion fund limited,,37000000,financial services
,italy,2668000000.0,2555000000.0,3061000000,bper banca,"13,550",,financial services
,russia,2321000000.0,3618000000.0,3061000000,sistema public joint stock financial corporation,,13186000,conglomerate
,sweden,1542000000.0,1829000000.0,3059000000,nyfosa ab publ,67,261000000,real estate
,russia,2547000000.0,2498000000.0,3059000000,credit bank of moscow public joint-stock company,"9,000",,financial services
,uk,,3157000000.0,3051000000,worldwide healthcare trust,333,-155 million usd,investments
,russia,4402000000.0,4751000000.0,3047000000,rosseti,,16457999,utilities
,greece,3355000000.0,1812000000.0,3045000000,alpha bank,"10,528",-257 million usd,financial services
,switzerland,744000000.0,1428000000.0,3039000000,swissquote group holding ltd,,568000000,financial services
,sweden,1680000000.0,2691000000.0,3030000000,nolato ab publ,,1231000,industries
,luxembourg,1459000000.0,2129000000.0,3027000000,befesa,"1,137",821000000,industries
,switzerland,1671000000.0,2204000000.0,3015000000,lem holding sa,,321000000,technology
,france,1956000000.0,2271000000.0,3013000000,argan sa,,173000000,real estate
,denmark,2855000000.0,2585000000.0,3009000000,dfds a/s,"8,213",2645000,industries
,finland,,,3004000000,outokumpu oyj,"9,915",8503000,basic materials
,sweden,2643000000.0,3400000000.0,2997000000,af poyry ab publ,"17,000",2131000,industries
,netherlands,4564000000.0,2641000000.0,2991000000,veon,"46,492",7786000,communication services
,austria,2614000000.0,2361000000.0,2989000000,osterreichische post ag,,2778000,industries
,uk,1430000000.0,,2985000000,valaris,"4,500",1451000,energy
,russia,5159000000.0,3671000000.0,2985000000,public joint stock oil company bashneft,,13435000,energy
,uk,3615000000.0,6529000000.0,2984000000,asos,"3,824",5189000,consumer cyclical
,france,3863000000.0,2881000000.0,2979000000,covivio hotels societe anonyme,,1107000,real estate
,spain,2812000000.0,2758000000.0,2978000000,gestamp automocion,,8925000,consumer cyclical
,italy,860000000.0,1939000000.0,2970000000,sesa,,2361000,technology
,uk,,2181000000.0,2963000000,caledonia investments,,728000000,investments
,switzerland,,,2958000000,bystronic ag,,,industries
,uk,3189000000.0,2848000000.0,2954000000,close brothers group,"3,000",1204000,financial services
,spain,2465000000.0,3277000000.0,2953000000,viscofan,"4,609",1069000,consumer cyclical
,spain,3353000000.0,3548000000.0,2944000000,ebro foods,,2677000,consumer defensive
,sweden,6650000000.0,3333000000.0,2943000000,hufvudstaden ab publ,,280000000,real estate
,france,5055000000.0,3305000000.0,2928000000,casino guichard-perrachon societe anonyme,,34251000,consumer defensive
,romania,,,2921000000,fondul proprietatea sa,,1143000,financial services
,switzerland,1491000000.0,1961000000.0,2918000000,medacta group sa,,400000000,healthcare
,sweden,4409000000.0,3229000000.0,2912000000,pandox ab publ,,347000000,consumer cyclical
,spain,2826000000.0,3275000000.0,2905000000,vidrala,"3,500",1196000,consumer cyclical
,sweden,830000000.0,1392000000.0,2898000000,troax group ab publ,,278000000,industries
,france,787000000.0,143000000.0,2890000000,europcar mobility group,"8,999",0,industries
,austria,3137000000.0,2393000000.0,2888000000,uniqa insurance group ag,,,financial services
,france,2153000000.0,2412000000.0,2884000000,ramsay generale de sante sa,,4021000,healthcare
,italy,1589000000.0,2333000000.0,2883000000,carel industries,,333000000,technology
,switzerland,2776000000.0,2780000000.0,2878000000,st galler kantonalbank ag,,514000000,financial services
,uk,,2679000000.0,2872000000,mercantile investment trust the,,314000000,asset management
,netherlands,3838000000.0,3725000000.0,2871000000,sbm offshore,"4,507",3672000,energy
,denmark,1402000000.0,1857000000.0,2871000000,alm brand a/s,"1,725",781000000,financial services
,spain,1800000000.0,1376000000.0,2871000000,unicaja banco,,,financial services
,uk,2859000000.0,2780000000.0,2870000000,victrex,900,413000000,basic materials
,ireland,1290000000.0,2907000000.0,2867000000,keywords studios,,512000000,communication services
,uk,1234000000.0,2043000000.0,2861000000,kainos group,,356000000,technology
,germany,2613000000.0,3020000000.0,2853000000,software ag,,919000000,technology
,italy,1575000000.0,2321000000.0,2851000000,falck renewables,,627000000,utilities
,luxembourg,5101000000.0,3925000000.0,2847000000,millicom international cellular,"22,000",4617000,communication services
,germany,2449000000.0,3355000000.0,2845000000,gerresheimer ag,"9,872",1652000,healthcare
,uk,4824000000.0,4202000000.0,2844000000,ashmore group,,299000000,financial services
,uk,,,2837000000,paysafe limited,,1487000,technology
,uk,,,2828000000,templeton emerging markets investment trust plc,,1257000,financial services
,sweden,2081000000.0,2693000000.0,2825000000,bravida holding ab publ,,2319000,industries
,uk,,2702000000.0,2823000000,wh smith,"14,321",1176000,retail
,poland,2467000000.0,2333000000.0,2818000000,orange polska,,2813000,communication services
,germany,2097000000.0,2037999999.0,2818000000,mvv energie ag,,4669000,utilities
,germany,,,2816000000,nagarro se,,546000000,technology
,belgium,2896000000.0,2929000000.0,2805000000,solvac,,329000000,basic materials
,germany,2118000000.0,2612000000.0,2804000000,kws saat se & co kgaa,"5,709",1310000,consumer defensive
,iceland,3399000000.0,3356000000.0,2801000000,ossur,"4,000",718000000,healthcare
,france,3784000000.0,2595000000.0,2792000000,eutelsat communications,,1233000,technology
,uk,3904000000.0,2439000000.0,2789000000,ssp group,"39,549",1107000,consumer cyclical
,russia,4048000000.0,3817000000.0,2780000000,federal grid company of unified energy system,,3900000,utilities
,germany,,,2776000000,h&k ag,,,industries
,netherlands,1863000000.0,3329000000.0,2773000000,corbion,"2,267",1180000,basic materials
,portugal,3556000000.0,2267000000.0,2773000000,banco comercial portugues,,,financial services
,uk,,2799000000.0,2770000000,assura,,160000000,real estate
,uk,2233000000.0,2009999999.0,2768000000,pagegroup,,1935000,industries
,luxembourg,3439000000.0,2543000000.0,2767000000,samsonite international,"14,500",2020000,consumer cyclical
,uk,,2666000000.0,2759000000,finsbury growth & income trust,,279000000,asset management
,portugal,,,2759000000,the navigator company sa,,1595000,paper and pulp
,belgium,1729000000.0,1900000000.0,2753000000,nv bekaert sa,,5337000,industries
,russia,2795000000.0,2245000000.0,2748000000,nizhnekamskneftekhim,,2527000,basic materials
,netherlands,1817000000.0,1262000000.0,2738000000,cnova,,2389000,consumer cyclical
,sweden,3292000000.0,2711000000.0,2737000000,atrium ljungberg ab publ,,328000000,real estate
,uk,2325000000.0,2530000000.0,2733000000,cranswick,"6,988",2365000,consumer defensive
,norway,645000000.0,1170000000.0,2731000000,arendals fossekompani asa,,476000000,utilities
,malta,14605000000.0,22595000000.0,2729000000,kindred group,"1,564",1671000,consumer cyclical
,sweden,898000000.0,1468000000.0,2727000000,hnetworks ab publ,,209000000,technology
,uk,,2757000000.0,2721000000,primary health properties,,192000000,real estate
,sweden,1107000000.0,1868000000.0,2714000000,lagercrantz group ab publ,,517000000,technology
,uk,,1735000000.0,2710000000,hg capital trust,,803000000,asset management
,france,2514000000.0,2684000000.0,2703000000,robertet sa,,606000000,basic materials
,germany,1028999999.0,1953000000.0,2702000000,secunet security networks,,337000000,technology
,malta,,,2689000000,unibet group plc,,,consumer cyclical
,switzerland,2957000000.0,2338000000.0,2673000000,dormakaba holding ag,,2861000,industries
,norway,1161000000.0,1127000000.0,2671000000,wallenius wilhelmsen asa,,3884000,industries
,uk,2181000000.0,1868000000.0,2668000000,savills,,0,real estate
,france,,,2667000000,technip energies nv,,7096000,energy
,spain,3015000000.0,2548000000.0,2653000000,compania de distribucion integral logista holdings,,11930000,industries
,france,1847000000.0,1958000000.0,2648000000,constellium se,,6150000,basic materials
,switzerland,980000000.0,1723000000.0,2647000000,comet holding ag,,549000000,technology
,denmark,867000000.0,1785000000.0,2638000000,bavarian nordic a/s,,255000000,healthcare
,germany,,,2631000000,encavis ag,,332000000,utilities
,uk,1945000000.0,2027000000.0,2620000000,domino's pizza group,,743000000,consumer cyclical
,germany,7101000000.0,10737000000.0,2617000000,teamviewer ag,"1,200",553000000,technology
,germany,1464000000.0,2013000000.0,2610000000,gag immobilien ag,,390000000,real estate
,france,2794000000.0,2387000000.0,2600000000,nexity sa,,4467000,real estate
,sweden,1851000000.0,2225000000.0,2598000000,fastpartner ab publ,,175000000,real estate

